customer.id,credit.policy,purpose,int.rate,installment,log.annual.inc,dti,fico,days.with.cr.line,revol.bal,revol.util,inq.last.6mths,delinq.2yrs,pub.rec,not.fully.paid,Status
10001,1,debt_consolidation,0.1189,829.1,11.35040654,19.48,737,5639.958333,28854.0,52.1,0.0,0,0,0,Approved
10002,1,credit_card,0.1071,228.22,11.08214255,14.29,707,2760.0,33623.0,76.7,0.0,0,0,0,Approved
10003,1,debt_consolidation,0.1357,366.86,10.37349118,11.63,682,4710.0,3511.0,25.6,1.0,0,0,0,Review
10004,1,debt_consolidation,0.1008,162.34,11.35040654,8.1,712,2699.958333,33667.0,73.2,1.0,0,0,0,Approved
10005,1,credit_card,0.1426,102.92,11.29973224,14.97,667,4066.0,4740.0,39.5,0.0,1,0,0,Review
10006,1,credit_card,0.0788,125.13,11.90496755,16.98,727,6120.041667,50807.0,51,0.0,0,0,0,Approved
10007,1,debt_consolidation,0.1496,194.02,10.71441777,4,667,3180.041667,3839.0,76.8,0.0,0,1,1,Review
10008,1,all_other,0.1114,131.22,11.00209984,11.08,722,5116.0,24220.0,68.6,0.0,0,0,1,Approved
10009,1,home_improvement,0.1134,87.19,11.40756495,17.25,682,3989.0,69909.0,51.1,1.0,0,0,0,Review
10010,1,debt_consolidation,0.1221,84.12,10.20359214,10,707,2730.041667,5630.0,23,1.0,0,0,0,Approved
10011,1,debt_consolidation,0.1347,360.43,10.4341158,22.09,677,6713.041667,13846.0,71,2.0,0,1,0,Review
10012,1,debt_consolidation,0.1324,253.58,11.83500896,9.16,662,4298.0,5122.0,18.2,2.0,1,0,0,Review
10013,1,debt_consolidation,0.0859,316.11,10.93310697,15.49,767,6519.958333,6068.0,16.7,0.0,0,0,0,Approved
10014,1,small_business,0.0714,92.82,11.51292546,6.5,747,4384.0,3021.0,4.8,0.0,1,0,0,Approved
10015,1,debt_consolidation,0.0863,209.54,9.487972109,9.73,727,1559.958333,6282.0,44.6,0.0,0,0,0,Approved
10016,1,major_purchase,0.1103,327.53,10.73891524,13.04,702,8159.958333,5394.0,53.4,1.0,0,0,0,Approved
10017,1,all_other,0.1317,77.69,10.52277288,2.26,672,3895.958333,2211.0,88.4,0.0,0,0,0,Review
10018,1,credit_card,0.0894,476.58,11.60823564,7.07,797,6510.958333,7586.0,52.7,1.0,0,0,0,Approved
10019,1,debt_consolidation,0.1039,584.12,10.49127422,3.8,712,2760.0,8311.0,59.8,0.0,0,0,0,Approved
10020,1,major_purchase,0.1513,173.65,11.00209984,2.74,667,1126.958333,591.0,84.4,3.0,0,0,0,Review
10021,1,all_other,0.08,188.02,11.22524339,16.08,772,4888.958333,29797.0,23.2,1.0,0,0,0,Approved
10022,1,all_other,0.0863,474.42,10.81977828,2.59,797,11951.0,5656.0,27.6,0.0,0,0,0,Approved
10023,1,credit_card,0.1355,339.6,11.51292546,7.94,662,1939.958333,21162.0,57.7,0.0,0,0,0,Review
10024,1,credit_card,0.0788,484.85,11.73606902,7.05,782,5640.041667,16931.0,34.6,1.0,0,0,0,Approved
10025,1,debt_consolidation,0.1229,320.19,11.26446411,8.8,672,3760.958333,4822.0,58.1,0.0,0,1,0,Review
10026,1,all_other,0.0901,159.03,12.4292162,10,712,1553.958333,14354.0,36.6,0.0,2,0,0,Approved
10027,1,all_other,0.0743,155.38,11.08214255,0.28,802,4649.958333,1576.0,5.7,1.0,0,0,0,Approved
10028,1,debt_consolidation,0.1375,255.43,9.998797732,14.29,662,1318.958333,4175.0,51.5,0.0,1,0,0,Review
10029,1,all_other,0.0743,155.38,12.20607265,0.28,772,4516.958333,3164.0,13.7,0.0,0,0,0,Approved
10030,1,all_other,0.0743,155.38,12.20607265,3.72,812,6778.958333,85607.0,0.7,0.0,0,0,0,Approved
10031,1,debt_consolidation,0.0807,156.84,11.51292546,2.3,742,3148.958333,9698.0,19.4,0.0,0,0,0,Approved
10032,1,credit_card,0.1028,275.38,9.798127037,6.4,692,7469.958333,8847.0,26.9,1.0,1,0,0,Review
10033,1,home_improvement,0.0743,155.38,11.91839057,0,777,7128.958333,6053.0,19.5,0.0,0,0,0,Approved
10034,1,home_improvement,0.0807,78.42,11.60823564,11.33,762,6059.958333,7274.0,13.1,0.0,0,0,0,Approved
10035,1,credit_card,0.087,158.3,11.22524339,15.55,757,4770.0,66033.0,23,0.0,0,0,0,Approved
10036,1,all_other,0.0743,155.38,11.46163217,3.83,772,2535.0,3660.0,6.8,0.0,0,0,0,Approved
10037,1,credit_card,0.0743,155.38,11.35040654,0.31,787,3540.0,216.0,0.6,0.0,0,0,0,Approved
10038,1,credit_card,0.1122,164.23,11.28978191,1.21,672,3990.0,27185.0,16.1,3.0,0,1,0,Review
10039,1,debt_consolidation,0.0996,161.25,10.77895629,8.03,707,4320.0,28329.0,48.6,1.0,0,0,0,Approved
10040,1,home_improvement,0.0933,159.77,12.10071213,11.93,717,4498.958333,60568.0,39.2,1.0,0,0,0,Approved
10041,1,home_improvement,0.0807,156.84,12.10071213,5.55,742,4019.0,40934.0,26.3,0.0,0,0,0,Approved
10042,1,debt_consolidation,0.0743,155.38,11.69524702,2.29,777,3540.0,8379.0,16.9,0.0,0,0,0,Approved
10043,1,small_business,0.087,94.98,10.1266311,14.54,752,2460.0,3660.0,7.8,1.0,0,0,0,Approved
10044,1,home_improvement,0.1028,97.2,12.20607265,0,677,3779.958333,0.0,0,0.0,1,0,0,Review
10045,1,credit_card,0.1122,164.23,10.30895266,18.64,702,5190.0,15840.0,47.1,0.0,0,0,0,Approved
10046,1,credit_card,0.0838,167.02,11.21182037,14.37,797,5610.958333,6844.0,14.4,0.0,0,0,0,Approved
10047,1,educational,0.0775,168.6,8.987196821,3,762,6659.958333,1321.0,16.5,0.0,0,0,0,Approved
10048,1,all_other,0.0838,160.72,10.37349118,14.78,772,4379.0,4737.0,23.9,0.0,0,0,0,Approved
10049,1,credit_card,0.0901,159.03,11.19821472,9.96,722,3089.958333,23489.0,37.6,0.0,0,0,0,Approved
10050,1,debt_consolidation,0.0743,178.69,11.73606902,0.27,792,7488.958333,2817.0,10.2,0.0,0,0,0,Approved
10051,1,credit_card,0.0743,155.38,10.71441777,1.12,782,5807.0,1783.0,0,1.0,0,0,0,Approved
10052,1,small_business,0.1028,323.98,10.217422,10.7,712,1379.0,3534.0,54.4,0.0,0,0,0,Approved
10053,1,small_business,0.1059,813.65,10.77895629,4.05,762,2729.958333,2422.0,23.3,0.0,0,0,0,Approved
10054,1,educational,0.0996,112.87,9.510444964,16.44,712,1649.958333,2864.0,41.1,1.0,0,0,0,Approved
10055,1,debt_consolidation,0.1596,94.88,10.86283777,12.57,627,1409.0,3075.0,92.3,1.0,0,0,0,High Risk
10056,1,small_business,0.1059,398.69,11.00209984,17.12,747,14008.95833,17214.0,8.1,2.0,1,0,0,Approved
10057,1,credit_card,0.1154,39.6,9.903487553,2.04,662,1139.0,1153.0,75.8,2.0,0,0,0,Review
10058,1,credit_card,0.1343,678.08,11.88448902,10.15,682,4209.958333,41674.0,74.1,0.0,0,0,1,Review
10059,1,credit_card,0.1249,401.37,11.22524339,15,682,4479.0,43039.0,93.4,3.0,0,0,0,Review
10060,1,all_other,0.0964,205.45,11.00209984,7.72,712,2293.958333,3362.0,69.3,0.0,0,0,0,Approved
10061,1,debt_consolidation,0.1186,397.75,11.08214255,7.14,682,8730.0,11868.0,71.9,0.0,2,0,0,Review
10062,1,all_other,0.0743,155.38,10.59663473,2.55,772,8189.958333,2562.0,14,2.0,0,0,0,Approved
10063,1,all_other,0.1028,113.39,9.903487553,1.5,682,1410.0,1882.0,32.4,0.0,0,0,0,Review
10064,1,debt_consolidation,0.1186,99.44,10.49551521,7.47,667,2550.0,1064.0,70.9,2.0,0,1,0,Review
10065,1,credit_card,0.0807,109.79,11.49272276,8.52,752,4979.958333,6432.0,6,0.0,1,0,0,Approved
10066,1,all_other,0.1059,32.55,10.43382164,14.47,687,1110.0,4485.0,36.9,1.0,0,0,1,Review
10067,1,all_other,0.0996,112.87,11.26446411,11.06,702,4979.958333,16310.0,20.5,0.0,1,0,0,Approved
10068,1,debt_consolidation,0.0964,160.51,11.77528973,8.55,712,5940.0,20969.0,40.2,0.0,0,0,0,Approved
10069,1,debt_consolidation,0.1375,340.57,10.46310334,17.38,707,2699.958333,22213.0,65.9,0.0,0,0,0,Approved
10070,1,home_improvement,0.0775,156.11,12.32385568,6.48,752,5339.958333,2160.0,2.3,1.0,0,0,0,Approved
10071,1,credit_card,0.0743,155.38,11.15625052,4.56,812,9809.0,813.0,1,0.0,0,0,0,Approved
10072,1,home_improvement,0.0807,235.25,11.91839057,2.72,757,5202.0,23678.0,24.4,4.0,0,0,0,Approved
10073,1,debt_consolidation,0.0996,257.99,10.77895629,15.13,722,2640.0,11289.0,47.8,3.0,0,0,0,Approved
10074,1,small_business,0.1501,225.37,12.26904744,6.45,677,6240.0,56411.0,75.3,0.0,0,0,1,Review
10075,1,home_improvement,0.0964,80.26,11.22524339,20,772,4920.958333,269.0,3.8,3.0,0,0,1,Approved
10076,1,home_improvement,0.128,84.0,10.37349118,20,682,5492.0,3408.0,35.1,1.0,0,0,1,Review
10077,1,debt_consolidation,0.1122,507.46,10.59663473,13.5,712,5368.958333,6513.0,34.3,3.0,0,1,1,Approved
10078,1,educational,0.0743,124.31,10.59663473,3.45,772,1739.958333,330.0,11,0.0,0,0,0,Approved
10079,1,credit_card,0.087,63.32,11.15625052,6.07,712,2550.0,5967.0,19.8,1.0,0,0,0,Approved
10080,1,all_other,0.1091,130.79,9.798127037,18,707,2192.0,5533.0,79.6,1.0,0,0,0,Approved
10081,1,home_improvement,0.0775,93.67,11.73606902,2.14,762,8370.0,21050.0,1,0.0,0,0,0,Approved
10082,1,all_other,0.0775,93.67,10.81977828,5.35,762,8370.0,21050.0,0.7,0.0,0,0,0,Approved
10083,1,all_other,0.087,88.65,11.69524702,15,742,3026.0,8155.0,14.9,1.0,0,0,0,Approved
10084,1,all_other,0.0964,128.41,11.51292546,15,722,3026.0,8155.0,14.9,1.0,0,0,0,Approved
10085,1,home_improvement,0.087,94.98,11.03488966,12.23,737,2729.958333,3678.0,30.7,0.0,0,0,0,Approved
10086,1,debt_consolidation,0.1217,179.8,10.46310334,7.1,662,2944.0,2040.0,36.2,2.0,0,0,0,Review
10087,1,credit_card,0.1533,444.05,11.00209984,19.52,667,2700.958333,33074.0,68.8,2.0,0,0,0,Review
10088,1,all_other,0.0775,124.89,11.03165864,3.46,747,2519.0,1918.0,17.1,0.0,0,0,0,Approved
10089,1,credit_card,0.1533,644.3,11.40756495,5.24,662,1770.0,22379.0,62.2,0.0,0,0,0,Review
10090,1,small_business,0.0964,642.02,11.47210347,2.86,737,2190.0,10296.0,42.5,0.0,0,0,1,Approved
10091,1,small_business,0.1154,104.76,9.61580548,12.24,672,1289.958333,2867.0,55.1,3.0,0,0,1,Review
10092,1,debt_consolidation,0.1122,157.66,10.30895266,12.36,682,1770.0,12310.0,86.1,0.0,0,0,0,Review
10093,1,debt_consolidation,0.087,383.87,11.91839057,4.8,767,13349.95833,61921.0,39.1,0.0,0,0,0,Approved
10094,1,credit_card,0.1122,217.6,11.38509209,18,702,3725.0,16738.0,26.1,2.0,0,0,0,Approved
10095,1,all_other,0.0807,297.99,11.05089001,3.49,792,5939.0,40384.0,9.2,1.0,0,0,0,Approved
10096,1,debt_consolidation,0.0775,156.11,10.71441777,5,762,2131.0,1359.0,5.6,2.0,0,0,0,Approved
10097,1,debt_consolidation,0.1154,329.95,12.32385568,20,727,10292.0,107501.0,44.8,2.0,0,0,0,Approved
10098,1,all_other,0.0807,313.67,12.06104687,0.72,787,8010.0,3054.0,5.6,3.0,0,0,0,Approved
10099,1,all_other,0.0807,297.99,11.40756495,2.44,792,8717.958333,40384.0,9.6,0.0,0,0,0,Approved
10100,1,home_improvement,0.0933,239.65,11.44035477,9.66,792,4529.0,128000.0,0,3.0,0,0,0,Approved
10101,1,debt_consolidation,0.0712,61.87,11.6784399,0.43,772,5936.0,4709.0,18.5,0.0,0,0,0,Approved
10102,1,all_other,0.1186,94.47,10.71441777,2.8,667,5460.0,2850.0,75,0.0,1,0,0,Review
10103,1,small_business,0.1501,73.68,11.47210347,16.89,702,4080.0,51.0,0,0.0,0,0,1,Approved
10104,1,home_improvement,0.0807,313.67,11.91839057,5.84,792,5364.958333,37152.0,3.7,0.0,0,0,0,Approved
10105,1,debt_consolidation,0.0933,543.2,11.22524339,9.55,762,5699.958333,3839.0,16.6,1.0,0,0,0,Approved
10106,1,home_improvement,0.0807,313.67,11.35040654,3.11,797,5363.958333,37152.0,3.7,0.0,0,0,0,Approved
10107,1,credit_card,0.1217,266.37,11.15625052,10.2,672,3598.958333,26283.0,39.5,0.0,1,0,1,Review
10108,1,debt_consolidation,0.1028,210.6,10.71441777,5.87,692,1741.958333,5607.0,42.2,0.0,0,0,0,Review
10109,1,all_other,0.1249,234.15,10.04324949,5.01,662,1110.0,1061.0,81.9,3.0,0,0,0,Review
10110,1,debt_consolidation,0.1028,323.99,11.69524702,14.4,722,4679.958333,56740.0,77.5,1.0,0,0,0,Approved
10111,1,credit_card,0.1059,235.96,10.95080655,7.22,1712,5519.0,40598.0,77.3,1.0,0,0,0,Approved
10112,1,debt_consolidation,0.1438,352.22,11.1844214,17.83,687,1289.958333,3815.0,6.5,1.0,0,0,0,Review
10113,1,all_other,0.0743,117.31,11.69524702,0,772,3929.958333,0.0,0,1.0,0,0,0,Approved
10114,1,debt_consolidation,0.0712,64.96,11.60823564,0.22,812,16213.0,50.0,0.3,0.0,0,0,0,Approved
10115,1,small_business,0.1565,699.69,11.42954386,1.53,667,3603.958333,4569.0,56.4,1.0,0,0,0,Review
10116,1,educational,0.1059,195.27,9.852194258,8.15,692,3089.958333,8528.0,86.1,0.0,0,0,0,Review
10117,1,credit_card,0.1122,295.59,10.3859137,22.15,747,2788.958333,14345.0,45.8,0.0,0,0,0,Approved
10118,1,small_business,0.1122,217.59,10.81977828,18.38,707,3359.0,113.0,2.4,1.0,0,0,0,Approved
10119,1,debt_consolidation,0.1375,263.09,11.03811028,9.8,677,3089.958333,12231.0,81,3.0,0,0,1,Review
10120,1,debt_consolidation,0.1467,248.43,10.95080655,20.76,667,3750.0,13552.0,69.1,0.0,1,0,0,Review
10121,1,credit_card,0.1028,194.4,11.37710574,10.6,692,2489.958333,16813.0,63.9,0.0,0,0,0,Review
10122,1,debt_consolidation,0.1249,301.04,10.57131693,5.08,667,3690.0,26233.0,62.9,3.0,0,1,1,Review
10123,1,all_other,0.0743,163.92,11.35040654,2.64,782,9210.0,5760.0,16,0.0,0,0,0,Approved
10124,1,all_other,0.1028,150.66,10.727663,3.26,687,6509.958333,105.0,35,1.0,1,0,1,Review
10125,1,debt_consolidation,0.1122,217.59,10.9525594,13.77,682,2160.0,11490.0,95.7,0.0,0,0,0,Review
10126,1,home_improvement,0.1312,85.23,10.59663473,20.67,692,5250.0,17641.0,30.5,3.0,1,0,0,Review
10127,1,all_other,0.1122,328.43,10.30895266,20.4,742,3270.0,0.0,0,3.0,0,0,0,Approved
10128,1,all_other,0.0807,165.47,10.91508846,12,797,8790.0,12430.0,19.2,1.0,0,0,0,Approved
10129,1,debt_consolidation,0.1091,140.6,10.49127422,9.87,707,1560.0,12323.0,44,0.0,0,0,0,Approved
10130,1,all_other,0.1028,98.01,11.40756495,9.13,697,3300.0,38624.0,97.8,0.0,0,0,0,Review
10131,1,small_business,0.1217,166.48,9.210340372,0,662,2250.0,875.0,54.7,2.0,1,0,1,Review
10132,1,small_business,0.1249,284.32,11.35040654,6.38,667,7229.958333,1196.0,12,3.0,4,0,0,Review
10133,1,small_business,0.1438,194.15,13.08154138,2.4,697,2759.958333,26628.0,60.4,3.0,1,0,0,Review
10134,1,all_other,0.1028,138.51,10.34174248,24.81,767,5789.958333,6752.0,24.6,2.0,0,0,0,Approved
10135,1,debt_consolidation,0.1249,70.25,9.433483923,14.4,662,1469.0,458.0,91.6,1.0,0,0,1,Review
10136,1,credit_card,0.0838,252.1,11.56171563,9.71,752,3508.958333,16786.0,44.7,0.0,0,0,0,Approved
10137,1,all_other,0.0901,263.19,11.69524702,12.16,742,9719.958333,7336.0,29.9,0.0,0,0,0,Approved
10138,1,all_other,0.0933,104.65,11.03488966,3.83,702,3690.0,7089.0,41.9,1.0,0,0,0,Approved
10139,1,debt_consolidation,0.0807,172.53,10.89673933,6.29,742,5100.0,18388.0,68.9,0.0,0,0,0,Approved
10140,1,credit_card,0.0996,38.7,10.37349118,1.13,677,1920.0,613.0,76.6,2.0,0,0,0,Review
10141,1,educational,0.1249,100.35,10.2791805,12.77,662,1110.0,566.0,51.5,3.0,1,0,1,Review
10142,1,debt_consolidation,0.128,335.98,10.50232405,18.92,682,2219.0,9166.0,50.4,1.0,0,0,0,Review
10143,1,all_other,0.1091,163.49,10.57131693,11.78,707,4889.0,5406.0,33.4,0.0,0,1,1,Approved
10144,1,all_other,0.0996,32.25,10.46310334,5.83,687,2158.958333,1188.0,3,2.0,0,0,1,Review
10145,1,educational,0.0996,96.75,9.798127037,15.4,707,11248.95833,12003.0,40.4,1.0,0,0,0,Approved
10146,1,all_other,0.1059,72.42,11.00209984,8.14,707,4800.0,20511.0,62,1.0,0,0,1,Approved
10147,1,small_business,0.0964,90.68,11.15625052,18,732,3691.0,55720.0,10,2.0,0,0,0,Approved
10148,1,all_other,0.0807,259.58,10.79957558,9.89,772,9870.0,7744.0,17.1,0.0,0,0,0,Approved
10149,1,all_other,0.0964,169.32,11.15625052,17.57,737,5429.958333,51761.0,38,1.0,0,0,0,Approved
10150,1,credit_card,0.1154,205.4,10.71441777,17.76,717,1500.0,579.0,23.2,0.0,0,0,0,Approved
10151,1,debt_consolidation,0.1312,162.01,11.35040654,16.87,707,9059.958333,34776.0,54.3,0.0,0,0,1,Approved
10152,1,debt_consolidation,0.1028,226.8,10.92233487,10.05,692,1890.0,8047.0,33.8,0.0,0,0,0,Review
10153,1,all_other,0.1059,162.73,9.61580548,24.4,737,3209.958333,0.0,0,3.0,0,0,0,Approved
10154,1,debt_consolidation,0.1154,158.38,10.1266311,18.19,672,2586.0,409.0,81.8,0.0,1,0,0,Review
10155,1,small_business,0.0901,795.11,10.95080655,8.93,822,9696.958333,185.0,0.5,0.0,0,0,0,Approved
10156,1,debt_consolidation,0.0996,158.83,11.33857208,4.84,727,6330.0,48251.0,50.1,2.0,0,0,0,Approved
10157,1,all_other,0.1028,97.2,10.54534144,19.93,687,2580.0,772.0,96.5,0.0,0,0,0,Review
10158,1,debt_consolidation,0.1154,263.97,10.81977828,8.04,672,3089.0,1019.0,4.5,1.0,1,0,0,Review
10159,1,small_business,0.1091,404.62,10.75177778,16.39,692,5640.0,8332.0,39.9,2.0,0,0,0,Review
10160,1,all_other,0.0775,307.53,11.15625052,9.09,797,6089.958333,1790.0,4.5,1.0,0,0,0,Approved
10161,1,debt_consolidation,0.128,839.95,11.22524339,24.85,722,6330.0,62739.0,74.7,3.0,0,0,1,Approved
10162,1,all_other,0.1059,269.31,11.59910316,24.01,767,4665.958333,29901.0,71.2,2.0,0,0,1,Approved
10163,1,debt_consolidation,0.1186,265.18,10.858999,11.31,667,1560.0,5867.0,74.3,1.0,0,0,0,Review
10164,1,home_improvement,0.0964,802.47,11.26446411,0.8,732,2129.958333,10605.0,22.1,1.0,0,0,0,Approved
10165,1,debt_consolidation,0.1091,505.16,11.69524702,16.97,697,9659.0,57196.0,44.5,3.0,0,0,1,Review
10166,1,home_improvement,0.0901,318.05,12.52452638,2.97,712,4919.0,481.0,80.2,2.0,0,0,1,Approved
10167,1,educational,0.0838,315.12,10.30895266,4.2,737,1560.0,2282.0,19,1.0,0,0,0,Approved
10168,1,all_other,0.1091,130.79,9.574983486,8.92,672,1140.0,3614.0,61.3,1.0,0,0,0,Review
10169,1,debt_consolidation,0.1059,227.82,11.05879518,8.5,682,6839.958333,14930.0,79,1.0,0,1,0,Review
10170,1,credit_card,0.0996,643.36,11.66134547,13.07,727,10529.95833,33989.0,82.9,0.0,0,0,0,Approved
10171,1,all_other,14.7,51.78,10.1266311,3.84,632,1530.0,1238.0,61.9,1.0,1,0,0,High Risk
10172,1,educational,0.0901,572.48,10.62132735,15.37,747,7500.0,4746.0,18.5,2.0,0,0,0,Approved
10173,1,all_other,0.0775,149.87,9.952277717,6.34,752,3029.0,3470.0,25.5,0.0,0,0,0,Approved
10174,1,all_other,0.0996,96.75,11.03488966,11.98,682,1799.0,12640.0,83.2,0.0,0,0,0,Review
10175,1,home_improvement,0.0712,92.8,11.44035477,0,1812,8250.0,368.0,1.2,0.0,0,0,0,Approved
10176,1,credit_card,0.1091,192.09,11.09741002,19.82,677,4290.0,30597.0,89.5,1.0,1,0,0,Review
10177,1,all_other,0.1154,593.92,10.20359214,10.8,682,5050.0,8537.0,75.5,0.0,0,0,0,Review
10178,1,debt_consolidation,0.1091,392.36,10.46310334,15.74,692,1500.041667,15649.0,54.5,2.0,0,0,0,Review
10179,1,educational,0.0775,156.11,10.858999,9.55,767,12960.04167,4067.0,7.3,0.0,0,0,0,Approved
10180,1,debt_consolidation,0.1028,155.52,10.46310334,7.51,687,2795.0,5836.0,68.7,0.0,0,1,0,Review
10181,1,credit_card,0.1028,485.99,11.38509209,11.95,702,5070.0,24615.0,94.7,0.0,0,0,0,Approved
10182,1,all_other,0.1028,116.64,10.30895266,7.88,687,5130.041667,7600.0,71.7,0.0,0,1,0,Review
10183,1,debt_consolidation,0.1122,223.34,10.83958091,18.68,682,1889.041667,9495.0,87.9,2.0,0,0,1,Review
10184,1,credit_card,0.0775,149.87,9.903487553,10.26,757,6330.041667,4921.0,30.4,0.0,0,0,0,Approved
10185,1,educational,0.1154,211.17,11.46163217,1.83,667,3421.041667,11200.0,23.2,1.0,0,0,0,Review
10186,1,debt_consolidation,0.0743,186.45,11.13730067,6.11,777,7440.041667,2444.0,5.6,3.0,0,0,0,Approved
10187,1,debt_consolidation,0.0933,790.86,11.00209984,0.82,767,2100.0,916.0,6.8,0.0,0,0,0,Approved
10188,1,small_business,0.0901,795.11,13.33100224,3.83,782,3660.0,148829.0,6.6,5.0,0,0,1,Approved
10189,1,credit_card,0.087,126.65,10.69194491,18.71,747,3630.0,3209.0,12.6,0.0,0,0,0,Approved
10190,1,credit_card,0.1091,294.27,11.28978191,17.17,677,3840.041667,7570.0,82.3,0.0,0,0,0,Review
10191,1,debt_consolidation,0.1091,404.62,11.28978191,9.23,687,2519.0,13126.0,96.5,0.0,0,1,0,Review
10192,1,debt_consolidation,0.1186,397.77,11.91839057,20.48,687,4452.041667,66654.0,51.6,1.0,0,0,0,Review
10193,1,debt_consolidation,0.0743,178.68,11.46163217,1.2,812,16259.04167,50.0,0.3,0.0,0,0,0,Approved
10194,1,educational,0.1028,29.16,9.392661929,16.7,687,2069.0,3084.0,65.6,3.0,0,0,1,Review
10195,1,small_business,0.0996,417.62,11.42954386,6.48,712,5610.041667,2598.0,23.8,1.0,0,0,0,Approved
10196,1,credit_card,0.1059,130.18,11.03488966,17.81,682,6330.041667,18168.0,68.5,2.0,0,0,0,Review
10197,1,all_other,0.1122,98.53,10.40134951,22.79,682,9389.0,24218.0,85.3,2.0,0,0,0,Review
10198,1,all_other,0.0807,15.69,9.798127037,4.27,722,1470.0,0.0,0,0.0,0,0,0,Approved
10199,1,credit_card,0.1091,523.14,12.20607265,10.7,697,7320.0,72303.0,73.7,1.0,0,0,0,Review
10200,1,all_other,0.087,557.23,11.9381932,0.12,757,1128.041667,1032.0,5,0.0,0,0,0,Approved
10201,1,all_other,0.1122,315.3,10.65725935,14.6,677,3630.0,133.0,4.2,1.0,0,0,0,Review
10202,1,debt_consolidation,0.1154,527.93,10.70099475,12.16,682,2130.0,34023.0,57.7,1.0,2,0,1,Review
10203,1,major_purchase,0.0743,93.23,11.1844214,11.18,757,4500.041667,12430.0,29.6,5.0,0,0,0,Approved
10204,1,debt_consolidation,0.0775,202.94,10.77895629,13.53,787,10260.04167,10742.0,8.9,3.0,0,0,0,Approved
10205,1,debt_consolidation,0.1186,165.74,10.59663473,7.02,667,2789.041667,2197.0,75.8,0.0,2,0,1,Review
10206,1,all_other,0.1028,158.76,10.69194491,15.3,692,4410.0,88.0,23.8,1.0,3,0,1,Review
10207,1,debt_consolidation,0.1028,485.99,10.81977828,11.88,702,7020.041667,13867.0,33.7,0.0,0,0,0,Approved
10208,1,all_other,0.0996,322.49,11.19134184,10.28,702,4920.041667,3943.0,98.6,3.0,0,0,1,Approved
10209,1,debt_consolidation,0.087,189.97,10.08580911,19.45,757,3870.041667,5405.0,40,2.0,0,0,0,Approved
10210,1,debt_consolidation,0.1217,376.24,10.42228135,23.96,712,3030.041667,12102.0,49,1.0,0,0,0,Approved
10211,1,debt_consolidation,0.1217,599.33,11.61045137,18.3,682,4379.0,18076.0,81.4,1.0,0,0,0,Review
10212,1,debt_consolidation,0.1217,132.35,10.20359214,23.2,702,5279.041667,4504.0,39.2,1.0,0,0,1,Approved
10213,1,small_business,0.1186,828.69,10.858999,9.74,712,4859.041667,25852.0,60.5,0.0,0,0,0,Approved
10214,1,credit_card,0.1091,604.88,10.858999,17.56,707,8061.0,32438.0,43,0.0,1,0,0,Approved
10215,1,debt_consolidation,0.087,538.23,10.93131966,11.51,747,6240.041667,20380.0,48.1,2.0,0,0,0,Approved
10216,1,credit_card,0.0933,172.55,10.6454249,16.09,707,2220.0,38054.0,61.2,0.0,0,0,0,Approved
10217,1,small_business,0.1091,604.88,10.49127422,4.67,697,1410.0,25.0,0.2,2.0,0,0,0,Review
10218,1,all_other,0.0996,290.24,10.54534144,3.38,697,1782.0,3305.0,55.1,2.0,0,0,0,Review
10219,1,major_purchase,0.1186,530.36,11.36674295,15.1,682,3900.0,348.0,4.8,0.0,0,0,1,Review
10220,1,all_other,0.087,158.31,10.08580911,6.15,722,1350.0,3015.0,25.3,0.0,0,0,0,Approved
10221,1,debt_consolidation,0.1059,390.54,10.30895266,19.84,702,2042.041667,7336.0,71.9,1.0,0,0,0,Approved
10222,1,credit_card,0.1249,301.04,10.858999,4.98,662,6630.041667,8644.0,72.6,1.0,0,0,0,Review
10223,1,small_business,0.1154,659.91,11.47210347,17.81,707,3629.0,93.0,0,2.0,0,0,1,Approved
10224,1,small_business,0.0743,217.52,10.66895539,1.65,777,2879.0,2698.0,9.5,0.0,0,0,0,Approved
10225,1,home_improvement,0.1028,388.79,11.48246626,5.58,697,4800.041667,19009.0,30,0.0,0,0,0,Review
10226,1,major_purchase,0.087,158.31,10.77895629,0.38,717,12930.04167,498.0,7.3,2.0,1,0,0,Approved
10227,1,debt_consolidation,0.1217,319.64,11.00209984,19.28,672,4740.0,10358.0,91.7,2.0,0,1,1,Review
10228,1,credit_card,0.1028,103.68,11.22524339,9.7,682,12780.0,2105.0,45.3,0.0,3,0,0,Review
10229,1,home_improvement,0.0964,154.08,11.00209984,12.94,697,2969.041667,2822.0,9.9,3.0,0,0,0,Review
10230,1,debt_consolidation,0.1059,650.9,11.58988651,11.96,707,5070.0,21004.0,97.7,0.0,0,0,0,Approved
10231,1,all_other,0.1375,81.74,10.75790288,24.08,667,2820.0,11675.0,75.8,1.0,0,0,0,Review
10232,1,all_other,0.0901,238.54,9.875088078,10.37,712,1230.041667,3933.0,43.7,0.0,0,0,0,Approved
10233,1,debt_consolidation,0.128,335.98,10.98189713,7.51,662,4109.041667,7251.0,80.6,3.0,0,2,0,Review
10234,1,all_other,0.1217,93.23,10.71441777,19.19,692,4440.041667,88.0,44,1.0,3,0,1,Review
10235,1,all_other,0.0933,95.87,10.50780352,2.69,697,4680.0,1492.0,33.2,2.0,0,0,0,Review
10236,1,debt_consolidation,0.0996,95.94,10.1266311,14.16,692,1918.041667,7121.0,33.7,0.0,0,0,0,Review
10237,1,debt_consolidation,0.128,554.37,11.03488966,19.22,677,3060.041667,17641.0,69.5,2.0,0,no,0,Review
10238,1,small_business,0.1438,859.07,11.28978191,20.79,682,3059.041667,30946.0,61.5,3.0,0,0,1,Review
10239,1,major_purchase,0.0838,472.68,11.2515607,7.96,772,5909.041667,0.0,0,0.0,0,0,0,Approved
10240,1,credit_card,0.1091,586.9,11.22524339,10.34,697,2669.041667,23391.0,90.7,1.0,0,0,0,Review
10241,1,major_purchase,0.0964,224.69,9.878169745,21.23,772,5881.0,16324.0,48,0.0,0,0,0,Approved
10242,1,debt_consolidation,0.128,483.81,10.49460201,8.47,662,2670.041667,7104.0,93.5,2.0,0,0,1,Review
10243,1,debt_consolidation,0.1217,399.55,10.08580911,14.5,672,1950.041667,9273.0,43.9,0.0,0,0,0,Review
10244,1,debt_consolidation,0.1186,232.04,10.82774645,17.02,672,4380.0,6718.0,94.6,3.0,0,0,0,Review
10245,1,small_business,0.0964,802.47,11.22524339,17.06,767,5691.041667,12017.0,12.1,4.0,0,0,1,Approved
10246,1,debt_consolidation,0.1091,304.9,11.16368368,18.96,692,5430.0,5749.0,43.2,1.0,yes,0,0,Review
10247,1,small_business,0.1249,836.23,11.27545477,7.99,692,4739.0,6530.0,21.8,0.0,1,0,0,Review
10248,1,all_other,0.0775,124.89,10.08580911,6,752,2729.041667,2666.0,12.1,0.0,0,0,0,Approved
10249,1,all_other,0.1028,113.4,10.77895629,17.65,687,2070.0,3761.0,55.4,2.0,0,0,0,Review
10250,1,credit_card,0.1407,842.47,11.69524702,12.81,677,5340.041667,33698.0,91.3,0.0,0,0,0,Review
10251,1,debt_consolidation,0.1091,817.41,11.19821472,22.13,737,9900.0,3472.0,4.5,1.0,0,0,1,Approved
10252,1,debt_consolidation,0.1596,421.65,10.46287474,20.82,667,6750.041667,14534.0,48.9,3.0,1,0,0,Review
10253,1,educational,0.0933,575.17,11.00209984,9.96,732,2732.041667,6703.0,47.5,1.0,0,0,0,Approved
10254,1,all_other,0.1312,405.03,11.56171563,18.25,667,4358.0,5861.0,53.8,2.0,0,0,0,Review
10255,1,debt_consolidation,0.128,167.99,10.14564911,18.65,662,1380.0,5061.0,72.3,0.0,1,0,0,Review
10256,1,debt_consolidation,0.0996,677.22,10.89857098,3.77,722,6149.0,16888.0,39.5,0.0,0,0,0,Approved
10257,1,all_other,0.1154,131.99,10.83863929,9.14,667,3990.0,463.0,92.6,0.0,0,0,0,Review
10258,1,debt_consolidation,0.0933,281.2,10.1266311,0,712,3360.041667,0.0,0,0.0,1,0,0,Approved
10259,1,debt_consolidation,0.0964,802.47,10.77895629,9.78,742,2550.0,8283.0,12.7,4.0,0,0,0,Approved
10260,1,credit_card,0.1091,505.16,11.61728548,10.86,687,3420.041667,46525.0,93.6,0.0,0,0,0,Review
10261,1,home_improvement,0.0743,180.23,10.62861778,2.32,772,2610.041667,2650.0,6.6,0.0,0,0,0,Approved
10262,1,small_business,0.0933,798.84,11.51292546,1.57,762,6359.041667,17.0,0.1,5.0,0,0,1,Approved
10263,1,all_other,0.0933,319.54,10.50506754,19.46,727,4470.041667,827.0,6.6,2.0,0,0,1,Approved
10264,1,debt_consolidation,0.0964,32.1,8.517193191,18,702,1200.041667,961.0,26,2.0,0,0,0,Approved
10265,1,debt_consolidation,0.0964,192.6,9.798127037,2.87,697,1199.041667,1554.0,29.3,1.0,0,0,0,Review
10266,1,home_improvement,0.1407,764.64,11.81303006,3.66,672,5790.0,10753.0,52.3,2.0,3,0,1,Review
10267,1,all_other,0.0712,30.94,11.69524702,0.65,792,3810.041667,2227.0,3.8,1.0,0,0,0,Approved
10268,1,credit_card,0.0901,381.66,11.51961693,6.64,722,10290.04167,7606.0,18.6,0.0,0,1,0,Approved
10269,1,debt_consolidation,0.1249,301.04,11.00209984,4.64,662,2222.0,8355.0,34.4,0.0,2,0,1,Review
10270,1,credit_card,0.1438,687.25,11.32659589,16.05,667,2190.0,27293.0,86.6,0.0,0,0,0,Review
10271,1,debt_consolidation,0.0964,320.99,11.1124479,3.6,712,2850.0,10157.0,26.2,0.0,1,0,0,Approved
10272,1,small_business,0.147,862.97,11.3736634,5.79,677,4739.0,4209.0,75.2,2.0,0,0,1,Review
10273,1,credit_card,0.0807,250.95,10.89673933,10.44,767,3449.041667,0.0,0,1.0,0,0,0,Approved
10274,1,all_other,0.0743,87.01,10.28793329,3.96,767,3930.0,1773.0,5,1.0,0,0,0,Approved
10275,1,all_other,0.0775,62.45,10.08580911,2.4,742,2290.041667,949.0,55.8,1.0,0,0,1,Approved
10276,1,home_improvement,0.1375,851.41,11.22524339,19.78,687,2399.041667,12308.0,43.6,2.0,0,0,1,Review
10277,1,credit_card,0.1059,244.09,10.59600954,12.1,687,4019.0,7914.0,30.8,3.0,2,0,0,Review
10278,1,debt_consolidation,0.1438,687.25,10.65725935,15.7,672,3690.0,9150.0,96.3,0.0,0,0,0,Review
10279,1,debt_consolidation,0.1122,656.86,10.55986701,14.04,702,1800.0,21777.0,53.7,3.0,0,0,0,Approved
10280,1,all_other,0.128,537.57,11.48440253,12.43,667,2580.0,4281.0,63,3.0,0,0,0,Review
10281,1,debt_consolidation,0.0964,320.99,10.12502982,8.17,712,3300.0,4475.0,63,0.0,0,0,0,Approved
10282,1,debt_consolidation,0.0996,386.99,11.51292546,8.17,707,3839.041667,25413.0,45.2,2.0,0,0,0,Approved
10283,1,small_business,0.0838,315.12,11.58058411,2.28,742,4740.0,15043.0,65.2,2.0,0,0,0,Approved
10284,1,major_purchase,0.1059,292.91,10.16277015,5.56,682,1350.041667,6353.0,39.5,2.0,0,0,0,Review
10285,1,debt_consolidation,0.0807,125.48,9.980448594,10.33,742,1920.041667,3737.0,55.8,1.0,0,0,0,Approved
10286,1,debt_consolidation,0.0933,383.45,11.13663073,7.47,717,5580.041667,11370.0,41.6,0.0,2,0,0,Approved
10287,1,debt_consolidation,0.1343,523.78,10.49127422,17.4,667,10380.04167,18403.0,73.3,0.0,1,0,0,Review
10288,1,all_other,0.1217,199.78,11.69524702,6.81,662,2041.041667,19504.0,77.3,0.0,0,0,0,Review
10289,1,debt_consolidation,0.0933,575.17,11.53272809,16.95,747,3630.0,10463.0,8.2,2.0,0,0,0,Approved
10290,1,debt_consolidation,0.0901,95.42,9.210340372,6.72,707,3329.0,2808.0,51.1,3.0,1,0,0,Approved
10291,1,debt_consolidation,0.0901,477.07,11.17043516,6.88,742,4589.041667,6297.0,14.5,0.0,0,0,0,Approved
10292,1,all_other,0.0807,345.06,11.03488966,14.07,792,7867.041667,33060.0,21.7,0.0,0,0,0,Approved
10293,1,all_other,0.1122,155.19,9.893437217,23.03,717,2580.0,4500.0,13,0.0,0,0,1,Approved
10294,1,home_improvement,0.0996,644.97,11.21171226,13.28,732,1770.0,2344.0,9.8,1.0,0,0,0,Approved
10295,1,all_other,0.0712,92.8,11.01205017,1.19,797,6270.041667,2907.0,4,0.0,0,0,0,Approved
10296,1,debt_consolidation,0.0996,306.36,10.96819829,21.93,727,4593.041667,26218.0,28.7,2.0,0,0,0,Approved
10297,1,debt_consolidation,0.1154,143.53,9.998797732,24.71,707,1291.041667,5967.0,25.5,0.0,0,0,0,Approved
10298,1,credit_card,0.0964,288.89,11.62625415,10.36,702,6119.0,27786.0,85.5,2.0,0,1,1,Approved
10299,1,all_other,0.0933,87.88,11.62625415,13.46,702,6120.0,27786.0,85.5,2.0,0,1,1,Approved
10300,1,all_other,0.0901,381.66,11.69524702,4.28,722,4080.041667,7335.0,45.8,1.0,1,0,0,Approved
10301,1,debt_consolidation,0.1122,197.06,10.80972795,0,672,2519.0,0.0,0,1.0,1,0,0,Review
10302,1,credit_card,0.0807,83.92,10.59663473,16.68,737,6988.0,19210.0,48.3,0.0,0,0,0,Approved
10303,1,small_business,0.0964,481.48,10.59663473,4.05,717,2759.041667,11601.0,85.9,3.0,0,0,0,Approved
10304,1,debt_consolidation,0.0996,253.16,10.16585182,6.14,697,2040.041667,991.0,34.2,1.0,0,0,0,Review
10305,1,all_other,0.0743,77.69,13.16542287,2.45,762,6240.0,141287.0,9.4,5.0,1,0,0,Approved
10306,1,all_other,0.1014,97.0,11.69524702,8.71,687,2311.041667,199.0,1.1,1.0,1,0,0,Review
10307,1,all_other,0.1046,259.87,11.69524702,11.28,692,5018.041667,63580.0,80.6,1.0,0,0,1,Review
10308,1,home_improvement,0.0743,124.3,11.04292184,5.82,772,5430.0,773.0,4.8,0.0,0,0,0,Approved
10309,1,debt_consolidation,0.133,67.68,9.798127037,22,662,1470.0,1042.0,37.2,3.0,1,0,0,Review
10310,1,debt_consolidation,0.133,406.07,10.20359214,7.16,662,1530.041667,137.0,3.2,1.0,1,0,1,Review
10311,1,credit_card,0.0983,241.41,11.47210347,2.69,712,4709.0,1944.0,47.4,0.0,0,1,0,Approved
10312,1,small_business,0.1393,170.72,10.54534144,20.72,662,7109.041667,16613.0,18.3,1.0,1,0,1,Review
10313,1,educational,0.0838,293.85,9.392661929,0,737,1139.0,0.0,0,1.0,0,0,0,Approved
10314,1,credit_card,0.133,318.09,10.81977828,17.04,662,6179.0,5181.0,97.8,3.0,0,1,0,Review
10315,1,major_purchase,0.092,63.79,10.08580911,18.65,727,3455.041667,597.0,14.2,2.0,1,0,0,Approved
10316,1,all_other,0.0743,217.52,11.00209984,1.72,807,7230.0,3202.0,1.1,1.0,0,0,0,Approved
10317,1,credit_card,0.1236,667.74,11.79810441,13.42,687,3420.041667,46086.0,92.7,0.0,0,0,0,Review
10318,1,debt_consolidation,0.1236,133.55,10.81977828,8.66,662,6839.041667,9380.0,44.1,1.0,0,1,1,Review
10319,1,debt_consolidation,0.1014,421.14,10.59663473,17.01,752,4349.0,35944.0,56.2,2.0,0,0,0,Approved
10320,1,all_other,0.1362,339.94,10.80972795,1.21,672,2519.0,0.0,0,0.0,1,0,0,Review
10321,1,debt_consolidation,0.1078,365.51,11.00209984,14.26,702,6780.041667,7973.0,89.6,0.0,0,0,0,Approved
10322,1,debt_consolidation,0.0807,313.69,10.11050172,9.95,752,5167.0,8522.0,21.7,1.0,0,0,0,Approved
10323,1,credit_card,0.1583,876.83,11.69524702,18.08,677,3330.0,62976.0,86.1,2.0,2,0,0,Review
10324,1,debt_consolidation,0.1362,316.99,10.30895266,21.88,667,1601.041667,7429.0,82.5,0.0,0,0,0,Review
10325,1,small_business,0.1236,701.12,10.77895629,0.85,682,2579.0,639.0,13.6,1.0,0,0,1,Review
10326,1,debt_consolidation,0.1014,485.0,11.38845009,13.73,732,5489.0,14903.0,35.3,0.0,0,0,0,Approved
10327,1,debt_consolidation,0.1236,133.55,10.59653473,9.48,662,4080.041667,2923.0,28.4,3.0,0,0,0,Review
10328,1,credit_card,0.0838,362.39,11.58058411,8.16,757,5790.0,18314.0,50.6,1.0,0,0,0,Approved
10329,1,all_other,0.0712,108.27,10.26813067,0,777,3034.041667,150.0,7.5,1.0,0,0,0,Approved
10330,1,all_other,0.1236,240.39,9.757305042,4.58,662,3840.041667,0.0,0,2.0,0,0,0,Review
10331,1,all_other,0.0743,62.15,11.12714533,9.99,767,8190.041667,2475.0,5.4,1.0,1,0,0,Approved
10332,1,all_other,0.0838,66.18,9.893437217,2.36,722,5790.0,1489.0,62,1.0,0,0,0,Approved
10333,1,debt_consolidation,0.1109,327.82,10.63344871,19.32,702,2849.0,15368.0,87.1,0.0,0,0,0,Approved
10334,1,all_other,0.0743,69.14,11.69524702,7.67,762,6007.041667,21521.0,29.5,1.0,0,0,1,Approved
10335,1,home_improvement,0.1078,313.3,11.02190247,14.06,702,5700.041667,4781.0,15.5,2.0,0,0,1,Approved
10336,1,debt_consolidation,0.1141,329.34,11.27090486,14.03,692,4470.041667,8473.0,27.6,3.0,1,1,0,Review
10337,1,all_other,0.1236,292.97,10.727663,15.53,677,1848.0,8494.0,44.2,1.0,0,0,0,Review
10338,1,all_other,0.0838,315.12,11.15051985,14.03,762,5519.0,11333.0,45.5,5.0,0,0,0,Approved
10339,1,debt_consolidation,0.0807,225.86,11.02190247,17,762,5340.041667,9366.0,40.7,4.0,0,0,1,Approved
10340,1,major_purchase,0.0838,63.03,10.46493024,18.96,742,2190.0,4922.0,30.6,0.0,0,0,0,Approved
10341,1,debt_consolidation,0.1267,536.57,11.42081018,10.13,677,5280.041667,23129.0,79.8,0.0,1,0,1,Review
10342,1,small_business,0.1204,126.29,11.05089001,12.5,667,3300.0,29736.0,80.2,3.0,0,0,0,Review
10343,1,credit_card,0.0951,192.23,11.60823564,16.87,722,8519.041667,67232.0,41.1,1.0,0,0,0,Approved
10344,1,all_other,0.1014,97.0,10.77895629,0,692,5160.0,0.0,0,0.0,0,0,0,Review
10345,1,debt_consolidation,0.092,318.93,11.25480219,5.93,727,4800.0,11496.0,26.6,0.0,0,0,0,Approved
10346,1,credit_card,0.1078,228.45,10.50506754,7.76,687,2010.041667,6999.0,65.7,0.0,0,0,0,Review
10347,1,all_other,0.1172,72.78,10.57821615,17.2,667,1410.0,4863.0,69.5,0.0,1,0,0,Review
10348,1,all_other,0.1141,16.47,9.878169745,3.69,667,8820.0,12229.0,90.6,0.0,0,1,0,Review
10349,1,all_other,0.0775,124.89,10.96127785,1.33,767,2485.041667,2325.0,8.2,0.0,0,0,0,Approved
10350,1,all_other,0.1109,262.26,11.1844214,5.12,687,1949.041667,14653.0,95.1,0.0,0,0,1,Review
10351,1,credit_card,0.0838,236.34,11.22524339,6.06,742,3149.041667,4286.0,40.4,0.0,0,0,0,Approved
10352,1,debt_consolidation,0.1204,265.87,10.70738554,16.06,677,1949.041667,8009.0,68.5,0.0,0,0,0,Review
10353,1,debt_consolidation,0.0775,101.47,10.49127422,2.73,742,2550.0,2353.0,12.4,0.0,0,0,1,Approved
10354,1,debt_consolidation,0.0775,218.55,10.81769612,10.37,767,4410.0,6634.0,9.4,0.0,0,0,0,Approved
10355,1,debt_consolidation,0.1014,38.8,10.30895266,19.76,702,4529.041667,0.0,0,0.0,0,0,0,Approved
10356,1,credit_card,0.1141,247.0,11.1844214,14.65,682,3329.0,5608.0,47.1,0.0,0,0,0,Review
10357,1,debt_consolidation,0.1299,673.79,10.77895629,18.98,682,4830.041667,13649.0,42.4,1.0,0,0,1,Review
10358,1,all_other,0.1078,79.96,10.54534144,14.84,677,4140.041667,9973.0,33.8,0.0,0,0,0,Review
10359,1,debt_consolidation,0.1204,498.51,10.75790288,17.95,677,2609.0,16502.0,63,0.0,0,0,0,Review
10360,1,debt_consolidation,0.1488,692.14,11.23848862,7.11,667,3899.041667,15773.0,95,0.0,0,0,1,Review
10361,1,small_business,0.0951,800.95,11.08214255,2.14,777,4559.041667,3326.0,14.3,6.0,0,0,0,Approved
10362,1,debt_consolidation,0.0983,289.69,9.980448594,4.83,712,1620.041667,7263.0,39,0.0,0,0,0,Approved
10363,1,all_other,0.0838,264.71,10.54796956,13.1,767,7560.041667,3451.0,19.4,0.0,0,0,0,Approved
10364,1,debt_consolidation,0.1267,117.38,10.77895629,13.1,662,9659.041667,16770.0,50.7,0.0,0,0,0,Review
10365,1,all_other,0.1078,293.72,10.49127422,7.93,692,2429.041667,17042.0,75.1,0.0,0,0,0,Review
10366,1,major_purchase,0.1267,563.4,11.00209984,20.06,697,4560.041667,10686.0,49.4,0.0,0,0,0,Review
10367,1,credit_card,0.092,318.93,12.01370075,0.33,732,3600.0,45.0,0.4,0.0,0,0,0,Approved
10368,1,all_other,0.0951,230.68,10.38887228,15.84,717,1800.0,3247.0,33.3,1.0,0,0,0,Approved
10369,1,debt_consolidation,0.152,730.04,11.22524339,21.84,677,2640.041667,27839.0,72.7,0.0,1,0,0,Review
10370,1,all_other,0.0775,312.22,11.65702581,2.89,807,5160.0,0.0,0,1.0,0,0,0,Approved
10371,1,major_purchase,0.0807,250.95,11.00209984,9.58,757,13109.0,17246.0,13.7,1.0,0,0,0,Approved
10372,1,debt_consolidation,0.1425,514.49,10.77895629,19.05,667,6209.0,14036.0,64.4,0.0,0,0,0,Review
10373,1,small_business,0.1046,16.25,10.16585182,14.17,692,4919.041667,5643.0,60.7,0.0,0,0,0,Review
10374,1,debt_consolidation,0.1204,372.22,10.71441777,21.33,697,4710.0,17850.0,66.3,1.0,0,0,0,Review
10375,1,debt_consolidation,0.0951,320.38,10.91508846,7.59,722,2340.041667,8382.0,20.4,1.0,0,0,0,Approved
10376,1,small_business,0.1836,504.13,11.33857208,23.04,662,6690.041667,24280.0,93.4,3.0,0,0,0,Review
10377,1,debt_consolidation,0.1172,413.51,10.49127422,11.9,677,2970.0,8375.0,91,3.0,0,0,0,Review
10378,1,all_other,0.1014,485.0,11.33857208,19.86,742,2763.041667,6437.0,28.6,4.0,0,0,0,Approved
10379,1,credit_card,0.1172,307.66,11.03488966,20.09,697,6392.041667,16890.0,64,0.0,0,0,0,Review
10380,1,all_other,0.1078,130.54,10.37349118,0.38,682,1290.041667,887.0,38.6,0.0,0,0,0,Review
10381,1,debt_consolidation,0.1299,370.59,10.86856845,17.94,667,3269.0,17771.0,52.1,2.0,0,0,1,Review
10382,1,debt_consolidation,0.1299,539.03,10.66895539,14.82,677,8159.041667,13115.0,42.3,2.0,2,0,0,Review
10383,1,major_purchase,0.0775,312.22,10.08580911,0,787,3809.041667,5028.0,12.1,0.0,0,0,1,Approved
10384,1,all_other,0.1078,70.17,9.308283446,19.15,692,2399.041667,1.0,0.2,2.0,0,1,1,Review
10385,1,debt_consolidation,0.1078,440.57,10.52406404,12.58,702,2130.0,10251.0,33,0.0,0,0,0,Approved
10386,1,all_other,0.092,175.42,10.51867319,16.74,727,4590.041667,6566.0,48.6,1.0,0,0,0,Approved
10387,1,all_other,0.1046,194.91,10.81977828,5.06,687,4464.0,9516.0,63.4,1.0,0,0,0,Review
10388,1,debt_consolidation,0.1172,165.41,11.00209984,0,672,2520.0,2126.0,6.4,1.0,0,0,0,Review
10389,1,debt_consolidation,0.133,406.07,10.71441777,4.67,662,2849.0,7209.0,38.1,1.0,0,0,1,Review
10390,1,debt_consolidation,0.1172,82.71,11.03488966,19.29,677,4319.0,7180.0,34.4,3.0,0,0,1,Review
10391,1,debt_consolidation,0.0838,189.08,10.60905725,12.5,727,2550.0,7386.0,42.4,0.0,0,0,0,Approved
10392,1,all_other,0.0712,57.23,10.46310334,11.59,772,5970.041667,6035.0,19,0.0,0,0,0,Approved
10393,1,small_business,0.133,338.39,11.69524702,6.31,662,6150.0,28653.0,89.3,0.0,0,0,1,Review
10394,1,debt_consolidation,0.1204,498.51,11.51292546,15.82,682,9150.0,49459.0,88.8,1.0,2,0,0,Review
10395,1,credit_card,0.1267,737.78,11.40756495,13.04,697,5100.0,22738.0,30.8,0.0,1,0,0,Review
10396,1,credit_card,0.092,306.18,11.03488966,13.12,742,5250.041667,24406.0,40.3,1.0,0,0,1,Approved
10397,1,debt_consolidation,0.0951,592.7,10.34174248,16.49,747,4260.041667,25946.0,37.9,0.0,0,0,0,Approved
10398,1,all_other,0.1014,611.1,10.69194491,9.79,732,5940.041667,0.0,0,0.0,0,0,0,Approved
10399,1,debt_consolidation,0.0951,461.35,11.38586452,9.96,732,5250.041667,4765.0,16.5,0.0,0,1,0,Approved
10400,1,debt_consolidation,0.1583,841.76,11.22524339,15.38,662,3420.041667,15222.0,77.3,0.0,2,0,0,Review
10401,1,small_business,0.1078,244.76,11.35040654,1.78,687,9480.0,8035.0,50.5,1.0,1,1,0,Review
10402,1,debt_consolidation,0.1014,452.67,11.22524339,16.54,722,4800.0,14214.0,39.4,0.0,0,0,1,Approved
10403,1,debt_consolidation,0.1046,649.68,11.65702581,16.2,732,5129.0,23442.0,42.1,2.0,0,0,0,Approved
10404,1,credit_card,0.0838,226.89,12.07254125,15.11,742,4919.041667,101443.0,13.7,6.0,0,0,0,Approved
10405,1,debt_consolidation,0.1204,498.51,11.51292546,14.32,677,4439.0,25988.0,98.8,1.0,0,0,0,Review
10406,1,debt_consolidation,0.1615,880.78,11.6351431,24.84,682,7619.0,51039.0,93.8,0.0,1,0,1,Review
10407,1,debt_consolidation,0.1141,658.67,10.96578158,10.14,702,5999.041667,23370.0,70,1.0,0,0,0,Approved
10408,1,all_other,0.1172,231.57,12.20607265,15.46,692,6629.0,119420.0,95.1,0.0,0,0,0,Review
10409,1,all_other,0.1014,258.67,10.81977828,8.78,702,3946.0,0.0,0,0.0,0,0,0,Approved
10410,1,debt_consolidation,0.1109,157.36,10.73639668,11.37,677,2729.041667,15564.0,56.6,1.0,0,0,0,Review
10411,1,debt_consolidation,0.1236,300.48,11.35040654,21.8,677,5069.0,13686.0,48.7,1.0,0,0,0,Review
10412,1,home_improvement,0.1141,658.67,12.8346813,0.63,702,6330.041667,6921.0,0,2.0,0,0,0,Approved
10413,1,debt_consolidation,0.1014,129.34,10.49127422,7.07,697,1560.041667,4220.0,53.4,2.0,0,0,0,Review
10414,1,all_other,0.1393,170.72,11.1844214,22.57,662,2940.0,29877.0,75.6,2.0,0,0,0,Review
10415,1,credit_card,0.133,101.52,10.47005058,24.79,697,5569.0,21573.0,73.7,1.0,0,0,1,Review
10416,1,small_business,0.1078,365.51,11.28978191,7.56,697,4980.041667,18316.0,81,1.0,1,0,1,Review
10417,1,small_business,0.0775,337.19,10.08580911,10.1,782,5400.0,1458.0,18,1.0,0,0,0,Approved
10418,1,debt_consolidation,0.092,382.72,10.59663473,10.14,747,7800.041667,3179.0,11,1.0,0,1,0,Approved
10419,1,debt_consolidation,0.0838,403.36,11.08214255,7.26,757,5580.041667,4365.0,51.4,0.0,0,0,0,Approved
10420,1,credit_card,0.0775,305.97,11.00209984,9.2,797,6270.0,209.0,1.9,0.0,0,0,0,Approved
10421,1,debt_consolidation,0.133,676.78,10.81977828,20.42,692,7710.0,12573.0,71.8,2.0,1,0,0,Review
10422,1,credit_card,0.1236,767.89,11.46163217,16.07,702,2580.0,806.0,10.3,2.0,0,0,1,Approved
10423,1,debt_consolidation,0.1109,491.73,10.37349118,4.8,697,3480.041667,4134.0,39.4,1.0,0,0,1,Review
10424,1,debt_consolidation,0.1172,496.22,11.09741002,2.42,682,6329.041667,0.0,0,1.0,0,0,0,Review
10425,1,credit_card,0.1078,228.45,11.14908203,16.51,692,5009.041667,22157.0,98,0.0,0,0,0,Review
10426,1,debt_consolidation,0.1109,819.54,11.40756495,17.11,722,6539.0,54925.0,97.8,0.0,0,0,0,Approved
10427,1,credit_card,0.1078,261.08,11.26446411,16.75,692,4290.041667,50908.0,37.1,0.0,2,0,0,Review
10428,1,credit_card,0.1078,81.59,11.58058411,16.37,682,9960.041667,16164.0,80,1.0,0,0,0,Review
10429,1,debt_consolidation,0.1078,278.22,11.60823564,18.58,702,7230.0,14046.0,80.3,0.0,0,0,1,Approved
10430,1,debt_consolidation,0.0775,312.22,10.00784757,5.24,792,5010.041667,4767.0,8.7,0.0,0,0,0,Approved
10431,1,all_other,0.1141,59.28,11.19821472,21.01,692,2580.0,23882.0,89.8,0.0,0,0,0,Review
10432,1,educational,0.0807,376.43,9.903487553,8.88,782,8160.041667,674.0,2.6,1.0,0,0,0,Approved
10433,1,small_business,0.0983,804.69,11.1844214,8.98,757,4619.041667,56842.0,14.4,6.0,0,0,0,Approved
10434,1,home_improvement,0.1046,812.09,12.13384061,1.88,727,10199.0,19948.0,77,2.0,0,0,0,Approved
10435,1,home_improvement,0.1078,130.54,10.81977828,15.5,687,8369.0,10979.0,37.2,0.0,2,0,0,Review
10436,1,debt_consolidation,0.1141,329.34,10.59663473,15.93,692,3539.041667,14643.0,76.4,0.0,0,0,0,Review
10437,1,debt_consolidation,0.1172,99.25,10.91871823,12.85,682,2670.041667,15680.0,89.6,1.0,0,0,0,Review
10438,1,debt_consolidation,0.1362,381.58,10.30895266,19.52,667,4412.0,16670.0,71.7,0.0,0,0,0,Review
10439,1,debt_consolidation,0.1078,310.03,11.21989579,8.22,697,3707.0,2624.0,48.6,1.0,0,0,0,Review
10440,1,debt_consolidation,0.0838,78.78,10.34174248,10.61,722,7089.041667,2773.0,10.8,1.0,0,0,0,Approved
10441,1,debt_consolidation,0.0951,608.72,11.14186178,11.29,767,9179.0,2279.0,20.7,3.0,0,0,0,Approved
10442,1,debt_consolidation,0.0983,386.25,11.26446411,15.74,722,4379.0,28110.0,31.9,0.0,0,0,0,Approved
10443,1,small_business,0.092,669.76,12.37581542,2.7,792,9029.041667,997.0,1.2,2.0,0,0,0,Approved
10444,1,debt_consolidation,0.092,478.4,10.91508846,12.28,747,7380.0,2787.0,2.3,1.0,0,0,0,Approved
10445,1,all_other,0.0838,567.22,11.06663836,5.25,772,3540.041667,1612.0,12.1,4.0,0,0,1,Approved
10446,1,credit_card,0.1488,346.07,11.08214255,23.89,672,7260.0,10214.0,65.1,1.0,2,1,0,Review
10447,1,debt_consolidation,0.1425,685.99,10.77895629,2.1,672,3870.041667,19892.0,83.6,2.0,0,0,0,Review
10448,1,all_other,0.092,255.15,10.46310334,1.03,727,1230.041667,1834.0,12.8,1.0,0,0,0,Approved
10449,1,home_improvement,0.1204,498.51,12.21602298,17.08,682,5820.0,108397.0,67.3,3.0,0,0,0,Review
10450,1,home_improvement,0.0775,124.89,11.08214255,9.25,757,5010.041667,3348.0,5.3,0.0,0,0,0,Approved
10451,1,all_other,0.0743,217.52,10.40426284,10.04,772,3630.0,983.0,2.1,1.0,0,0,0,Approved
10452,1,all_other,0.0983,241.41,11.06663836,0.58,712,5430.0,603.0,30.1,0.0,1,0,0,Approved
10453,1,debt_consolidation,0.133,406.07,10.81683395,24.22,692,6509.0,13662.0,60.7,0.0,1,0,0,Review
10454,1,debt_consolidation,0.06,467.45,11.04292184,15.28,687,4652.041667,26044.0,34.5,3.0,0,0,0,Review
10455,1,credit_card,0.0983,386.25,10.1266311,16.75,732,4918.041667,16212.0,50.7,0.0,0,0,0,Approved
10456,1,debt_consolidation,0.0983,257.5,10.49127422,21.33,762,6300.041667,8516.0,11.1,0.0,0,0,0,Approved
10457,1,credit_card,0.0807,62.74,10.30895266,3.68,732,2580.0,3953.0,15.9,0.0,0,0,0,Approved
10458,1,major_purchase,0.092,223.26,11.38509209,13.28,727,5836.0,12672.0,21,3.0,3,0,0,Approved
10459,1,debt_consolidation,0.0951,320.38,10.85127695,9.6,717,1469.0,1346.0,23.2,2.0,0,0,0,Approved
10460,1,debt_consolidation,0.092,318.93,10.71441777,4.88,732,4079.0,12425.0,94.2,0.0,0,0,0,Approved
10461,1,debt_consolidation,0.1393,527.52,10.6454249,19.71,667,2490.0,12032.0,87.2,3.0,0,1,1,Review
10462,1,credit_card,0.0775,327.83,10.95779958,12.86,802,5490.0,14377.0,10.2,0.0,0,0,0,Approved
10463,1,all_other,0.0951,640.76,11.28978191,0.22,767,8476.0,464.0,18.6,8.0,0,0,1,Approved
10464,1,debt_consolidation,0.1172,196.84,10.47522952,15.38,697,1709.041667,10900.0,42.4,3.0,0,0,0,Review
10465,1,debt_consolidation,0.1046,42.23,10.75790288,18.15,707,2309.041667,7006.0,48,1.0,0,1,0,Approved
10466,1,debt_consolidation,0.0983,136.0,10.77895629,11.93,717,6329.041667,19708.0,37.1,0.0,1,0,0,Approved
10467,1,debt_consolidation,0.1267,182.77,11.21182037,11.25,707,8100.0,30949.0,54.3,0.0,0,0,0,Approved
10468,1,debt_consolidation,0.1046,194.91,10.54534144,13.42,697,4080.0,6101.0,36.8,3.0,0,0,0,Review
10469,1,all_other,0.0832,94.46,10.1266311,1.54,727,2010.041667,1235.0,28.7,0.0,0,0,0,Approved
10470,1,debt_consolidation,0.1261,450.67,10.46310334,19.71,692,3030.041667,18028.0,88.4,1.0,0,0,0,Review
10471,1,debt_consolidation,0.0945,387.32,10.89673933,11.02,742,3285.0,8828.0,54.8,5.0,0,0,0,Approved
10472,1,debt_consolidation,0.0863,47.45,9.77246729,9.37,722,5099.0,6033.0,31.1,1.0,0,0,0,Approved
10473,1,credit_card,0.0832,201.5,10.81977828,13.99,752,5040.041667,64885.0,39.6,0.0,0,0,0,Approved
10474,1,debt_consolidation,0.1324,405.72,11.31447453,15.12,672,5760.041667,27905.0,81.8,1.0,2,0,0,Review
10475,1,debt_consolidation,0.1197,336.98,11.40863105,6.61,692,9570.0,14081.0,73.7,0.0,0,1,0,Review
10476,1,all_other,0.0945,333.7,11.00209984,6.02,787,10860.0,426.0,0.7,0.0,0,0,1,Approved
10477,1,debt_consolidation,0.1387,655.0,11.28522153,7.16,672,12554.04167,12301.0,56.4,1.0,0,0,0,Review
10478,1,all_other,0.0863,101.21,9.798127037,14.38,722,1530.0,0.0,0,0.0,0,0,0,Approved
10479,1,small_business,0.0976,533.77,9.903487553,4.68,737,3408.041667,2248.0,11.6,0.0,0,0,0,Approved
10480,1,all_other,0.1071,16.31,8.9751293,3.04,682,6929.0,44.0,3.7,2.0,1,0,0,Review
10481,1,small_business,0.1008,807.62,10.51867319,8.53,767,3346.0,2296.0,7.6,3.0,0,0,0,Approved
10482,1,debt_consolidation,0.1292,347.5,11.15625052,9.05,702,4530.041667,16264.0,90.6,3.0,0,0,1,Approved
10483,1,all_other,0.1039,194.71,10.66895539,17.47,702,3540.041667,12758.0,40.4,0.0,0,0,0,Approved
10484,1,all_other,0.08,188.02,10.77895629,14.08,792,4890.041667,2573.0,16.3,1.0,0,0,0,Approved
10485,1,debt_consolidation,0.0976,237.95,11.14186178,12.57,762,3420.041667,15176.0,31.6,0.0,0,0,0,Approved
10486,1,debt_consolidation,0.1008,148.61,10.6454249,5.91,727,4680.0,7239.0,16.3,2.0,0,0,0,Approved
10487,1,credit_card,0.0863,189.77,10.57131693,11.2,722,2670.041667,11217.0,52.9,3.0,0,0,0,Approved
10488,1,debt_consolidation,0.1008,84.0,10.23995979,14.57,702,2490.0,12979.0,31,0.0,0,0,0,Approved
10489,1,all_other,0.0976,192.93,12.20607265,4.84,707,5760.041667,21894.0,0,2.0,0,0,0,Approved
10490,1,all_other,0.1197,431.6,11.32659589,3.92,682,3479.041667,4933.0,15.1,2.0,0,0,0,Review
10491,1,debt_consolidation,0.1071,339.06,10.35456317,4.74,722,1290.041667,6206.0,35.3,0.0,0,0,0,Approved
10492,1,debt_consolidation,0.0976,225.09,10.22557105,17.78,717,1830.0,16326.0,48.6,2.0,0,0,0,Approved
10493,1,debt_consolidation,0.1039,243.38,10.71441777,5.57,707,4140.041667,33.0,0.3,0.0,0,0,0,Approved
10494,1,debt_consolidation,0.0737,24.84,10.46310334,7.65,777,4620.041667,19901.0,29.8,0.0,0,0,0,Approved
10495,1,credit_card,0.08,90.88,9.852194258,6.32,737,2981.0,4385.0,24,0.0,0,0,0,Approved
10496,1,debt_consolidation,0.1355,589.2,10.69194491,18.52,677,4800.0,18966.0,70.5,2.0,0,0,0,Review
10497,1,home_improvement,0.0945,96.03,11.22524339,1.49,712,6220.0,8788.0,39.2,0.0,0,1,0,Approved
10498,1,all_other,0.1071,48.91,10.6454249,18.14,697,3091.041667,1276.0,63.8,1.0,0,0,0,Review
10499,1,debt_consolidation,0.1229,200.12,10.49127422,14.77,672,4830.0,22635.0,45.5,0.0,0,0,0,Review
10500,1,credit_card,0.0768,199.61,11.52682837,0.83,777,8370.0,1715.0,8.2,1.0,0,0,0,Approved
10501,1,credit_card,0.08,310.24,11.52682837,3.19,777,8370.0,1715.0,8.2,1.0,0,0,0,Approved
10502,1,all_other,0.0976,80.39,9.998797732,22.25,737,2404.041667,2574.0,10.5,1.0,0,0,0,Approved
10503,1,credit_card,0.0832,160.57,10.98529272,7.08,767,13319.04167,25336.0,35.9,0.0,0,0,0,Approved
10504,1,debt_consolidation,0.1355,343.0,10.2797298,15.82,667,3539.041667,18485.0,65.3,1.0,0,1,1,Review
10505,1,debt_consolidation,0.0945,272.09,10.81985828,17.33,737,2430.041667,9048.0,26.6,1.0,0,0,0,Approved
10506,1,credit_card,0.1324,307.67,10.8036489,7.37,672,7020.0,14421.0,83.8,0.0,2,0,0,Review
10507,1,debt_consolidation,0.0976,200.17,9.92329018,18.35,742,2879.0,9121.0,55.4,1.0,0,0,0,Approved
10508,1,all_other,0.1071,260.82,12.27839331,17.66,707,6630.0,120563.0,92.4,0.0,0,0,0,Approved
10509,1,all_other,0.08,94.01,10.04324949,12.05,742,1259.041667,710.0,7.8,4.0,0,0,0,Approved
10510,1,educational,0.0976,46.63,11.08214255,7.74,707,3509.041667,20762.0,48.5,2.0,0,0,0,Approved
10511,1,debt_consolidation,0.0863,189.77,10.65320408,10.8,732,3451.041667,1839.0,15.6,3.0,0,0,0,Approved
10512,1,debt_consolidation,0.0976,627.02,11.40756495,1.95,767,3180.041667,8629.0,17.6,0.0,0,0,0,Approved
10513,1,debt_consolidation,0.1166,330.53,10.81174611,8.4,687,3300.0,11735.0,93.9,2.0,0,0,0,Review
10514,1,all_other,0.1039,584.12,11.28978191,0.86,717,2092.041667,5506.0,52.4,1.0,0,0,0,Approved
10515,1,debt_consolidation,0.1197,199.2,10.98189713,6,672,4410.0,3831.0,34.2,0.0,1,0,1,Review
10516,1,all_other,0.0768,187.14,11.22524339,2.54,802,6451.041667,6094.0,2.8,0.0,0,0,0,Approved
10517,1,credit_card,0.1008,193.83,10.59663473,16.17,712,2699.041667,15597.0,60,1.0,0,0,0,Approved
10518,1,small_business,0.1008,807.62,11.87756858,3.84,762,4725.0,52214.0,8.7,8.0,0,0,0,Approved
10519,1,small_business,0.0976,644.71,10.16585182,9.14,762,6752.041667,507.0,3.5,0.0,0,0,1,Approved
10520,1,debt_consolidation,0.1071,195.61,10.38554326,11.12,687,4079.0,0.0,0,1.0,0,0,0,Review
10521,1,debt_consolidation,0.1103,163.77,10.53209621,5.73,682,3299.0,4760.0,60.3,0.0,0,0,0,Review
10522,1,all_other,0.1418,856.63,11.09741002,22.45,707,2092.041667,25160.0,32.8,2.0,0,0,1,Approved
10523,1,debt_consolidation,0.1103,327.53,10.30895266,13.4,707,3359.0,10837.0,83.4,1.0,0,0,1,Approved
10524,1,small_business,0.08,313.37,11.65268741,12,777,5941.0,90335.0,53.5,3.0,0,0,0,Approved
10525,1,small_business,0.0976,128.62,11.05089001,2.7,712,6810.041667,4010.0,8.1,0.0,0,0,0,Approved
10526,1,debt_consolidation,0.1261,167.54,10.1266311,4.56,667,4799.0,3389.0,47.1,2.0,0,1,0,Review
10527,1,debt_consolidation,0.1134,501.73,11.22524339,15.14,707,6030.041667,39702.0,84.5,0.0,0,0,0,Approved
10528,1,home_improvement,0.0945,544.17,11.00209984,0.6,762,3390.041667,653.0,3.2,2.0,0,0,0,Approved
10529,1,debt_consolidation,0.08,188.02,11.00209984,9.82,762,6419.041667,5274.0,45.9,1.0,0,0,0,Approved
10530,1,debt_consolidation,0.1166,90.07,10.858999,14.45,677,2609.0,11788.0,24.7,3.0,0,0,0,Review
10531,1,debt_consolidation,0.0737,93.14,9.774118912,12.7,772,6149.0,122.0,3.7,0.0,0,0,0,Approved
10532,1,debt_consolidation,0.1545,348.87,10.91501573,13.16,662,7979.0,22122.0,78.7,2.0,0,0,0,Review
10533,1,small_business,0.0768,155.95,10.23995979,0.43,792,2267.0,103.0,1.5,0.0,0,0,0,Approved
10534,1,educational,0.0976,347.27,11.32176496,11.89,722,8669.041667,8866.0,24.3,1.0,0,1,0,Approved
10535,1,small_business,0.1134,493.5,11.51292546,2.32,697,5970.041667,4929.0,33.5,1.0,1,0,0,Review
10536,1,all_other,0.0976,80.39,10.49127422,0.5,702,1680.041667,11794.0,59.3,0.0,0,0,0,Approved
10537,1,small_business,0.1292,507.36,10.6454249,23.29,717,5220.041667,462.0,11.3,2.0,0,1,0,Approved
10538,1,debt_consolidation,0.1324,608.58,11.00209984,22.4,687,3151.041667,5855.0,54.7,0.0,0,1,1,Review
10539,1,debt_consolidation,0.1008,646.1,11.00209984,10.06,742,3960.0,6688.0,39.1,0.0,0,0,0,Approved
10540,1,credit_card,0.1229,25.02,9.852194258,24,707,2700.041667,12220.0,84.9,0.0,0,0,0,Approved
10541,1,debt_consolidation,0.1071,195.61,10.42228135,20.11,717,2309.041667,8736.0,45.7,1.0,0,0,0,Approved
10542,1,all_other,0.1324,507.15,11.14764215,3.29,672,3659.0,170.0,34,0.0,0,0,0,Review
10543,1,debt_consolidation,0.1418,548.25,10.85220675,11.13,662,2519.0,15923.0,90.5,0.0,0,0,0,Review
10544,1,all_other,0.0863,142.33,9.210340372,0,727,1110.0,0.0,0,0.0,1,0,0,Approved
10545,1,home_improvement,0.1166,495.79,10.49127422,5.17,692,4440.0,1340.0,53.6,2.0,1,0,1,Review
10546,1,all_other,0.1103,327.53,10.11070495,9.17,692,4110.0,8575.0,70.3,0.0,1,0,0,Review
10547,1,all_other,0.1103,98.26,10.62132735,16.92,682,1560.0,21498.0,42.4,1.0,0,0,0,Review
10548,1,credit_card,0.1482,587.82,11.55214618,20.12,667,8250.041667,32406.0,91.8,1.0,4,0,0,Review
10549,1,debt_consolidation,0.1197,131.97,9.782505656,15.51,672,4290.041667,7902.0,17,2.0,0,0,0,Review
10550,1,home_improvement,0.1166,330.53,11.43388226,10.74,677,5519.0,46789.0,66.7,3.0,0,0,1,Review
10551,1,debt_consolidation,0.1261,254.65,11.24575165,4.62,667,5129.0,7897.0,47.9,1.0,0,0,0,Review
10552,1,credit_card,0.1134,236.88,10.51867319,24.31,742,4710.0,6422.0,14.5,2.0,0,0,0,Approved
10553,1,small_business,0.08,313.37,10.1266311,12.14,802,7890.041667,1467.0,9.2,0.0,0,0,0,Approved
10554,1,credit_card,0.1166,826.31,11.51292546,18.88,722,1949.041667,16694.0,33.1,0.0,0,0,0,Approved
10555,1,debt_consolidation,0.08,156.69,10.37098805,10.71,762,2309.041667,1698.0,7.9,0.0,0,0,0,Approved
10556,1,all_other,0.1197,318.72,10.51856508,20.63,702,3270.0,8801.0,72.7,0.0,0,0,0,Approved
10557,1,debt_consolidation,0.1039,171.18,10.71441777,20.69,732,2610.0,5500.0,28.2,0.0,0,0,0,Approved
10558,1,debt_consolidation,0.0863,373.21,11.00209984,7.8,757,3390.0,3282.0,32.6,3.0,0,0,0,Approved
10559,1,small_business,0.1261,820.91,11.69524702,5.76,697,2141.041667,23908.0,62.8,3.0,0,0,1,Review
10560,1,credit_card,0.1071,815.04,10.858999,11.86,727,1694.041667,6088.0,8.3,0.0,0,0,1,Approved
10561,1,all_other,0.1071,358.62,11.00209984,0.4,707,1620.041667,2217.0,28.4,2.0,0,0,0,Approved
10562,1,debt_consolidation,0.1292,213.72,11.294956,20.15,677,8520.041667,22247.0,93.1,1.0,0,0,0,Review
10563,1,debt_consolidation,0.1197,99.6,11.26446411,14.8,672,4140.041667,14555.0,77,0.0,0,0,0,Review
10564,1,debt_consolidation,0.0945,409.73,11.51292546,10.51,742,3900.041667,15491.0,25.4,3.0,0,0,0,Approved
10565,1,debt_consolidation,0.1387,341.15,10.96819829,24.72,702,6839.041667,24299.0,58.6,0.0,0,0,1,Approved
10566,1,debt_consolidation,0.1703,535.02,11.58058411,15.81,1662,6660.0,44543.0,86.8,0.0,0,0,1,Approved
10567,1,credit_card,0.0976,160.78,10.4487146,1.46,712,2970.0,3735.0,21.5,0.0,0,0,0,Approved
10568,1,home_improvement,0.1008,129.22,10.3859137,16.26,717,1560.0,2352.0,27.3,1.0,0,0,0,Approved
10569,1,debt_consolidation,0.1261,335.07,10.858999,12.02,672,2699.041667,7607.0,46.7,0.0,0,0,0,Review
10570,1,debt_consolidation,0.1103,294.78,10.71441777,8.29,687,2760.041667,12303.0,59.7,0.0,0,0,0,Review
10571,1,credit_card,0.1039,233.65,10.77895629,12.63,702,1140.0,5824.0,44.7,0.0,0,0,0,Approved
10572,1,debt_consolidation,0.1292,504.84,10.71441777,6.08,677,3240.0,5071.0,78,1.0,1,0,1,Review
10573,1,debt_consolidation,0.1039,486.76,10.88382293,11.37,717,2250.0,24.0,0.3,0.0,0,0,0,Approved
10574,1,debt_consolidation,0.1197,398.4,10.71441777,22.67,702,3183.041667,16616.0,66.7,0.0,0,0,0,Approved
10575,1,debt_consolidation,0.1103,671.44,10.55581274,15.72,722,3580.041667,31566.0,32.3,1.0,0,0,1,Approved
10576,1,small_business,0.1261,670.13,10.54534144,4.04,687,3570.041667,4110.0,91.3,0.0,0,0,0,Review
10577,1,debt_consolidation,0.1071,521.63,10.59653473,19.23,722,3120.041667,16738.0,77.9,1.0,0,0,0,Approved
10578,1,all_other,0.0976,803.87,12.20607265,4.95,777,2159.0,54392.0,0,0.0,0,0,0,Approved
10579,1,home_improvement,0.1103,98.26,11.23697432,11.8,717,6589.0,46427.0,98.4,0.0,0,0,0,Approved
10580,1,credit_card,0.1387,135.61,10.08580911,21.9,662,4200.041667,10944.0,82.3,1.0,0,0,0,Review
10581,1,debt_consolidation,0.1324,676.2,11.28978191,20.73,697,4080.0,16805.0,64.1,0.0,0,0,0,Review
10582,1,debt_consolidation,0.0976,321.55,10.54534144,3.22,722,2670.041667,9255.0,63,0.0,0,0,0,Approved
10583,1,debt_consolidation,0.1071,652.04,10.86969163,13.11,727,4085.0,16194.0,39.8,1.0,0,0,0,Approved
10584,1,debt_consolidation,0.0976,771.72,11.91839057,0.22,782,4319.041667,4643.0,5.8,3.0,0,0,0,Approved
10585,1,debt_consolidation,0.0863,316.28,10.30895266,13.16,752,4109.0,3808.0,31,2.0,0,0,0,Approved
10586,1,debt_consolidation,0.145,516.32,11.08214255,15.6,662,3570.041667,9080.0,63.9,1.0,0,0,0,Review
10587,1,debt_consolidation,0.1039,292.06,10.49460201,14.45,707,1621.041667,4551.0,25.3,0.0,0,0,0,Approved
10588,1,debt_consolidation,0.1166,330.53,10.4341158,23.96,742,3840.041667,11927.0,45.5,2.0,0,0,0,Approved
10589,1,small_business,0.1355,339.6,11.17885035,3.35,662,5460.0,5261.0,73.1,2.0,1,0,1,Review
10590,1,debt_consolidation,0.0768,93.57,10.5865844,0.91,767,5520.0,1139.0,27.1,1.0,0,0,0,Approved
10591,1,debt_consolidation,0.0976,192.93,10.13459927,5.43,707,2820.041667,5280.0,40.6,1.0,0,0,0,Approved
10592,1,credit_card,0.0945,320.1,11.08214255,11.69,727,2641.0,13607.0,63.3,3.0,0,0,0,Approved
10593,1,debt_consolidation,0.1134,394.8,10.54534144,8.72,687,4261.041667,11134.0,70.9,0.0,0,0,0,Review
10594,1,home_improvement,0.1134,329.0,11.22524339,14.8,712,2970.0,23623.0,45.7,3.0,0,0,0,Approved
10595,1,debt_consolidation,0.1103,311.16,11.22524339,11.3,692,4380.0,9711.0,71.4,0.0,1,0,0,Review
10596,1,debt_consolidation,0.08,94.01,10.49127422,2.6,742,4380.0,2456.0,23.4,0.0,1,0,0,Approved
10597,1,debt_consolidation,0.1387,341.15,10.4744671,13.19,662,4050.0,11969.0,88,2.0,0,0,1,Review
10598,1,small_business,0.0945,192.06,11.00209984,13.16,732,4470.0,32421.0,55,0.0,0,0,0,Approved
10599,1,major_purchase,0.0832,182.61,10.46367461,0.72,742,2767.041667,1348.0,5.2,3.0,0,0,0,Approved
10600,1,debt_consolidation,0.1671,710.18,11.08214255,20.09,662,4110.0,26255.0,74.3,1.0,0,0,0,Review
10601,1,debt_consolidation,0.1071,508.59,10.77895629,14.58,717,5219.0,20838.0,62.6,1.0,0,0,1,Approved
10602,1,credit_card,0.0945,456.94,11.81303006,11.18,737,3660.0,11188.0,56,1.0,0,0,0,Approved
10603,1,all_other,0.08,313.37,11.66992921,0,787,8370.0,0.0,0,0.0,0,0,0,Approved
10604,1,home_improvement,0.0863,28.47,10.95080655,0.32,717,1680.041667,167.0,3.3,2.0,0,0,0,Approved
10605,1,debt_consolidation,0.1166,330.53,10.30895266,15.44,687,2159.0,10997.0,75.3,0.0,0,0,0,Review
10606,1,major_purchase,0.1008,32.31,10.54534144,20.53,732,3360.0,2308.0,46.2,0.0,0,0,0,Approved
10607,1,debt_consolidation,0.1197,481.4,11.08214255,8.6,687,3270.0,15506.0,95.7,1.0,0,0,1,Review
10608,1,debt_consolidation,0.1134,263.2,10.08580911,9.8,682,3210.041667,7720.0,63.7,2.0,0,0,0,Review
10609,1,debt_consolidation,0.1071,163.01,10.828401,6.95,687,4229.041667,11973.0,70.8,0.0,0,1,0,Review
10610,1,all_other,0.0976,675.25,10.71441777,1.79,767,2044.041667,142.0,0.6,0.0,0,0,0,Approved
10611,1,home_improvement,0.0976,482.32,10.16585182,5.77,777,4560.041667,3050.0,2.9,1.0,0,0,1,Approved
10612,1,debt_consolidation,0.1134,493.5,10.96335901,8.61,697,5129.0,14453.0,45.5,1.0,0,0,0,Review
10613,1,all_other,0.0976,180.07,10.59663473,7.47,707,2939.0,7842.0,43.8,2.0,0,0,0,Approved
10614,1,debt_consolidation,0.1039,162.26,11.15051985,15.72,707,2970.0,5762.0,43.3,1.0,0,0,1,Approved
10615,1,home_improvement,0.0863,316.28,11.60093634,6.4,742,4080.0,2339.0,44.1,0.0,0,0,0,Approved
10616,1,debt_consolidation,0.1387,375.26,10.81985828,20.93,672,2340.041667,17436.0,93.2,0.0,0,0,0,Review
10617,1,debt_consolidation,0.0976,482.32,10.91508846,15.1,762,7920.041667,11648.0,14.8,1.0,0,0,1,Approved
10618,1,debt_consolidation,0.145,663.47,10.42228135,9.86,667,2940.0,8731.0,56.7,1.0,0,0,1,Review
10619,1,debt_consolidation,0.1513,173.65,10.93339264,21.32,667,3600.041667,22210.0,98.3,0.0,0,0,0,Review
10620,1,debt_consolidation,0.0863,221.4,10.6454249,2.74,727,2310.041667,6496.0,40.1,0.0,0,0,0,Approved
10621,1,debt_consolidation,0.1103,360.29,9.92329018,6.82,697,1530.0,3041.0,84.5,2.0,0,0,1,Review
10622,1,all_other,0.1166,330.53,10.30895266,8.56,682,1200.0,2000.0,46.5,3.0,0,0,0,Review
10623,1,major_purchase,0.0976,321.55,10.08580911,2.7,717,5168.0,3717.0,16.1,3.0,1,0,1,Approved
10624,1,debt_consolidation,0.1576,420.47,11.51292546,18.55,667,4560.041667,34841.0,89.6,0.0,0,0,0,Review
10625,1,all_other,0.0945,224.07,11.44035477,10.86,717,4080.0,5257.0,32.9,1.0,0,0,1,Approved
10626,1,debt_consolidation,0.1418,548.25,11.84934056,3.4,662,2610.0,15193.0,33.4,0.0,0,0,0,Review
10627,1,all_other,0.1134,329.0,10.261162,5.37,687,2730.041667,3245.0,54.1,2.0,0,1,0,Review
10628,1,debt_consolidation,0.1229,490.29,10.52406404,21.94,702,1950.041667,14694.0,43.1,2.0,0,0,1,Approved
10629,1,all_other,0.08,225.63,11.32659589,5.54,762,4259.041667,438.0,0.8,3.0,0,0,0,Approved
10630,1,all_other,0.0976,257.24,10.59663473,18.72,742,6569.0,38605.0,67.7,0.0,0,0,0,Approved
10631,1,debt_consolidation,0.1071,95.36,10.20359214,6.62,682,1199.0,6611.0,49.1,1.0,0,0,0,Review
10632,1,debt_consolidation,0.1418,274.13,10.53049493,20.71,662,4140.041667,5723.0,52,1.0,0,0,0,Review
10633,1,home_improvement,0.08,156.69,11.28978191,3.75,762,12668.04167,8366.0,7.1,0.0,0,0,0,Approved
10634,1,debt_consolidation,0.1197,351.92,10.57254694,14.9,682,2579.0,7583.0,80.7,0.0,0,0,1,Review
10635,1,debt_consolidation,0.1039,194.71,9.729134165,7.5,692,1920.0,4524.0,94.2,1.0,0,0,0,Review
10636,1,home_improvement,0.1008,258.44,11.03488966,0.81,712,3660.0,3596.0,25.1,1.0,0,1,0,Approved
10637,1,major_purchase,0.1608,879.92,10.71441777,6.4,667,5160.0,12704.0,54.1,0.0,3,0,1,Review
10638,1,credit_card,0.0945,150.45,11.08214255,11.13,717,5208.0,16724.0,41.7,0.0,0,0,0,Approved
10639,1,home_improvement,0.0945,640.2,11.69524702,4.19,787,5159.0,311.0,0,2.0,0,0,0,Approved
10640,1,debt_consolidation,0.1292,168.28,11.1844214,19.67,687,4710.0,19771.0,92.4,1.0,0,0,0,Review
10641,1,debt_consolidation,0.1008,581.49,11.12431747,11.01,732,3389.0,10826.0,41.5,0.0,0,0,0,Approved
10642,1,home_improvement,0.0945,640.2,10.70324447,0.81,797,3450.041667,281.0,1.7,1.0,0,0,0,Approved
10643,1,all_other,0.1513,694.59,11.2515607,10.25,662,3332.0,4289.0,66,1.0,0,0,0,Review
10644,1,debt_consolidation,0.1292,807.74,11.29849385,15.08,697,4440.0,21364.0,86.5,0.0,0,0,1,Review
10645,1,all_other,0.0976,514.48,13.25759333,1.61,742,6390.041667,22627.0,27.3,1.0,0,0,0,Approved
10646,1,debt_consolidation,0.1418,411.19,11.20721519,18.16,662,3209.041667,11258.0,71.7,1.0,0,0,0,Review
10647,1,debt_consolidation,0.1039,389.41,10.34817337,17,717,3209.041667,0.0,0,2.0,0,0,0,Approved
10648,1,debt_consolidation,0.1387,264.39,10.30895266,24.68,682,1500.0,26996.0,66.8,0.0,0,0,0,Review
10649,1,all_other,0.0976,482.32,11.08214255,11.35,737,3990.0,3834.0,33.3,2.0,0,0,1,Approved
10650,1,debt_consolidation,0.1355,645.24,11.87756858,1.67,677,5370.041667,9416.0,95.1,2.0,0,0,0,Review
10651,1,debt_consolidation,0.1229,293.51,10.81977828,20.04,692,3360.0,25807.0,59.8,1.0,0,0,0,Review
10652,1,all_other,0.0863,316.28,11.00209984,8.94,732,4440.0,16167.0,44.3,3.0,0,0,0,Approved
10653,1,debt_consolidation,0.1134,361.9,10.858999,9.39,687,2703.041667,12678.0,43.6,0.0,0,1,0,Review
10654,1,debt_consolidation,0.1229,281.84,14.52835448,0.13,672,1293.041667,8747.0,51.8,1.0,0,0,0,Review
10655,1,debt_consolidation,0.1071,684.64,11.08214255,2.9,722,1380.041667,5694.0,17.7,1.0,0,0,1,Approved
10656,1,debt_consolidation,0.1324,338.1,11.09741002,18.2,672,4620.041667,12008.0,54.2,3.0,1,0,0,Review
10657,1,debt_consolidation,0.1197,278.88,10.84778248,20.96,697,4619.041667,14129.0,84.1,0.0,0,0,0,Review
10658,1,home_improvement,0.1039,486.76,11.58988651,8.92,712,3059.041667,15553.0,20,1.0,0,0,0,Approved
10659,1,home_improvement,0.1197,298.8,11.28978191,19.37,682,9059.041667,26966.0,70.2,1.0,0,1,0,Review
10660,1,all_other,0.1166,330.53,11.06663836,13.33,712,4383.0,2388.0,48.7,2.0,0,0,0,Approved
10661,1,debt_consolidation,0.1261,234.55,10.46310334,9.63,667,1290.041667,11698.0,78.5,1.0,0,0,0,Review
10662,1,credit_card,0.0976,241.16,11.40756495,12.32,722,1950.041667,5570.0,25.4,3.0,0,0,0,Approved
10663,1,major_purchase,0.0945,224.07,9.915613732,5.99,712,4470.0,4641.0,33.1,0.0,0,0,0,Approved
10664,1,debt_consolidation,0.1166,396.63,10.77895629,10.05,682,2670.0,15774.0,44.8,2.0,0,0,0,Review
10665,1,debt_consolidation,0.1324,507.15,10.75312553,10.03,672,4110.0,9288.0,71.4,0.0,0,0,0,Review
10666,1,debt_consolidation,0.1355,288.66,10.2646524,17.56,662,1889.0,17488.0,90.6,1.0,0,0,0,Review
10667,1,debt_consolidation,0.0832,409.3,10.26813067,0.83,807,5189.0,209.0,2.3,1.0,0,0,0,Approved
10668,1,debt_consolidation,0.1292,222.97,10.23995979,19.93,667,5729.041667,15049.0,71.3,0.0,0,0,0,Review
10669,1,all_other,0.1197,365.2,10.49127422,15.83,682,4410.0,23253.0,72,1.0,0,0,0,Review
10670,1,debt_consolidation,0.1261,603.12,11.14186178,14.02,682,3570.041667,10769.0,63,1.0,1,0,0,Review
10671,1,credit_card,0.1387,852.87,11.05089001,17.28,692,8700.041667,21357.0,42,1.0,0,0,0,Review
10672,1,debt_consolidation,0.0945,320.1,11.45105006,7.44,727,3360.0,29884.0,43.6,0.0,0,0,0,Approved
10673,1,home_improvement,0.1008,807.62,11.46163217,10.42,757,11970.04167,16386.0,11.3,0.0,0,0,0,Approved
10674,1,debt_consolidation,0.1071,326.02,11.24177269,10.37,702,11280.0,26888.0,26.2,0.0,0,0,0,Approved
10675,1,debt_consolidation,0.1292,336.56,10.52406404,6.74,672,2609.0,7067.0,65.8,0.0,0,0,0,Review
10676,1,credit_card,0.1166,396.63,11.73606902,12.94,682,3720.0,36467.0,62.9,0.0,0,0,0,Review
10677,1,debt_consolidation,0.1261,301.56,10.42228135,14.68,687,4650.041667,14371.0,60.9,0.0,1,0,1,Review
10678,1,debt_consolidation,0.1103,491.3,11.91582729,9.52,702,3780.041667,25870.0,56.1,0.0,1,0,1,Approved
10679,1,debt_consolidation,0.1134,416.19,10.59663473,21.96,717,4291.041667,1727.0,8.9,1.0,0,0,0,Approved
10680,1,credit_card,0.164,636.39,11.91839057,24.03,672,4290.041667,28846.0,57.9,1.0,0,0,1,Review
10681,1,home_improvement,0.1229,406.91,10.55581274,9.31,687,5670.041667,2329.0,39.4,0.0,0,0,0,Review
10682,1,all_other,0.0737,62.1,10.46310334,0.86,797,11430.0,324.0,0.2,0.0,0,0,0,Approved
10683,1,debt_consolidation,0.1261,201.04,10.81977828,3.89,667,5970.041667,20845.0,47.7,0.0,0,0,0,Review
10684,1,debt_consolidation,0.1103,491.3,11.11542853,15.5,707,2370.041667,12569.0,46.2,0.0,0,0,1,Approved
10685,1,debt_consolidation,0.1103,327.53,10.75790288,13.48,702,3000.0,9697.0,58,0.0,0,0,0,Approved
10686,1,all_other,0.1103,327.53,10.42228135,2.61,697,2370.041667,2952.0,30.1,2.0,0,0,0,Review
10687,1,debt_consolidation,0.1071,179.31,10.62132735,12.12,692,7140.041667,13427.0,82.9,0.0,0,0,0,Review
10688,1,all_other,0.1229,667.06,11.08214255,13.5,692,2370.041667,6045.0,34.9,1.0,0,1,1,Review
10689,1,debt_consolidation,0.1103,720.57,11.40756495,17.39,717,4470.0,18913.0,34.1,1.0,0,0,0,Approved
10690,1,debt_consolidation,0.1324,405.72,10.87804719,17.82,667,7349.0,18593.0,35,0.0,5,1,0,Review
10691,1,all_other,0.08,313.37,10.858999,2.1,792,5219.0,0.0,0,1.0,0,0,0,Approved
10692,1,credit_card,0.0945,409.73,11.08214255,8.86,742,5129.0,13207.0,77.7,0.0,0,0,0,Approved
10693,1,all_other,0.1103,157.22,10.66886237,2.34,687,1950.0,3273.0,44.8,1.0,0,0,0,Review
10694,1,debt_consolidation,0.1229,633.71,11.56171563,10.01,687,5250.041667,19368.0,38.6,1.0,3,0,0,Review
10695,1,all_other,0.1071,782.44,11.15625052,0.57,727,5040.041667,782.0,3,1.0,0,0,1,Approved
10696,1,educational,0.1103,589.56,10.66347529,6.15,707,2820.041667,6362.0,69.2,0.0,0,0,0,Approved
10697,1,all_other,0.0976,353.71,11.33384664,5.88,717,4500.0,15342.0,50,0.0,1,0,0,Approved
10698,1,debt_consolidation,0.1103,206.35,10.96819829,9.21,687,7049.0,871.0,8.1,0.0,0,0,0,Review
10699,1,credit_card,0.0832,251.88,11.82041016,8.63,752,6149.041667,13238.0,23,1.0,0,0,0,Approved
10700,1,debt_consolidation,0.1261,301.56,10.81977828,7.15,667,2579.0,1918.0,56.4,0.0,0,0,0,Review
10701,1,credit_card,0.1039,464.05,10.30895266,21.28,752,2729.041667,5649.0,30.2,2.0,0,0,0,Approved
10702,1,debt_consolidation,0.0945,230.47,10.71441777,0.8,717,2730.041667,3332.0,30.6,0.0,0,0,1,Approved
10703,1,all_other,0.1734,895.56,11.47210347,18.8,662,11520.04167,14706.0,77,0.0,2,0,0,Review
10704,1,debt_consolidation,0.1261,670.13,11.33857208,14.51,692,1890.0,27129.0,39,2.0,0,0,0,Review
10705,1,debt_consolidation,0.1292,269.25,11.15625052,4.08,667,5820.0,1152.0,13.1,3.0,3,0,0,Review
10706,1,debt_consolidation,0.1292,377.79,10.35316092,23.31,712,3780.0,8837.0,52.6,1.0,0,0,1,Approved
10707,1,all_other,0.0976,30.55,10.04324949,22.38,742,4470.0,2246.0,9.9,1.0,0,0,0,Approved
10708,1,debt_consolidation,0.1039,389.41,10.30895266,0,712,4440.0,9258.0,71.2,1.0,0,0,0,Approved
10709,1,debt_consolidation,0.1324,405.72,10.20359214,11.96,667,4890.041667,8671.0,61.5,0.0,0,0,0,Review
10710,1,debt_consolidation,0.1387,477.61,11.04292184,20.45,677,2675.0,20065.0,66,2.0,0,0,0,Review
10711,1,educational,0.1134,329.0,10.14124382,8.79,692,3839.041667,1573.0,39.3,0.0,0,0,1,Review
10712,1,debt_consolidation,0.0832,377.82,11.40756495,1.63,792,5729.041667,4359.0,15.3,0.0,0,0,0,Approved
10713,1,all_other,0.1324,338.1,10.96819829,10.9,662,2009.041667,10055.0,54.9,3.0,0,1,0,Review
10714,1,major_purchase,0.1355,407.52,11.15625052,17.07,667,7565.041667,2549.0,57.9,0.0,0,0,0,Review
10715,1,debt_consolidation,0.1071,273.86,10.83958091,16.47,702,4530.041667,16021.0,66.8,1.0,0,0,0,Approved
10716,1,all_other,0.1008,807.62,10.89635036,0,762,6420.041667,0.0,0,1.0,0,0,0,Approved
10717,1,debt_consolidation,0.1197,398.4,11.35040654,14.08,682,7230.041667,22205.0,88.8,2.0,0,1,0,Review
10718,1,debt_consolidation,0.0945,320.1,11.73606902,5.28,727,9120.0,9438.0,33.5,3.0,0,0,0,Approved
10719,1,debt_consolidation,0.0863,316.28,11.40756495,5.91,732,5760.041667,18343.0,26.2,0.0,1,0,0,Approved
10720,1,all_other,0.1008,387.66,11.77528973,21.2,772,6750.041667,74885.0,0,0.0,0,0,0,Approved
10721,1,all_other,0.1039,162.26,9.903487553,14.82,702,2851.041667,4873.0,26.9,1.0,0,0,0,Approved
10722,1,credit_card,0.1134,493.5,11.33857208,10.49,697,3089.041667,11332.0,39.7,0.0,0,0,0,Review
10723,1,debt_consolidation,0.1229,640.38,10.87804719,18.93,702,3689.0,20033.0,82.8,1.0,0,0,1,Approved
10724,1,debt_consolidation,0.1261,180.94,10.60905725,12.12,667,2729.041667,4565.0,68.1,0.0,1,0,0,Review
10725,1,major_purchase,0.1134,296.1,11.51292546,1.2,682,5130.0,4000.0,80,3.0,0,0,0,Review
10726,1,all_other,0.1166,115.69,10.90159787,12.38,672,7530.041667,0.0,0,0.0,2,0,0,Review
10727,1,all_other,0.1134,230.3,10.71441777,9.92,687,2520.041667,1767.0,34.6,1.0,0,1,0,Review
10728,1,all_other,0.1324,405.72,10.69557468,14.4,672,3720.0,768.0,64,2.0,0,0,0,Review
10729,1,credit_card,0.0976,305.47,11.06763786,4.8,717,5070.041667,12226.0,45.6,0.0,1,1,0,Approved
10730,1,all_other,0.0737,93.14,10.58415721,1.55,802,3660.0,2724.0,7.9,0.0,0,0,0,Approved
10731,1,all_other,0.08,109.68,10.79059661,0.62,742,7170.041667,308.0,17.1,4.0,0,0,0,Approved
10732,1,debt_consolidation,0.08,37.61,9.60238246,2.43,747,2250.0,1946.0,6.5,3.0,0,0,0,Approved
10733,1,all_other,0.1008,129.22,10.91871823,19.43,717,4770.0,4446.0,61.7,3.0,0,0,0,Approved
10734,1,debt_consolidation,0.1008,290.75,10.57131693,5.17,707,2190.0,8486.0,66.8,1.0,0,0,0,Approved
10735,1,all_other,0.1355,203.76,11.1844214,23.37,682,6599.0,19826.0,39,2.0,0,0,0,Review
10736,1,credit_card,0.0945,160.05,10.59663473,5.97,722,2819.041667,3212.0,35.7,1.0,1,0,0,Approved
10737,1,credit_card,0.1355,407.52,10.91508846,14.99,667,4499.0,10918.0,59,2.0,0,0,0,Review
10738,1,educational,0.0945,320.1,11.15625052,9.38,722,1859.0,8850.0,32.3,0.0,0,0,0,Approved
10739,1,all_other,0.1039,129.81,10.30895266,6.04,697,6330.0,10366.0,64.4,0.0,0,1,0,Review
10740,1,debt_consolidation,0.1229,366.89,10.50232405,11.6,677,1500.0,10765.0,60.5,2.0,0,0,0,Review
10741,1,all_other,0.1134,658.0,10.91508846,5.19,712,8400.0,5482.0,17.4,0.0,2,0,1,Approved
10742,1,debt_consolidation,0.0945,480.15,11.04132055,6.46,752,4500.0,5196.0,34.6,2.0,0,0,0,Approved
10743,1,all_other,0.0976,803.87,11.15625052,4.92,792,4140.0,3114.0,11.3,0.0,0,0,0,Approved
10744,1,all_other,0.1039,272.59,10.46321762,19.61,717,4439.958333,213.0,7.1,1.0,0,1,0,Approved
10745,1,debt_consolidation,0.1197,249.0,9.862665558,10.94,677,1920.0,6450.0,70.9,3.0,0,0,0,Review
10746,1,credit_card,0.1229,400.24,11.40756495,8.81,677,2340.041667,15486.0,33.1,1.0,0,0,0,Review
10747,1,all_other,0.0863,253.03,10.89821971,10.78,732,3390.0,5623.0,67.7,1.0,0,0,0,Approved
10748,1,credit_card,0.1039,129.81,10.87804719,13.09,702,4441.0,1308.0,6.9,1.0,0,0,0,Approved
10749,1,debt_consolidation,0.0945,448.14,10.6454249,5.31,737,3030.0,11556.0,24.3,0.0,0,0,0,Approved
10750,1,major_purchase,0.1134,118.44,10.91508846,13.51,682,3510.0,623.0,31.1,0.0,0,0,0,Review
10751,1,all_other,0.1039,811.27,11.51292546,7.25,737,3780.0,0.0,0,2.0,1,0,0,Approved
10752,1,all_other,0.1355,407.52,11.77528973,8.32,662,3060.041667,22044.0,81.6,0.0,0,0,0,Review
10753,1,credit_card,0.08,250.7,10.38183131,8.55,782,5550.0,8793.0,18.8,0.0,0,0,0,Approved
10754,1,debt_consolidation,0.1324,444.6,10.53720315,20.66,677,4620.041667,2796.0,38.8,2.0,0,0,0,Review
10755,1,all_other,0.1071,489.03,11.28978191,6.9,707,7410.0,8298.0,38.6,3.0,0,1,0,Approved
10756,1,debt_consolidation,0.1355,373.56,10.77895629,22.75,677,2730.041667,10211.0,96.3,0.0,0,0,0,Review
10757,1,credit_card,0.1071,195.61,10.81977828,9.22,687,2790.0,22188.0,70,0.0,0,0,0,Review
10758,1,debt_consolidation,0.1166,314.0,10.59663473,18.78,697,2309.958333,21160.0,78.7,0.0,0,0,1,Review
10759,1,credit_card,0.0768,109.17,10.30895266,2.52,762,3840.0,2096.0,46.6,0.0,0,0,0,Approved
10760,1,debt_consolidation,0.145,516.32,11.22235924,24.61,682,2430.0,55632.0,80.7,3.0,0,0,0,Review
10761,1,educational,0.0976,241.16,9.903487553,10.56,717,4121.958333,3415.0,14.3,0.0,0,0,0,Approved
10762,1,all_other,0.0863,221.4,10.75363848,12.23,727,2940.958333,1287.0,7.8,0.0,0,0,0,Approved
10763,1,credit_card,0.1103,294.78,11.12726298,12.72,687,9119.958333,36164.0,39.4,1.0,0,0,1,Review
10764,1,debt_consolidation,0.1513,680.69,11.22524339,19.36,662,2669.958333,20658.0,55.4,0.0,0,0,0,Review
10765,1,credit_card,0.1071,228.22,10.30895266,21.48,722,10110.0,24397.0,53.4,1.0,0,0,0,Approved
10766,1,debt_consolidation,0.08,87.75,9.60238246,5.48,747,2249.958333,1946.0,6.5,3.0,0,0,0,Approved
10767,1,all_other,0.1039,324.51,11.08795638,14.82,767,6420.0,0.0,0,1.0,0,0,0,Approved
10768,1,debt_consolidation,0.1051,97.53,10.59663473,16.08,727,3464.041667,14582.0,26.7,2.0,0,0,1,Approved
10769,1,debt_consolidation,0.1071,208.65,10.91508846,6.11,697,3689.958333,14971.0,46.8,0.0,0,0,0,Review
10770,1,debt_consolidation,0.1482,691.55,11.40756495,23.45,692,3870.0,43868.0,47.8,1.0,0,1,0,Review
10771,1,debt_consolidation,0.1008,323.05,10.77895629,2.65,742,4260.0,6512.0,16.4,0.0,0,0,0,Approved
10772,1,credit_card,0.0832,236.14,11.15625052,2.81,757,4199.958333,7905.0,30.2,0.0,0,0,0,Approved
10773,1,credit_card,0.0976,213.83,11.18886982,15.63,717,4379.958333,6161.0,26.6,0.0,0,0,0,Approved
10774,1,debt_consolidation,0.1103,537.15,10.818177,4.42,712,1859.958333,3964.0,24,0.0,0,0,1,Approved
10775,1,home_improvement,0.1039,194.71,10.20359214,21.78,737,4989.0,1815.0,60.5,3.0,0,0,0,Approved
10776,1,all_other,0.08,235.03,10.59663473,5.22,772,5280.0,0.0,0,3.0,0,0,0,Approved
10777,1,debt_consolidation,0.0976,707.41,11.28978191,9.81,757,5549.958333,1998.0,22.4,1.0,0,0,0,Approved
10778,1,home_improvement,0.0945,128.04,11.48452599,13.16,732,2500.0,41248.0,5.3,3.0,0,0,0,Approved
10779,1,debt_consolidation,0.1261,670.13,11.09741002,13.4,687,3419.958333,24008.0,77.9,0.0,0,0,0,Review
10780,1,credit_card,0.1197,697.2,11.92503512,7.99,697,8101.958333,17788.0,52.7,3.0,0,0,0,Review
10781,1,all_other,0.0945,480.15,11.91839057,6.47,757,3990.0,4232.0,8.9,2.0,0,0,0,Approved
10782,1,all_other,0.1134,98.7,10.53049493,7.72,677,1680.0,0.0,,1.0,0,0,1,Review
10783,1,debt_consolidation,0.157,525.17,11.35035948,20.44,672,5490.0,28511.0,56.7,1.0,0,0,0,Review
10784,1,all_other,0.0768,187.14,10.67359577,0.83,792,4139.958333,138.0,0.2,0.0,0,0,0,Approved
10785,1,credit_card,0.1166,314.0,11.69524702,18.23,697,4950.0,114629.0,64.5,2.0,0,0,0,Review
10786,1,debt_consolidation,0.1039,324.51,11.23261615,12.88,707,2939.958333,10689.0,18.4,3.0,0,0,0,Approved
10787,1,debt_consolidation,0.0976,257.24,10.08580911,17,732,3779.958333,6188.0,53.8,0.0,0,0,0,Approved
10788,1,debt_consolidation,0.0832,314.85,10.59533389,14.54,772,5790.0,4743.0,28.1,0.0,0,0,1,Approved
10789,1,debt_consolidation,0.1103,235.83,11.04917425,21.83,717,5219.958333,12025.0,37.2,2.0,0,0,0,Approved
10790,1,home_improvement,0.0976,803.87,11.69524702,8.91,792,8129.958333,3706.0,12.8,1.0,0,0,0,Approved
10791,1,debt_consolidation,0.1134,526.4,11.35040654,9.37,702,4590.0,8833.0,44.8,1.0,0,1,0,Approved
10792,1,debt_consolidation,0.1039,292.06,10.71441777,14.64,712,4439.958333,6239.0,63,3.0,0,0,0,Approved
10793,1,debt_consolidation,0.1324,540.96,10.59663473,11.73,672,3210.0,5671.0,55.1,0.0,0,0,0,Review
10794,1,credit_card,0.1229,100.06,10.37349118,13.28,672,4320.0,2940.0,27.7,1.0,2,0,0,Review
10795,1,debt_consolidation,0.1355,848.99,11.03488966,14.26,697,2730.0,7019.0,13.4,2.0,0,0,1,Review
10796,1,debt_consolidation,0.1197,298.8,10.95954023,18.76,682,4350.0,9883.0,66.7,1.0,1,1,0,Review
10797,1,debt_consolidation,0.0976,482.32,12.07254125,3.17,742,2820.0,1436.0,3.1,,0,0,0,Approved
10798,1,debt_consolidation,0.1292,168.28,10.64780302,21.04,677,2910.958333,13073.0,55.9,3.0,0,0,1,Review
10799,1,all_other,0.1008,807.62,11.88448902,1.73,762,7769.958333,5681.0,14.1,1.0,0,0,0,Approved
10800,1,debt_consolidation,0.1039,811.27,11.40756495,13.28,747,3359.958333,48556.0,10.9,0.0,0,0,0,Approved
10801,1,debt_consolidation,0.1324,253.58,10.81961827,24.89,712,2418.0,19418.0,83.7,3.0,1,0,0,Approved
10802,1,debt_consolidation,13.25,118.34,10.95080655,23.05,687,2730.0,45988.0,88.4,0.0,0,0,0,Review
10803,1,credit_card,0.1039,584.12,12.23076526,12.27,712,5549.958333,77034.0,32.3,2.0,0,0,0,Approved
10804,1,educational,0.1103,52.41,10.53209621,15.84,682,1829.958333,0.0,,0.0,0,0,0,Review
10805,1,debt_consolidation,0.1008,151.03,10.46310334,18.72,722,3900.0,9910.0,99.1,2.0,0,0,1,Approved
10806,1,educational,0.0832,188.91,11.5228758,11.75,737,6870.0,1532.0,4.7,0.0,0,0,0,Approved
10807,1,all_other,0.0976,167.21,10.4341158,1.52,707,2579.958333,4699.0,28.8,1.0,1,0,0,Approved
10808,1,educational,0.0832,251.88,10.62254611,17.6,797,6989.958333,7017.0,8.4,0.0,0,0,1,Approved
10809,1,major_purchase,0.1008,161.53,10.6454249,21.77,762,4470.958333,13.0,1.9,1.0,0,0,0,Approved
10810,1,all_other,0.1292,807.74,11.46163217,7.06,687,6360.0,9201.0,49.7,2.0,1,1,0,Review
10811,1,credit_card,0.1261,837.67,11.60739893,24.04,757,7260.0,8220.0,63.2,0.0,0,0,1,Approved
10812,1,all_other,0.1292,269.25,10.81977828,1.39,662,4446.958333,2692.0,49.9,3.0,0,0,0,Review
10813,1,all_other,0.0976,578.79,11.50287513,8.86,742,4530.0,2448.0,61.2,3.0,0,0,0,Approved
10814,1,all_other,0.0768,93.57,10.81977828,0.79,757,3180.0,3894.0,10.5,0.0,0,0,0,Approved
10815,1,all_other,0.1197,166.0,10.77895629,20.68,692,9330.0,13734.0,28.4,0.0,0,0,0,Review
10816,1,all_other,0.1134,329.0,10.81977828,12.05,692,1620.0,13744.0,62.2,0.0,0,0,0,Review
10817,1,credit_card,0.1103,201.44,10.48328685,17.1,687,1260.0,6111.0,64.3,0.0,0,0,0,Review
10818,1,credit_card,0.1008,646.1,11.91839057,6.86,742,3180.0,84.0,0.2,2.0,0,0,0,Approved
10819,1,all_other,0.0976,385.86,11.45952469,8.65,727,4650.0,19073.0,28.6,3.0,1,0,1,Approved
10820,1,debt_consolidation,0.1229,232.64,10.23995979,12.81,667,6283.958333,13817.0,38.4,0.0,1,0,0,Review
10821,1,credit_card,0.1166,330.53,11.69524702,8.13,682,3060.0,59145.0,81.1,0.0,0,0,0,Review
10822,1,debt_consolidation,0.1292,201.94,10.61643736,15.32,667,2700.0,7091.0,47.3,2.0,2,0,0,Review
10823,1,debt_consolidation,0.1071,603.13,10.44290063,13.33,717,4560.0,18179.0,34.4,0.0,0,0,0,Approved
10824,1,debt_consolidation,0.1039,389.41,10.43816641,15.99,712,4590.0,6151.0,52.7,1.0,0,0,0,Approved
10825,1,major_purchase,0.08,250.7,10.80454281,2.24,777,3780.958333,2056.0,7.3,1.0,0,0,0,Approved
10826,1,debt_consolidation,0.1482,691.55,11.22524339,14.69,672,4439.958333,29292.0,60.4,1.0,0,0,0,Review
10827,1,all_other,0.0832,37.79,10.40426284,3.42,722,2160.0,6685.0,19.2,1.0,0,0,0,Approved
10828,1,credit_card,0.1039,194.71,10.58870336,13.88,702,2730.0,7198.0,65.4,1.0,0,0,0,Approved
10829,1,debt_consolidation,0.0976,321.55,10.49824983,8.11,717,4139.958333,6179.0,11.2,2.0,0,0,1,Approved
10830,1,all_other,0.0945,640.2,11.44563115,3.98,777,3029.958333,32.0,0.3,0.0,0,0,0,Approved
10831,1,major_purchase,0.0768,187.14,10.5865844,9.52,817,6629.958333,922.0,3.8,0.0,0,0,0,Approved
10832,1,home_improvement,0.1324,202.86,10.55581274,23.09,687,5010.0,9912.0,65.6,1.0,0,0,0,Review
10833,1,credit_card,0.0863,142.33,9.047821442,4.24,732,2100.0,6699.0,7.2,0.0,1,0,0,Approved
10834,1,educational,0.1324,338.1,11.53272809,7.31,667,3823.0,27452.0,96.3,2.0,0,0,1,Review
10835,1,debt_consolidation,0.1166,528.84,11.28978191,13.47,702,2400.0,14958.0,46.7,3.0,0,0,0,Approved
10836,1,credit_card,0.1229,266.83,11.47210347,5.36,687,4062.958333,45251.0,66.7,3.0,1,0,1,Review
10837,1,all_other,0.0768,155.95,12.1281111,11.97,777,5526.958333,9253.0,33.3,0.0,0,0,0,Approved
10838,1,credit_card,0.1324,845.25,11.91839057,7.84,697,5189.958333,31405.0,95.7,0.0,0,0,0,Review
10839,1,debt_consolidation,0.1134,230.3,10.59663473,9.81,682,3030.958333,6475.0,96.6,0.0,0,0,0,Review
10840,1,debt_consolidation,0.1134,263.2,10.71441777,8.75,682,2490.0,0.0,,1.0,1,0,1,Review
10841,1,debt_consolidation,0.1071,391.22,11.30458678,18.59,717,2639.958333,34566.0,69,1.0,0,0,0,Approved
10842,1,all_other,0.0832,314.85,11.28978191,6.25,752,3150.0,3248.0,16.7,0.0,0,0,0,Approved
10843,1,debt_consolidation,0.1166,462.74,10.91508846,8.42,687,3749.958333,17623.0,83.1,0.0,1,0,0,Review
10844,1,all_other,0.1292,100.97,10.5454467,20.84,672,9119.958333,9642.0,64.3,0.0,2,0,0,Review
10845,1,debt_consolidation,0.145,550.74,11.47029976,22.27,672,5159.958333,16930.0,70.8,0.0,0,0,0,Review
10846,1,credit_card,0.1324,446.29,11.22524339,21.06,682,5159.958333,13438.0,71.9,1.0,0,1,1,Review
10847,1,debt_consolidation,0.1229,500.3,11.2515607,19.39,692,3450.0,18198.0,44.3,2.0,1,0,0,Review
10848,1,debt_consolidation,0.1229,50.03,10.27505111,4.18,662,2850.0,0.0,0,3.0,0,0,0,Review
10849,1,debt_consolidation,0.0976,176.86,10.26813067,21.92,762,3120.0,1763.0,26.3,0.0,0,0,0,Approved
10850,1,credit_card,0.0976,96.47,11.51292546,2.1,702,1770.0,8439.0,22,0.0,0,0,0,Approved
10851,1,debt_consolidation,0.1166,370.19,11.28978191,17.78,692,1980.0,24259.0,56.5,0.0,0,0,1,Review
10852,1,all_other,0.08,206.83,10.82177629,12.86,762,12330.0,3339.0,16.9,1.0,0,0,0,Approved
10853,1,credit_card,0.1134,296.1,9.825526011,11.68,682,4230.0,9237.0,64.6,1.0,0,1,1,Review
10854,1,debt_consolidation,0.1103,818.83,11.99535161,9.38,722,3719.958333,7746.0,26,0.0,2,0,0,Approved
10855,1,credit_card,0.0976,318.34,11.00209984,1.8,717,3820.0,4506.0,18.7,2.0,0,1,0,Approved
10856,1,home_improvement,0.0832,125.94,11.10465643,0,767,4740.0,1401.0,1.9,1.0,0,0,0,Approved
10857,1,credit_card,0.0976,450.17,10.71441777,11.31,727,2730.0,14571.0,59.5,0.0,0,0,0,Approved
10858,1,debt_consolidation,0.1229,23.35,9.852194258,12.38,662,1199.958333,0.0,,1.0,0,0,0,Review
10859,1,debt_consolidation,0.1166,178.49,10.9560559,15.92,687,4505.958333,3037.0,76.8,0.0,1,0,0,Review
10860,1,debt_consolidation,0.1197,116.2,10.61643736,21.97,687,3749.958333,17394.0,93.5,1.0,0,0,0,Review
10861,1,debt_consolidation,0.1166,247.9,11.00209984,19.22,687,4530.0,17745.0,92.4,1.0,0,0,0,Review
10862,1,debt_consolidation,0.1292,269.25,10.71441777,19.89,692,5249.958333,4755.0,89.7,1.0,0,0,0,Review
10863,1,credit_card,0.1103,262.03,10.57131693,14.8,697,1589.958333,8158.0,57,0.0,0,0,0,Review
10864,1,all_other,0.1103,141.66,11.69524702,15.07,722,5219.958333,70685.0,88.7,1.0,0,0,0,Approved
10865,1,debt_consolidation,0.1418,568.81,11.08460106,14.62,667,3719.958333,11294.0,61.4,1.0,1,0,0,Review
10866,1,debt_consolidation,0.1324,223.15,10.3859137,22,672,2279.958333,6521.0,67.7,3.0,0,0,0,Review
10867,1,debt_consolidation,0.1039,243.38,11.01862914,14.85,727,2490.0,4322.0,44.1,2.0,0,0,0,Approved
10868,1,credit_card,0.1071,224.14,10.57131693,9.66,717,4739.958333,19383.0,90.2,1.0,0,0,0,Approved
10869,1,all_other,0.1103,235.83,10.34174248,14.4,692,3930.0,19076.0,66.6,0.0,0,0,1,Review
10870,1,credit_card,0.1418,428.32,10.95080655,24.55,692,2700.0,34181.0,59.5,0.0,0,0,0,Review
10871,1,debt_consolidation,0.1576,659.61,11.69524702,14.23,677,5070.0,27550.0,94.6,2.0,1,1,0,Review
10872,1,debt_consolidation,0.1229,192.62,11.48452599,19.7,707,4530.0,13685.0,46.7,1.0,0,0,0,Approved
10873,1,home_improvement,0.0768,155.95,10.59663473,11.49,797,6959.958333,257.0,1.4,0.0,0,0,0,Approved
10874,1,debt_consolidation,0.1134,213.85,10.83958091,20.82,722,8700.0,23119.0,50.6,3.0,0,1,0,Approved
10875,1,credit_card,0.0976,482.32,11.64395373,14.33,762,6120.0,26402.0,87.3,0.0,0,0,0,Approved
10876,1,major_purchase,0.1008,587.14,12.32385568,4.51,757,5460.0,2527.0,39.5,0.0,0,0,0,Approved
10877,1,all_other,0.0863,202.42,10.98359637,10.55,727,3344.958333,1686.0,52.7,0.0,0,0,0,Approved
10878,1,credit_card,0.0976,160.78,10.54534144,4.45,712,3419.958333,9877.0,60.6,2.0,0,0,0,Approved
10879,1,all_other,0.1324,265.41,12.20607265,15.62,707,4680.0,36293.0,62.3,3.0,0,0,1,Approved
10880,1,debt_consolidation,0.1071,339.06,10.87066149,15.6,717,3749.958333,19859.0,63.4,0.0,0,0,1,Approved
10881,1,credit_card,0.1134,274.72,11.00209984,14.56,687,3419.958333,15629.0,66.2,0.0,0,1,0,Review
10882,1,debt_consolidation,0.1166,198.32,10.20359214,18.53,682,1529.958333,5901.0,47.2,0.0,0,0,0,Review
10883,1,major_purchase,0.1103,183.42,10.81977828,0.6,682,1303.0,424.0,8,2.0,1,0,0,Review
10884,1,credit_card,0.145,640.24,11.22524339,22.74,682,5969.958333,32682.0,96.1,0.0,0,0,0,Review
10885,1,debt_consolidation,0.0863,132.84,11.6421978,2.09,737,6390.0,11730.0,47.5,0.0,0,0,0,Approved
10886,1,debt_consolidation,0.1197,260.62,12.10071213,6.65,682,3900.0,20237.0,24.4,3.0,0,0,0,Review
10887,1,credit_card,0.1197,109.56,9.798127037,17.4,672,1169.958333,8562.0,32.9,3.0,0,0,1,Review
10888,1,credit_card,0.1166,240.46,10.91348718,16.91,712,4859.958333,17581.0,98.2,0.0,0,0,1,Approved
10889,1,debt_consolidation,0.1355,339.6,11.90496755,10.14,662,4620.0,3608.0,37.6,1.0,1,0,0,Review
10890,1,all_other,0.1008,306.9,11.46163217,3.36,757,4170.0,16098.0,22.8,0.0,0,0,0,Approved
10891,1,debt_consolidation,0.1387,388.91,11.00209984,24.48,712,10110.0,44293.0,73.6,0.0,0,0,0,Approved
10892,1,debt_consolidation,0.1418,513.98,11.09741002,21.49,702,5400.0,24992.0,77.1,0.0,0,0,0,Approved
10893,1,credit_card,0.1039,389.41,10.7342204,18.75,732,2370.0,14499.0,23.9,0.0,0,0,0,Approved
10894,1,credit_card,0.0737,22.51,9.392661929,3.6,792,2609.958333,1814.0,7,0.0,0,0,0,Approved
10895,1,credit_card,0.1008,315.78,11.8493977,2.74,752,5879.958333,28332.0,51,0.0,0,0,0,Approved
10896,1,debt_consolidation,0.145,430.27,11.00209984,21.72,697,8489.958333,24325.0,83.2,0.0,0,1,0,Review
10897,1,all_other,0.0976,16.08,10.98529272,22.17,742,4590.0,65414.0,47.8,0.0,0,0,0,Approved
10898,1,debt_consolidation,0.1292,175.01,11.32659589,14.24,707,8670.0,56002.0,73.8,0.0,0,0,0,Approved
10899,1,debt_consolidation,0.1229,268.5,11.6307085,3.07,687,4710.0,18673.0,66.7,0.0,2,0,0,Review
10900,1,major_purchase,0.08,188.02,11.98292909,0.13,767,4560.0,3713.0,22.8,1.0,0,0,0,Approved
10901,1,home_improvement,0.0976,204.19,11.08214255,13.79,747,8039.958333,14102.0,35.4,4.0,0,0,0,Approved
10902,1,debt_consolidation,0.1039,324.51,11.03811028,10.59,707,1469.958333,7618.0,47.2,2.0,0,0,0,Approved
10903,1,debt_consolidation,0.0976,287.79,10.71441777,7.6,727,6750.0,0.0,0,1.0,1,0,0,Approved
10904,1,major_purchase,0.1355,155.37,11.06663836,13.5,697,7582.0,8399.0,41,2.0,0,0,1,Review
10905,1,debt_consolidation,0.0976,144.7,10.90227951,4.24,707,1499.958333,3818.0,61.6,0.0,0,0,1,Approved
10906,1,debt_consolidation,0.1261,402.08,10.82512397,10.12,672,8864.958333,16083.0,70.2,0.0,0,1,0,Review
10907,1,debt_consolidation,0.1039,324.51,10.55581274,7.12,712,2010.0,13845.0,28.9,0.0,0,0,0,Approved
10908,1,credit_card,0.1071,234.74,10.59663473,18.75,712,4560.0,12938.0,49,0.0,0,1,0,Approved
10909,1,debt_consolidation,0.1197,292.16,10.81977828,8.14,697,6840.0,8243.0,37,2.0,0,1,0,Review
10910,1,debt_consolidation,0.1197,166.0,10.77895629,13.03,677,3510.0,14859.0,81.2,3.0,1,0,0,Review
10911,1,educational,0.1608,492.76,11.57025053,20.39,677,6269.958333,33627.0,74.7,1.0,0,0,1,Review
10912,1,all_other,0.0768,31.19,10.49127422,1.8,747,2520.0,4782.0,16.7,0.0,0,0,0,Approved
10913,1,educational,0.1071,117.37,11.60823564,15.01,697,3059.958333,71928.0,87.9,1.0,0,0,0,Review
10914,1,debt_consolidation,0.1197,166.0,10.84583582,22.73,692,3719.958333,12235.0,70.3,0.0,0,0,0,Review
10915,1,all_other,0.1197,318.72,11.26446411,13,682,2999.958333,36920.0,88.6,0.0,0,0,0,Review
10916,1,debt_consolidation,0.0976,151.13,10.69194491,18.38,722,4393.958333,8504.0,25,1.0,0,0,0,Approved
10917,1,all_other,0.1166,198.32,11.1124479,7.07,677,6060.0,8224.0,52.1,0.0,0,0,0,Review
10918,1,debt_consolidation,0.1197,239.04,11.06663836,22.28,697,5579.958333,30970.0,71,1.0,0,0,1,Review
10919,1,debt_consolidation,0.1166,170.22,10.47107151,17.69,702,3930.0,12110.0,30.2,2.0,1,0,1,Approved
10920,1,all_other,0.08,313.37,10.27467173,2.24,792,14100.0,2751.0,16.7,0.0,0,0,0,Approved
10921,1,debt_consolidation,0.1324,83.68,10.81977828,17.77,677,4859.958333,17807.0,81.3,3.0,0,1,1,Review
10922,1,credit_card,0.0976,96.47,10.77895629,17.65,712,3029.958333,6981.0,42.8,0.0,0,0,0,Approved
10923,1,home_improvement,0.1197,149.4,11.65442503,15.49,672,5159.958333,22625.0,86.4,1.0,1,0,0,Review
10924,1,home_improvement,0.1166,165.27,11.15051985,3.53,677,3120.0,669.0,15.6,0.0,0,0,0,Review
10925,1,credit_card,0.1197,135.29,11.39659388,14.59,677,5549.958333,5529.0,82.5,2.0,0,1,0,Review
10926,1,all_other,0.1703,249.68,11.48246626,16.53,662,5189.958333,1349.0,8.3,3.0,3,0,0,Review
10927,1,credit_card,0.1355,203.76,11.31447453,18.74,672,5820.0,16888.0,51.8,1.0,1,0,0,Review
10928,1,credit_card,0.1103,108.09,11.15625052,1.37,677,2339.958333,670.0,60.9,0.0,3,0,0,Review
10929,1,credit_card,0.1008,129.22,9.61580548,8.08,707,1290.0,3946.0,35.9,0.0,0,0,1,Approved
10930,1,all_other,0.1071,163.01,10.81977828,9.58,702,5129.958333,854.0,71.2,1.0,0,0,1,Approved
10931,1,debt_consolidation,0.0832,128.3,9.862665558,1.25,742,1981.0,296.0,2,0.0,0,0,0,Approved
10932,1,debt_consolidation,0.1039,184.97,10.49127422,9.57,697,2430.0,6342.0,74.4,0.0,0,0,0,Review
10933,1,debt_consolidation,0.1008,323.05,10.48192509,21.57,747,4889.958333,16973.0,26.4,0.0,0,0,0,Approved
10934,1,debt_consolidation,0.1261,134.03,10.33851146,22.83,677,2432.0,2876.0,61.2,2.0,0,1,0,Review
10935,1,all_other,0.1229,93.39,10.18490001,25.43,737,1380.0,1705.0,6.4,0.0,0,0,0,Approved
10936,1,debt_consolidation,0.1008,161.53,10.20359214,12.71,732,3150.0,11837.0,20.6,0.0,0,0,0,Approved
10937,1,debt_consolidation,0.0832,220.39,10.91501573,9.58,782,4439.958333,9304.0,24.7,1.0,0,0,0,Approved
10938,1,all_other,0.1008,161.53,10.70324447,11.73,742,4499.958333,5171.0,44.2,1.0,0,0,0,Approved
10939,1,all_other,0.1103,229.28,10.37349118,0.38,702,9929.958333,10.0,0.4,0.0,3,0,0,Approved
10940,1,credit_card,0.0976,199.36,10.49127422,16.8,732,10199.95833,16101.0,75.6,0.0,0,0,0,Approved
10941,1,debt_consolidation,0.1103,78.61,10.81977828,13.82,682,3990.0,5106.0,60.8,0.0,0,0,0,Review
10942,1,major_purchase,0.1134,220.43,10.23995979,23.14,752,2400.0,95.0,0.8,1.0,0,0,1,Approved
10943,1,home_improvement,0.1576,350.39,10.66061161,13.56,662,3450.0,2076.0,23.1,2.0,0,0,0,Review
10944,1,credit_card,0.1103,147.39,10.52788737,24.97,757,6780.0,22403.0,32,0.0,0,0,0,Approved
10945,1,debt_consolidation,0.1608,387.17,11.31447453,19.96,662,6599.958333,19608.0,31.1,1.0,0,0,1,Review
10946,1,debt_consolidation,0.1071,286.9,11.08980542,13.08,702,4379.958333,35098.0,51.5,2.0,0,0,0,Approved
10947,1,credit_card,0.1039,243.38,11.41861479,10.64,707,3331.0,11336.0,31.9,2.0,1,0,0,Approved
10948,1,debt_consolidation,0.08,219.36,10.46310334,15.81,797,4740.0,644.0,2.7,0.0,0,0,0,Approved
10949,1,debt_consolidation,0.1039,259.61,10.95080655,14.42,732,2579.958333,15444.0,47.8,0.0,0,0,0,Approved
10950,1,all_other,0.0863,506.05,10.40426284,1.16,812,7409.958333,2248.0,3.1,0.0,0,0,0,Approved
10951,1,debt_consolidation,0.1071,97.81,10.65169094,16.83,687,2370.0,8911.0,53.4,2.0,1,0,0,Review
10952,1,debt_consolidation,0.1197,307.93,11.32659589,7.46,687,6900.0,17430.0,92.2,0.0,0,1,0,Review
10953,1,debt_consolidation,0.1387,170.58,10.70324447,29.15,752,4529.958333,5171.0,44.2,1.0,0,0,0,Approved
10954,1,home_improvement,0.1039,178.48,10.4341158,18.46,717,5670.0,175.0,1,0.0,0,0,1,Approved
10955,1,home_improvement,0.0945,272.09,10.81977828,3.12,762,2579.958333,1133.0,18,1.0,0,0,0,Approved
10956,1,major_purchase,0.0768,99.81,11.0303147,12.29,762,10709.95833,7232.0,3.6,2.0,0,0,0,Approved
10957,1,debt_consolidation,0.1292,252.42,10.98529272,18.81,672,3889.0,12195.0,58.9,3.0,0,1,1,Review
10958,1,debt_consolidation,0.1292,168.28,9.825093485,9.41,662,11039.95833,4652.0,89.5,1.0,1,0,0,Review
10959,1,credit_card,0.1134,296.1,11.7905572,5.44,682,4889.958333,25120.0,85.4,1.0,0,1,0,Review
10960,1,debt_consolidation,0.1008,206.76,11.03488966,8.11,712,5549.958333,5815.0,49.3,2.0,0,1,0,Approved
10961,1,debt_consolidation,0.1008,310.13,11.00209984,19.72,732,5070.0,19500.0,30.9,0.0,0,0,0,Approved
10962,1,debt_consolidation,0.1008,128.42,10.49664864,21.78,762,6719.958333,12879.0,19.5,1.0,0,0,0,Approved
10963,1,credit_card,0.1103,147.39,11.28978191,11.03,697,10649.95833,43712.0,82.5,0.0,0,0,1,Review
10964,1,debt_consolidation,0.1387,327.5,11.60823564,18.62,662,6299.958333,68030.0,82.7,3.0,0,0,0,Review
10965,1,all_other,0.1134,131.6,11.56171563,11.04,677,1650.0,1527.0,50.9,2.0,0,1,0,Review
10966,1,debt_consolidation,0.145,289.14,10.81977828,20.59,662,1680.0,19056.0,69,0.0,0,0,0,Review
10967,1,debt_consolidation,0.1229,213.46,10.46310334,20.78,687,4620.0,9408.0,64,1.0,0,0,0,Review
10968,1,credit_card,0.1166,185.1,11.00209984,21.52,707,4529.958333,39010.0,34.2,1.0,0,0,0,Approved
10969,1,debt_consolidation,0.1103,245.65,11.56171563,11.14,692,7054.958333,30449.0,61.3,2.0,0,0,0,Review
10970,1,all_other,0.0976,160.78,10.75790288,13.53,717,8429.958333,5000.0,23.1,1.0,0,0,0,Approved
10971,1,all_other,0.08,188.02,10.20359214,5.38,752,4350.0,5959.0,70.9,0.0,0,0,0,Approved
10972,1,all_other,0.1071,163.01,12.20607265,12.48,702,7319.958333,53087.0,69.9,1.0,0,0,1,Approved
10973,1,credit_card,0.1134,118.44,10.46310334,14.47,687,2339.958333,7722.0,48.9,0.0,0,0,0,Review
10974,1,credit_card,0.1387,118.55,10.66881585,24.51,687,4109.958333,21043.0,81.6,3.0,0,0,1,Review
10975,1,all_other,0.1103,98.26,10.30895266,14.56,682,5189.958333,8572.0,84,1.0,0,1,0,Review
10976,1,debt_consolidation,0.1039,207.69,11.3736634,14.79,712,5430.0,21532.0,66.9,2.0,0,0,0,Approved
10977,1,debt_consolidation,0.0945,128.04,10.27505111,17.63,722,4320.0,3717.0,15.1,0.0,0,1,0,Approved
10978,1,all_other,0.0737,62.1,11.49272276,0,782,6450.0,5235.0,5.1,0.0,0,0,0,Approved
10979,1,debt_consolidation,0.1292,154.82,10.4341158,20.33,672,1770.0,20853.0,43.4,2.0,0,0,0,Review
10980,1,credit_card,0.1166,122.3,11.0090258,19.58,697,5519.958333,15948.0,88.8,0.0,0,1,1,Review
10981,1,credit_card,0.1418,342.66,11.40756495,20.77,672,2626.958333,59106.0,62.3,0.0,0,0,0,Review
10982,1,debt_consolidation,0.1134,210.56,10.858999,16.98,692,1469.958333,2898.0,41.4,0.0,0,0,0,Review
10983,1,major_purchase,0.0863,237.21,11.28978191,14.6,762,3370.958333,1127.0,3.8,1.0,0,0,0,Approved
10984,1,debt_consolidation,0.1197,136.95,11.15625052,6.6,677,2400.0,16952.0,40.4,2.0,0,0,1,Review
10985,1,all_other,0.1008,177.68,11.88448902,5.53,707,5611.958333,26681.0,41.4,2.0,0,0,0,Approved
10986,1,credit_card,0.1166,101.64,11.51292546,20.53,702,7079.958333,91557.0,87.8,0.0,0,0,1,Approved
10987,1,debt_consolidation,0.0863,189.77,11.51292546,4.55,727,6480.0,3828.0,12,0.0,1,0,0,Approved
10988,1,debt_consolidation,0.08,219.36,10.69194491,16.04,777,3389.958333,752.0,1.9,1.0,0,0,0,Approved
10989,1,home_improvement,0.08,156.69,10.59663473,5.7,762,9599.958333,7755.0,10.8,3.0,0,0,0,Approved
10990,1,all_other,0.08,175.49,10.69194491,0.95,797,6636.958333,2051.0,0.7,5.0,0,0,0,Approved
10991,1,all_other,0.1071,293.42,10.57131693,11.69,697,1680.0,8858.0,52.4,2.0,0,0,0,Review
10992,1,all_other,0.1008,138.92,10.858999,5.33,707,10739.95833,4972.0,61.4,0.0,0,0,0,Approved
10993,1,debt_consolidation,0.1197,70.55,11.08214255,14.95,682,3120.0,45028.0,95.2,1.0,0,0,0,Review
10994,1,all_other,0.08,70.51,11.08214255,12.55,802,6299.958333,116416.0,1.4,0.0,0,0,1,Approved
10995,1,debt_consolidation,0.1197,76.36,11.00209984,24.94,732,6359.958333,21765.0,49.4,0.0,0,0,0,Approved
10996,1,all_other,0.0832,134.6,10.49127422,1.77,757,4019.958333,6837.0,17.5,3.0,0,0,0,Approved
10997,1,credit_card,0.1071,163.01,10.30895266,20.28,717,3150.0,6024.0,45.3,0.0,0,0,0,Approved
10998,1,all_other,0.0737,31.05,10.59663473,12.9,777,10259.95833,4055.0,46.6,0.0,0,0,0,Approved
10999,1,debt_consolidation,0.1008,171.22,11.30220443,14.79,712,6900.0,66235.0,97.4,0.0,0,0,1,Approved
11000,1,credit_card,0.1134,180.95,11.48246626,17.15,687,5189.958333,29243.0,96.2,1.0,0,1,0,Review
11001,1,all_other,0.1103,163.77,11.00209984,10.94,687,10050.0,20066.0,88.1,1.0,1,0,0,Review
11002,1,credit_card,0.1229,166.77,10.47163824,14.96,677,4829.958333,18099.0,69.2,0.0,0,0,0,Review
11003,1,all_other,0.08,112.82,11.73606902,5.46,797,9330.0,3638.0,20.3,2.0,0,0,0,Approved
11004,1,all_other,0.0863,163.68,11.35040654,18.52,747,6420.0,28180.0,27,0.0,0,0,0,Approved
11005,1,debt_consolidation,0.1008,193.83,10.77895629,9.3,707,6329.958333,,36.2,0.0,0,0,1,Approved
11006,1,all_other,0.1008,122.76,11.51292546,21.54,742,4350.0,29144.0,31.8,0.0,0,0,0,Approved
11007,1,home_improvement,0.1166,231.37,11.08214255,19.68,687,4499.958333,44548.0,39.6,0.0,0,0,0,Review
11008,1,debt_consolidation,0.0945,160.05,10.59663473,15.06,727,5070.0,6301.0,30.7,0.0,1,0,0,Approved
11009,1,educational,0.1222,179.93,11.00209984,18.08,692,3190.0,26013.0,37,1.0,0,0,0,Review
11010,1,all_other,0.0768,62.38,11.28983191,11.46,762,8819.958333,6222.0,18.7,0.0,0,0,0,Approved
11011,1,home_improvement,0.1071,116.56,,13.3,702,6060.0,10083.0,53.9,1.0,0,1,1,Approved
11012,1,credit_card,0.1039,132.24,11.01862914,9.29,692,3090.0,14350.0,90.3,0.0,0,0,0,Review
11013,1,credit_card,0.1292,164.08,11.31447453,9.06,662,6629.958333,20644.0,90.5,1.0,1,0,0,Review
11014,1,all_other,0.1292,195.21,10.81977828,18.01,672,2249.958333,7423.0,53.4,0.0,0,0,1,Review
11015,1,debt_consolidation,0.1292,153.98,9.871377499,15.06,667,7409.958333,8150.0,70.1,2.0,0,1,0,Review
11016,1,all_other,0.08,235.03,10.71441777,7.17,797,6090.0,9409.0,11.1,1.0,0,0,0,Approved
11017,1,debt_consolidation,0.0832,188.91,10.59663473,2.82,742,2070.0,4712.0,25.3,0.0,0,0,0,Approved
11018,1,debt_consolidation,0.1197,153.55,10.59663473,23.85,732,2353.958333,12811.0,47.6,0.0,0,0,1,Approved
11019,1,debt_consolidation,0.1387,255.86,11.03488966,19.24,662,1601.958333,10748.0,90.3,0.0,0,0,0,Review
11020,1,debt_consolidation,0.1355,254.7,10.6454249,16.46,662,4439.958333,13779.0,59.4,1.0,0,0,0,Review
11021,1,home_improvement,0.0863,173.17,11.1124479,10.33,727,5189.958333,2410.0,4.4,1.0,1,0,0,Approved
11022,1,educational,0.1545,209.32,10.49127422,24.03,662,2339.958333,6668.0,40.9,1.0,0,0,0,Review
11023,1,all_other,0.1324,253.58,11.66992921,5.78,662,10080.0,23611.0,32.7,0.0,2,0,0,Review
11024,1,all_other,0.1008,188.99,11.28978191,17.61,722,3870.0,2930.0,10.7,2.0,0,1,1,Approved
11025,1,credit_card,0.1071,167.09,11.08214255,6.77,692,3389.958333,11817.0,94.5,2.0,0,0,0,Review
11026,1,debt_consolidation,0.1103,212.9,10.91508846,11.76,692,2430.0,6565.0,26.6,1.0,1,0,0,Review
11027,1,debt_consolidation,0.1134,164.5,10.9040459,15.09,682,2940.0,10944.0,37.6,3.0,0,0,0,Review
11028,1,all_other,0.1039,118.45,11.09741002,1.56,697,2309.958333,15807.0,20,0.0,0,0,0,Review
11029,1,debt_consolidation,0.0863,98.84,10.34817337,1.92,732,5549.958333,814.0,3.8,0.0,0,0,0,Approved
11030,1,credit_card,0.1103,183.42,10.59663473,16.98,697,3660.0,8366.0,62,2.0,0,0,0,Review
11031,1,all_other,0.1166,57.85,10.40426284,4.51,672,2130.0,6487.0,53.6,3.0,0,0,0,Review
11032,1,credit_card,0.06,231.03,11.1844214,14.07,672,2910.0,15885.0,46.9,1.0,1,0,0,Review
11033,1,debt_consolidation,0.0945,128.04,10.12647109,11.38,722,1710.0,6291.0,24,0.0,0,0,0,Approved
11034,1,debt_consolidation,0.1008,242.29,11.08214255,16.26,717,2820.0,16471.0,37.9,1.0,0,0,0,Approved
11035,1,all_other,0.08,219.36,11.08214255,5.26,762,3870.0,0.0,0,1.0,0,0,0,Approved
11036,1,all_other,0.0832,110.2,10.63258761,9.86,752,7170.0,11077.0,56.2,0.0,0,0,0,Approved
11037,1,credit_card,0.1355,254.7,10.91508846,21.51,672,3870.0,17590.0,86.2,1.0,0,0,1,Review
11038,1,credit_card,0.1039,162.26,10.91501573,12.18,692,1770.0,4520.0,47.1,1.0,0,0,0,Review
11039,1,debt_consolidation,0.1134,246.75,9.975808214,13.67,687,1199.958333,8359.0,64.5,2.0,0,0,0,Review
11040,1,debt_consolidation,0.1039,153.33,10.4723179,18.99,712,1859.958333,8775.0,34.1,1.0,0,0,0,Approved
11041,1,all_other,0.1166,231.37,10.69194491,20.54,702,2339.958333,8507.0,56.7,0.0,1,0,0,Approved
11042,1,educational,0.0768,109.17,9.741203889,2.26,752,1800.0,1223.0,10.7,0.0,0,0,0,Approved
11043,1,credit_card,0.0832,156.64,10.71441777,11.04,767,7439.958333,15862.0,53.8,0.0,0,0,0,Approved
11044,1,debt_consolidation,0.1103,166.23,11.40756495,17.71,692,3480.0,39307.0,86,0.0,0,0,0,Review
11045,1,credit_card,0.1134,131.6,10.30895266,8.32,677,2219.958333,4255.0,30.8,3.0,0,0,0,Review
11046,1,debt_consolidation,0.0737,36.48,10.46321762,7.1,782,4860.958333,3914.0,15.5,0.0,0,0,0,Approved
11047,1,home_improvement,0.0832,149.55,10.6454249,5.49,747,13259.95833,398.0,1.2,3.0,2,0,1,Approved
11048,1,credit_card,0.0976,162.39,10.54975275,15.63,722,7920.0,967.0,6.4,1.0,0,0,0,Approved
11049,1,debt_consolidation,0.1261,251.3,10.45679779,17.8,672,5612.958333,12893.0,76.7,0.0,1,0,0,Review
11050,1,all_other,0.1039,134.67,11.2515607,5.91,697,6900.0,17243.0,43,1.0,0,0,1,Review
11051,1,home_improvement,0.1229,163.43,13.12236338,2.19,672,2190.0,6459.0,23.8,1.0,0,0,0,Review
11052,1,credit_card,0.0832,151.13,10.57131693,10.83,742,6329.958333,29129.0,48.3,6.0,0,0,0,Approved
11053,1,debt_consolidation,0.1008,129.22,10.51867319,20.92,742,8760.0,1620.0,17.2,0.0,0,0,0,Approved
11054,1,all_other,0.1273,335.67,11.00209984,20.64,712,1800.0,3353.0,54.1,0.0,0,0,0,Approved
11055,1,home_improvement,0.0863,50.61,11.00209984,17.64,732,5070.0,24249.0,54.6,1.0,0,0,0,Approved
11056,1,debt_consolidation,0.1039,194.71,10.54534144,17.91,707,1410.0,3718.0,19.8,2.0,0,0,0,Approved
11057,1,debt_consolidation,0.1292,168.28,10.59653473,16.29,667,2729.958333,14244.0,85.8,2.0,0,0,0,Review
11058,1,debt_consolidation,0.1261,251.3,11.22524339,20.58,677,6976.958333,57633.0,64.1,0.0,1,0,0,Review
11059,1,credit_card,0.0976,128.62,10.30895266,17.04,717,1110.0,2489.0,32.3,0.0,0,0,0,Approved
11060,1,debt_consolidation,0.1324,169.05,10.96812932,13.28,662,5609.958333,9816.0,65.4,0.0,1,0,0,Review
11061,1,debt_consolidation,0.1166,138.82,11.13458902,8.51,672,4559.958333,20487.0,94,0.0,0,0,0,Review
11062,1,credit_card,0.145,258.16,11.59910316,21.84,662,4950.0,44098.0,92.3,2.0,0,0,0,Review
11063,1,debt_consolidation,0.1229,133.42,10.20507253,23.52,712,1440.0,3573.0,30.8,0.0,0,0,0,Approved
11064,1,all_other,0.1292,252.42,10.81977828,17.54,667,5939.958333,23401.0,35.8,1.0,3,0,1,Review
11065,1,debt_consolidation,0.1166,82.64,10.41774727,23.75,702,5430.0,3877.0,23.8,2.0,0,1,0,Approved
11066,1,all_other,0.0737,99.35,10.71973693,1.72,797,4559.958333,1397.0,3,0.0,0,0,0,Approved
11067,1,all_other,0.1229,168.44,11.03488966,8.25,667,1919.958333,29863.0,82.7,0.0,0,0,1,Review
11068,1,credit_card,0.1197,219.12,10.89673933,18.76,682,2820.0,22677.0,86.3,1.0,1,0,0,Review
11069,1,all_other,0.08,219.36,10.70324447,7.77,767,3870.0,6301.0,22.7,1.0,0,0,0,Approved
11070,1,debt_consolidation,0.1071,244.52,11.28968191,13.02,702,3479.958333,8709.0,30.1,3.0,0,0,0,Approved
11071,1,debt_consolidation,0.1261,251.3,11.28983191,18.18,677,4320.0,12749.0,61.9,1.0,0,0,1,Review
11072,1,credit_card,0.1379,306.68,10.77895629,16.64,692,3912.041667,14398.0,96,0.0,0,0,0,Review
11073,1,all_other,0.0737,93.14,10.59653473,6.39,782,3570.0,409.0,2,0.0,0,0,0,Approved
11074,1,credit_card,0.1134,213.85,10.54534144,12.95,687,5100.0,6236.0,67.8,2.0,0,0,0,Review
11075,1,debt_consolidation,0.1008,242.29,10.81977828,2.93,707,1740.0,8453.0,77.6,3.0,0,0,1,Approved
11076,1,educational,0.1166,132.21,10.08580911,3.45,672,3719.958333,3060.0,21.7,0.0,1,0,0,Review
11077,1,major_purchase,0.0976,96.47,10.73630972,15.94,712,3479.958333,1062.0,48.3,1.0,2,0,0,Approved
11078,1,all_other,0.0832,236.14,10.53677857,9.01,762,2881.0,4007.0,24,0.0,0,0,0,Approved
11079,1,major_purchase,0.0945,96.03,10.16554408,14.82,717,4169.958333,1059.0,11.1,0.0,0,0,0,Approved
11080,1,major_purchase,0.08,235.03,11.98292909,9.98,772,5909.958333,19414.0,27.9,1.0,0,0,0,Approved
11081,1,debt_consolidation,0.0945,233.67,10.63103616,16.52,727,3135.0,2185.0,15.4,0.0,0,0,0,Approved
11082,1,all_other,0.0945,32.01,11.01862914,9.45,712,3119.958333,9332.0,97.2,0.0,0,0,0,Approved
11083,1,all_other,0.0976,176.86,11.04132055,0,707,2669.958333,0.0,0,2.0,0,0,0,Approved
11084,1,all_other,0.1039,243.38,10.30895266,10.24,702,10319.95833,10444.0,14.1,1.0,1,0,0,Approved
11085,1,all_other,0.08,235.03,11.00209984,4.96,777,7859.958333,78935.0,26.2,7.0,0,0,0,Approved
11086,1,credit_card,0.0976,128.62,9.392661929,9.6,707,1320.0,3987.0,31.9,1.0,0,0,0,Approved
11087,1,educational,0.1008,226.14,10.40426284,18.91,717,3480.958333,9379.0,10.9,0.0,1,0,0,Approved
11088,1,all_other,0.1008,80.77,11.08220409,1.55,697,4380.0,9743.0,62.9,1.0,0,0,0,Review
11089,1,credit_card,0.0768,93.57,12.20607265,2.49,767,3870.0,3119.0,1.5,2.0,0,0,0,Approved
11090,1,credit_card,0.08,206.83,9.942708266,10.04,767,3449.958333,7797.0,72.2,0.0,0,0,0,Approved
11091,1,debt_consolidation,0.1229,250.15,11.08214255,1.68,672,1259.958333,2871.0,7.9,2.0,3,0,0,Review
11092,1,home_improvement,0.0863,158.14,11.77528973,10.62,727,7769.958333,1780.0,25.8,0.0,0,0,0,Approved
11093,1,home_improvement,0.0945,192.06,11.60823564,8.68,722,13349.95833,1390.0,1.8,1.0,0,0,0,Approved
11094,1,credit_card,0.1071,78.25,10.49127422,15.2,687,3029.958333,2823.0,33.2,3.0,1,1,0,Review
11095,1,debt_consolidation,0.1103,245.65,11.00209984,16.12,692,4469.958333,16382.0,52.3,1.0,1,0,1,Review
11096,1,all_other,0.1229,64.21,11.00209984,11.1,662,3059.958333,6317.0,45.4,0.0,0,0,0,Review
11097,1,debt_consolidation,0.1197,249.0,11.41861479,7.89,677,5249.958333,13068.0,30.6,3.0,1,0,0,Review
11098,1,all_other,0.1324,253.58,11.32055357,11.42,662,2609.958333,12844.0,51.8,1.0,0,1,0,Review
11099,1,all_other,0.1545,174.44,10.59663473,24.57,662,2435.0,1851.0,92.5,3.0,0,0,0,Review
11100,1,credit_card,0.1103,245.65,11.35040654,21.91,717,5189.958333,63167.0,84,2.0,0,0,0,Approved
11101,1,credit_card,0.1103,245.65,11.25504424,21.11,717,5587.958333,68356.0,71.6,2.0,0,0,0,Approved
11102,1,debt_consolidation,0.0832,204.65,10.59653473,5.43,742,2850.0,9830.0,19,5.0,0,0,0,Approved
11103,1,all_other,0.1008,51.69,10.71441777,21.57,722,2309.958333,1949.0,48.7,0.0,0,0,0,Approved
11104,1,home_improvement,0.0976,154.35,10.46310334,16.77,717,2923.0,7708.0,48.2,1.0,0,0,0,Approved
11105,1,credit_card,0.1008,167.99,10.59663473,11.87,702,4620.0,13300.0,51.6,0.0,0,1,0,Approved
11106,1,credit_card,0.1039,243.38,10.87804719,20.92,737,2279.958333,9754.0,39,0.0,0,0,0,Approved
11107,1,debt_consolidation,0.1324,253.58,11.77525896,16.78,662,4260.0,89952.0,79.5,3.0,0,0,1,Review
11108,1,credit_card,0.0863,132.84,11.00209984,19.48,762,2580.0,0.0,0,2.0,0,0,0,Approved
11109,1,debt_consolidation,0.1134,246.75,11.00209984,8.92,687,7260.0,1954.0,4.8,0.0,2,0,0,Review
11110,1,all_other,0.1008,161.53,11.00209984,14.34,707,2970.0,9737.0,44.7,2.0,0,0,0,Approved
11111,1,credit_card,0.1071,114.11,10.08580911,17.4,697,1949.958333,4063.0,76.7,0.0,0,0,0,Review
11112,1,major_purchase,0.1229,166.77,10.97472864,5.24,667,4980.0,5073.0,50,2.0,0,0,0,Review
11113,1,home_improvement,0.1103,163.77,11.42566678,12.44,682,5700.0,7945.0,41.4,2.0,0,0,0,Review
11114,1,credit_card,0.1134,39.48,9.798127037,21.13,697,2070.0,3918.0,72.6,1.0,0,0,0,Review
11115,1,debt_consolidation,0.0832,113.35,9.40261226,6.14,727,4110.958333,2877.0,70.2,0.0,0,0,0,Approved
11116,1,debt_consolidation,0.1134,213.85,10.12647109,11.23,682,2460.0,2083.0,28.1,3.0,0,0,0,Review
11117,1,debt_consolidation,0.0863,126.52,9.873234509,11.01,727,2040.958333,6835.0,34.7,0.0,0,0,0,Approved
11118,1,credit_card,0.0863,189.77,10.50369674,18.77,757,2369.958333,0.0,0,1.0,0,0,0,Approved
11119,1,home_improvement,0.0768,155.95,10.77895629,0.38,812,7950.0,52.0,0.3,0.0,0,0,0,Approved
11120,1,credit_card,0.1103,149.03,10.87804719,10.82,687,2100.0,2927.0,53.2,2.0,0,0,0,Review
11121,1,debt_consolidation,0.1253,401.6,11.10501738,17.36,697,4229.041667,20024.0,73.1,0.0,0,0,0,Review
11122,1,all_other,0.1039,233.65,11.05879518,8.96,707,4740.0,3565.0,70,2.0,0,0,0,Approved
11123,1,debt_consolidation,0.0976,241.16,11.11988288,13.55,722,6630.0,41154.0,47.1,0.0,0,0,0,Approved
11124,1,all_other,0.1134,246.75,10.40426284,3.96,682,1649.958333,8644.0,28,1.0,0,0,0,Review
11125,1,all_other,0.08,163.74,9.798127037,1.33,747,1440.0,139.0,5,0.0,0,0,0,Approved
11126,1,debt_consolidation,0.0863,142.33,11.2771525,7.53,722,5761.0,20237.0,32.7,2.0,0,0,0,Approved
11127,1,all_other,0.1292,201.94,10.37349118,4.76,662,1350.0,4378.0,71.2,0.0,0,0,0,Review
11128,1,all_other,0.1197,249.0,10.95080655,6.06,677,8939.958333,5450.0,40.7,0.0,0,0,0,Review
11129,1,credit_card,0.0945,128.04,9.903487553,5.16,722,3180.0,3621.0,14.9,0.0,0,0,0,Approved
11130,1,all_other,0.1039,243.38,10.81977828,6.86,702,3180.0,12742.0,61.6,1.0,0,0,0,Approved
11131,1,debt_consolidation,0.1103,180.15,10.87804719,3.83,682,3930.0,3491.0,23.6,0.0,0,0,0,Review
11132,1,all_other,0.1103,196.52,10.4125917,8.4,687,3359.958333,7305.0,73,0.0,0,0,0,Review
11133,1,debt_consolidation,0.1039,243.38,10.6454249,3.26,702,1443.0,3608.0,65.6,1.0,0,0,1,Approved
11134,1,all_other,0.1229,166.77,10.6454249,21.66,682,2910.0,489.0,27.2,1.0,0,0,1,Review
11135,1,all_other,0.1229,210.13,10.69203582,0.95,667,2970.0,1315.0,17.1,2.0,1,0,0,Review
11136,1,credit_card,0.1071,244.52,11.40756495,13.57,702,5010.0,7957.0,26.4,1.0,0,0,0,Approved
11137,1,credit_card,0.1008,161.53,10.77895629,3.33,702,5705.958333,899.0,15,0.0,0,1,0,Approved
11138,1,debt_consolidation,0.1197,249.0,11.13959835,21.63,692,5130.0,30245.0,40.8,2.0,0,0,1,Review
11139,1,all_other,0.1128,368.17,11.51292546,19.6,717,11102.95833,52132.0,55.7,1.0,0,0,1,Approved
11140,1,credit_card,0.0945,184.06,11.47001796,14.56,732,5639.958333,30181.0,35.7,1.0,0,0,0,Approved
11141,1,home_improvement,0.1229,70.05,10.95156065,19.92,667,9209.958333,26036.0,89.5,1.0,1,0,1,Review
11142,1,major_purchase,0.08,175.49,10.16585182,2.31,747,1800.0,1220.0,8.4,1.0,0,0,0,Approved
11143,1,debt_consolidation,0.1071,192.35,10.51325312,16.24,697,4919.958333,3382.0,36.1,0.0,0,0,0,Review
11144,1,educational,0.1166,52.89,11.00209984,18.4,677,5370.0,926.0,4.5,3.0,1,0,0,Review
11145,1,debt_consolidation,0.1261,251.3,10.6454249,5.71,667,1500.0,8944.0,57,1.0,0,0,0,Review
11146,1,all_other,0.0832,125.94,10.37361617,15.07,762,2460.0,1152.0,16.5,0.0,0,0,0,Approved
11147,1,all_other,0.0737,31.05,10.4341158,0.35,807,7139.958333,102.0,0.3,1.0,0,0,0,Approved
11148,1,all_other,0.1166,247.9,11.01862914,17.59,687,2850.0,6550.0,47.8,2.0,0,0,0,Review
11149,1,home_improvement,0.08,235.03,10.77895629,4.28,812,7950.0,52.0,0.3,0.0,0,0,0,Approved
11150,1,home_improvement,0.1229,250.15,11.7829526,3.18,672,3540.0,56481.0,61.7,0.0,0,1,0,Review
11151,1,debt_consolidation,0.1103,245.65,11.65268741,7.55,687,4949.958333,34753.0,95.2,0.0,0,0,0,Review
11152,1,all_other,0.0976,64.31,11.28983191,17.01,712,3479.958333,29889.0,37.4,1.0,0,0,0,Approved
11153,1,educational,0.0832,236.14,10.69194491,3.74,747,3389.958333,11585.0,27.1,1.0,0,0,0,Approved
11154,1,educational,0.0832,191.27,11.51292546,7.87,757,10470.0,8681.0,23.2,0.0,0,0,0,Approved
11155,1,all_other,0.1197,66.4,10.77895629,10.4,667,3839.958333,16746.0,69.2,1.0,0,0,0,Review
11156,1,major_purchase,0.1229,100.06,10.6454249,1.71,672,2610.0,1487.0,45.1,0.0,0,0,1,Review
11157,1,debt_consolidation,0.1261,201.04,10.30895266,19.92,672,1800.0,3211.0,78.3,2.0,0,0,1,Review
11158,1,all_other,0.0832,220.39,10.81977828,4.42,742,2009.958333,1098.0,7.1,0.0,0,0,0,Approved
11159,1,major_purchase,0.1134,230.3,10.46310334,5.69,682,5249.958333,2745.0,40.4,0.0,0,0,0,Review
11160,1,debt_consolidation,0.1261,134.03,11.87145968,10.92,662,4080.0,4736.0,16.8,2.0,1,0,0,Review
11161,1,home_improvement,0.0832,236.14,10.30908599,1.52,757,2520.0,1304.0,9.7,0.0,0,0,0,Approved
11162,1,debt_consolidation,0.1286,252.2,10.78931908,20.56,682,3330.0,20716.0,82.1,2.0,2,0,0,Review
11163,1,all_other,0.1229,50.03,11.9512062,7.43,662,5219.958333,8545.0,30.6,2.0,0,0,0,Review
11164,1,debt_consolidation,0.1287,504.5,10.93310697,22.18,702,3303.0,5170.0,8.6,2.0,0,0,0,Approved
11165,1,credit_card,0.1229,183.45,10.4341158,20.56,687,1410.0,4029.0,24,1.0,0,0,0,Review
11166,1,educational,0.0945,240.08,10.71441777,1.57,722,7560.0,2258.0,10.7,2.0,0,1,1,Approved
11167,1,educational,0.1355,232.63,11.15625052,24.22,687,3749.958333,8547.0,55.1,1.0,1,0,0,Review
11168,1,debt_consolidation,0.0976,241.16,10.02552818,6.74,717,1679.958333,7313.0,29.6,0.0,0,0,1,Approved
11169,1,debt_consolidation,0.0863,237.21,10.46321762,6,747,5850.0,5541.0,26.5,2.0,0,0,0,Approved
11170,1,debt_consolidation,0.1039,48.68,10.46310334,13.17,697,4229.958333,19.0,0.2,1.0,0,0,1,Review
11171,1,debt_consolidation,0.1324,253.58,10.30895266,13.44,667,1289.958333,9142.0,81.6,1.0,0,0,0,Review
11172,1,educational,0.1103,163.77,10.81977828,16.56,687,4499.958333,5584.0,80.9,2.0,0,1,0,Review
11173,1,credit_card,0.1008,232.6,10.54534144,18.09,722,2369.958333,12391.0,66.6,1.0,0,0,0,Approved
11174,1,debt_consolidation,0.0945,96.03,10.71441777,5.17,722,2460.0,5275.0,48,0.0,0,0,0,Approved
11175,1,educational,0.1008,96.92,10.49127422,6.9,697,2339.958333,8349.0,43.5,0.0,0,0,1,Review
11176,1,debt_consolidation,0.1324,253.58,10.05173513,16.76,667,2820.0,4013.0,66.9,0.0,0,0,1,Review
11177,1,home_improvement,0.0832,157.43,10.33501019,10.13,742,4307.0,20337.0,39.2,3.0,0,0,0,Approved
11178,1,debt_consolidation,0.1166,135.52,10.59653473,3.99,677,2460.0,7102.0,18.7,0.0,0,0,0,Review
11179,1,all_other,0.1039,64.91,9.998979534,8.13,692,1559.958333,1599.0,9.6,2.0,1,0,0,Review
11180,1,all_other,0.1166,175.18,11.62803827,6.75,677,2759.958333,19328.0,96.2,2.0,0,0,0,Review
11181,1,credit_card,0.1103,147.39,10.75790288,20.81,707,4350.0,25469.0,98.5,1.0,0,0,0,Approved
11182,1,credit_card,0.1103,245.65,10.96819829,21.12,717,4619.958333,36605.0,91.1,0.0,0,0,0,Approved
11183,1,credit_card,0.0976,192.93,11.01856357,12.37,712,3149.958333,6432.0,99,2.0,0,0,1,Approved
11184,1,credit_card,0.1387,221.75,11.56171563,23.99,687,4949.958333,68479.0,48.9,0.0,3,0,0,Review
11185,1,all_other,0.097,176.7,10.59653473,0.51,717,1232.958333,38.0,1.3,0.0,1,0,0,Approved
11186,1,all_other,0.08,94.01,11.44035477,0,737,1229.958333,500.0,2.4,2.0,0,0,0,Approved
11187,1,all_other,0.08,219.36,10.71840979,6.61,752,2163.0,0.0,0,3.0,0,0,0,Approved
11188,1,all_other,0.0832,236.14,10.81977828,2.42,762,3180.0,4880.0,38.1,0.0,0,0,0,Approved
11189,1,all_other,0.0768,154.39,10.46310334,0,772,6809.958333,1238.0,7.3,0.0,1,0,0,Approved
11190,1,debt_consolidation,0.1134,246.75,10.46310334,10.66,682,2714.958333,1238.0,47.7,0.0,2,0,0,Review
11191,1,debt_consolidation,0.1001,193.64,11.00209984,11.22,707,6630.0,27591.0,54.9,0.0,0,1,0,Approved
11192,1,credit_card,0.1538,243.97,11.17043516,23.54,667,5249.958333,9371.0,50.1,1.0,3,0,0,Review
11193,1,debt_consolidation,0.1191,159.23,10.5627418,7.98,672,5729.958333,11689.0,89.2,0.0,0,0,0,Review
11194,1,debt_consolidation,0.1222,249.9,10.59653473,24.63,727,3449.958333,6083.0,56.3,1.0,0,0,0,Approved
11195,1,all_other,0.1222,49.98,9.546812609,21.51,682,1530.0,8172.0,34,1.0,0,0,0,Review
11196,1,all_other,0.1001,71.0,10.98108047,10.8,702,2520.0,1051.0,58.4,1.0,0,0,0,Approved
11197,1,major_purchase,0.1191,185.76,10.14643373,2.68,677,1740.0,4885.0,35.4,2.0,0,0,0,Review
11198,1,credit_card,0.08,219.36,11.41861479,6.36,752,7804.958333,21135.0,19.7,0.0,0,0,0,Approved
11199,1,all_other,0.1222,99.96,11.01856357,21.35,682,3899.958333,12074.0,51,0.0,0,0,0,Review
11200,1,credit_card,0.1128,246.54,11.65507586,10.12,687,4979.958333,34842.0,95.5,0.0,0,0,0,Review
11201,1,home_improvement,0.1128,164.36,11.32664408,13.53,687,8189.958333,16389.0,57.7,3.0,0,1,1,Review
11202,1,all_other,0.1254,133.9,9.903487553,18.72,677,7590.0,9961.0,94.9,1.0,0,0,0,Review
11203,1,all_other,0.1128,32.88,10.92478674,17.96,677,4650.0,22557.0,98.1,0.0,0,0,0,Review
11204,1,debt_consolidation,0.1191,215.62,10.16600565,21.97,707,2280.0,7552.0,98.1,1.0,0,0,0,Approved
11205,1,major_purchase,0.08,219.36,10.0203813,10.04,757,5130.0,0.0,0,6.0,0,0,1,Approved
11206,1,debt_consolidation,0.1159,224.53,10.62609644,11.91,682,4650.0,6170.0,53.7,1.0,0,0,0,Review
11207,1,debt_consolidation,0.138,255.61,11.12726298,18.16,667,2280.0,16860.0,63.6,1.0,0,0,0,Review
11208,1,all_other,0.1159,247.65,10.37349118,13.91,692,4380.0,2131.0,45.3,1.0,0,0,0,Review
11209,1,all_other,0.1286,168.14,10.1266311,23.23,702,2490.0,19096.0,69.6,2.0,0,0,0,Approved
11210,1,credit_card,0.1096,261.76,10.83958091,12.28,697,2550.0,5329.0,29.4,2.0,1,0,0,Review
11211,1,major_purchase,0.0863,205.59,10.04324949,9.34,732,1619.958333,4386.0,14.3,0.0,0,0,0,Approved
11212,1,debt_consolidation,0.097,48.19,10.85892207,15.62,717,4619.958333,1645.0,29.9,1.0,0,0,0,Approved
11213,1,debt_consolidation,0.0976,241.16,11.26446411,13.91,727,4788.0,49150.0,42,3.0,0,0,1,Approved
11214,1,major_purchase,0.1064,182.39,11.26446411,4.26,697,4140.958333,0.0,,0.0,0,1,0,Review
11215,1,all_other,0.0863,237.21,10.6454249,19.2,787,6449.958333,8671.0,13.9,1.0,0,0,1,Approved
11216,1,debt_consolidation,0.1349,407.17,10.91508846,14.53,667,9030.0,2569.0,98.8,0.0,0,0,1,Review
11217,1,home_improvement,0.097,96.38,11.03488966,3.31,707,12150.0,8832.0,76.8,1.0,0,0,0,Approved
11218,1,all_other,0.08,72.08,10.83958091,11.6,762,5400.0,550.0,1.6,3.0,0,0,0,Approved
11219,1,all_other,0.1222,83.3,10.77895629,14.77,677,4350.0,10710.0,54.6,0.0,0,0,0,Review
11220,1,debt_consolidation,0.097,248.99,11.58988651,9.77,732,5580.0,14068.0,52.7,1.0,0,0,0,Approved
11221,1,all_other,0.1096,196.32,10.30895266,1.8,697,3360.0,2898.0,42.9,0.0,0,0,0,Review
11222,1,all_other,0.1254,92.06,10.91501573,22.13,682,5400.0,18392.0,87.6,2.0,0,0,0,Review
11223,1,all_other,0.1191,66.35,10.81985828,16.03,672,2339.958333,874.0,21.8,3.0,0,0,0,Review
11224,1,all_other,0.1286,504.4,10.86513399,18.14,677,11129.95833,12836.0,31.3,0.0,2,0,0,Review
11225,1,major_purchase,0.1222,376.52,10.95080655,22.76,712,4650.0,8939.0,74.5,0.0,0,0,1,Approved
11226,1,all_other,0.08,37.61,10.81977828,4.82,737,2490.0,1312.0,9,2.0,0,0,0,Approved
11227,1,debt_consolidation,0.1064,328.95,11.22693529,14.62,722,4919.958333,14173.0,78.7,0.0,0,0,0,Approved
11228,1,all_other,0.1033,325.85,10.81977828,16.15,727,5669.958333,1417.0,7.6,1.0,0,0,1,Approved
11229,1,debt_consolidation,0.1071,195.61,10.62132735,12.38,697,3620.0,21196.0,46.2,3.0,0,0,0,Review
11230,1,all_other,0.157,297.58,10.81977828,24.91,662,4559.958333,8155.0,78.4,3.0,0,0,0,Review
11231,1,all_other,0.1096,472.81,10.71441777,1.33,712,3240.0,1661.0,15.8,2.0,0,1,1,Approved
11232,1,credit_card,0.1317,251.64,10.91802234,10.81,667,2820.0,6413.0,81.2,1.0,0,0,0,Review
11233,1,major_purchase,0.1033,181.57,11.3736634,5.41,712,6858.0,15132.0,33.9,0.0,0,0,0,Approved
11234,1,credit_card,0.1317,216.17,10.79957558,16.09,662,4865.958333,24568.0,74.4,0.0,0,0,0,Review
11235,1,all_other,0.1001,33.89,10.89673933,11.56,707,4559.958333,8670.0,96.7,1.0,0,0,0,Approved
11236,1,debt_consolidation,0.1222,148.28,11.83500896,19,677,6059.958333,27587.0,74.8,1.0,1,0,0,Review
11237,1,home_improvement,0.138,177.22,12.20607265,3.07,662,8370.0,13793.0,57.7,0.0,2,0,0,Review
11238,1,debt_consolidation,0.1096,176.69,10.96819829,15.43,707,2550.0,7366.0,42.8,2.0,0,0,0,Approved
11239,1,all_other,0.0832,138.54,10.34174248,4.26,742,1830.0,5680.0,27.2,0.0,0,0,0,Approved
11240,1,credit_card,0.0832,94.46,11.31447453,8.34,737,8100.0,5688.0,69.3,0.0,0,0,0,Approved
11241,1,debt_consolidation,0.1222,246.57,10.51688023,13.16,677,4529.958333,10832.0,56.1,3.0,0,1,0,Review
11242,1,home_improvement,0.1254,66.95,10.34174248,3.02,667,7380.0,3574.0,60.6,3.0,0,0,0,Review
11243,1,debt_consolidation,0.1128,39.45,10.47728798,22.78,702,3871.958333,7438.0,32.3,1.0,0,0,0,Approved
11244,1,debt_consolidation,0.1033,110.24,10.75790288,1.79,702,3179.958333,3321.0,51.1,2.0,0,0,0,Approved
11245,1,credit_card,0.1286,162.25,11.56171563,10.71,682,4470.0,15478.0,96.2,0.0,0,0,0,Review
11246,1,all_other,0.1475,221.08,10.23995979,12.47,662,1349.958333,117.0,5.3,3.0,0,0,0,Review
11247,1,home_improvement,0.0768,187.14,12.07254125,5.19,782,4807.0,12760.0,10.9,0.0,0,0,0,Approved
11248,1,debt_consolidation,0.1601,109.01,10.61888534,24.47,697,5309.958333,37864.0,98.3,0.0,1,0,0,Review
11249,1,debt_consolidation,0.1128,197.23,10.59663473,5.43,682,4679.958333,12247.0,66.9,1.0,0,0,0,Review
11250,1,debt_consolidation,0.1254,187.45,11.27720313,10.92,672,5699.958333,7465.0,74.6,0.0,0,1,0,Review
11251,1,credit_card,0.0863,134.42,11.33857208,16.11,762,5850.0,16225.0,55.9,0.0,0,0,0,Approved
11252,1,debt_consolidation,0.1191,116.1,10.23981692,19.33,687,2280.0,10029.0,85,1.0,0,0,0,Review
11253,1,all_other,0.1096,75.26,10.40426284,8,687,3630.0,1857.0,33.8,0.0,0,0,0,Review
11254,1,all_other,0.097,38.56,9.798571383,7.13,712,1890.0,1905.0,27.2,1.0,0,0,0,Approved
11255,1,major_purchase,0.1096,175.06,9.998797732,20.02,722,3899.958333,2548.0,28.3,1.0,0,0,0,Approved
11256,1,debt_consolidation,0.1507,260.25,11.22524339,19.44,662,5699.958333,27087.0,97.4,2.0,0,0,0,Review
11257,1,credit_card,0.1159,188.21,11.9511804,11.92,692,3089.958333,64451.0,91.9,2.0,0,0,0,Review
11258,1,major_purchase,0.1317,212.79,11.18007865,18.95,677,6329.958333,7595.0,87.3,0.0,0,0,0,Review
11259,1,credit_card,0.1222,236.57,11.66736182,11.75,677,2850.0,29735.0,67.3,1.0,0,0,0,Review
11260,1,debt_consolidation,0.1507,173.5,10.22194128,7.9,662,1500.0,5538.0,95.5,1.0,0,0,0,Review
11261,1,all_other,0.1128,165.18,11.98292909,11.19,687,5369.958333,63353.0,77,1.0,0,0,0,Review
11262,1,home_improvement,0.1128,236.68,10.93403511,19.25,707,3539.958333,3280.0,29,1.0,0,0,0,Approved
11263,1,all_other,0.097,57.83,10.83958091,13.44,752,5400.0,835.0,2.4,5.0,0,0,0,Approved
11264,1,all_other,0.1001,216.23,10.59663473,5.13,717,6300.0,4225.0,28.9,3.0,0,1,1,Approved
11265,1,all_other,0.0832,78.72,10.1960079,6.58,722,6270.0,5134.0,13.7,1.0,2,0,0,Approved
11266,1,debt_consolidation,0.1317,238.13,11.29601246,23.03,702,12450.0,18265.0,46.8,0.0,2,0,0,Approved
11267,1,credit_card,0.1191,165.86,10.6454249,23.63,742,5207.0,9347.0,13.5,8.0,0,0,0,Approved
11268,1,credit_card,0.1033,226.96,11.13616442,8.62,722,2789.958333,22595.0,61.9,1.0,0,0,0,Approved
11269,1,all_other,0.1128,65.75,10.6454249,13.43,687,3210.0,6353.0,45.7,0.0,0,0,0,Review
11270,1,all_other,0.1475,138.18,11.04132055,12.96,692,4320.0,2188.0,27.7,3.0,0,0,0,Review
11271,1,credit_card,0.1128,73.14,10.08580911,12.45,717,6119.958333,3623.0,90.6,0.0,1,0,1,Approved
11272,1,all_other,0.1096,121.89,10.70826555,17.41,732,4320.0,886.0,25.3,3.0,0,0,0,Approved
11273,1,home_improvement,0.1159,206.37,10.54534144,8.53,682,4290.958333,6288.0,22.3,3.0,0,1,1,Review
11274,1,all_other,0.1286,107.61,10.43081625,14.77,672,7139.958333,3318.0,34.9,1.0,1,0,0,Review
11275,1,credit_card,0.1317,168.88,11.00209984,14.6,667,2610.0,7708.0,48.5,1.0,0,0,0,Review
11276,1,major_purchase,0.0832,135.39,10.81977828,17.9,757,4139.958333,4169.0,17.6,0.0,0,0,0,Approved
11277,1,all_other,0.0832,50.38,10.34174248,8.5,742,1860.0,4158.0,19.9,0.0,0,0,0,Approved
11278,1,debt_consolidation,0.1191,87.91,10.51686074,19.77,677,4559.958333,10679.0,55.3,1.0,0,1,0,Review
11279,1,credit_card,0.1191,169.18,11.20403338,18.11,687,4619.958333,22906.0,75.6,0.0,0,0,0,Review
11280,1,debt_consolidation,0.1412,167.76,10.3859137,23.85,682,3569.958333,2379.0,68,1.0,0,1,0,Review
11281,1,credit_card,0.1633,264.91,10.81977828,10.8,667,5249.958333,0.0,,0.0,0,0,1,Review
11282,1,all_other,0.097,44.18,10.59568428,20.84,757,7829.958333,14813.0,36.8,0.0,0,0,0,Approved
11283,1,debt_consolidation,0.1191,201.52,10.79949394,14.33,682,4533.958333,16979.0,41,0.0,1,0,1,Review
11284,1,all_other,0.097,76.31,10.30895266,15.04,747,1679.958333,2420.0,5.8,0.0,0,0,0,Approved
11285,1,major_purchase,0.1475,259.08,10.30895266,20.4,662,3240.0,1244.0,44.4,2.0,0,0,0,Review
11286,1,all_other,0.1033,180.76,10.30908599,13.88,752,2670.0,5063.0,40.8,6.0,0,0,0,Approved
11287,1,educational,0.1633,105.97,10.91508846,26.05,672,5430.0,19487.0,89.2,2.0,0,0,0,Review
11288,1,debt_consolidation,0.1096,185.69,11.08214255,12.04,697,8219.958333,7350.0,37.3,0.0,0,0,0,Review
11289,1,educational,0.1191,216.45,10.83467754,20.69,707,5669.958333,16881.0,50.7,0.0,0,0,0,Approved
11290,1,credit_card,0.1222,193.26,10.91508846,14.84,677,3240.0,7440.0,89.6,0.0,0,0,0,Review
11291,1,educational,0.1286,50.44,10.48514436,13.45,662,4619.958333,10363.0,71,2.0,0,1,0,Review
11292,1,all_other,0.1096,113.71,11.22524339,9.92,687,6240.0,22796.0,51.9,1.0,0,0,1,Review
11293,1,all_other,0.1096,110.43,10.30895266,0.6,722,1440.0,767.0,4.2,3.0,0,0,0,Approved
11294,1,debt_consolidation,0.1096,185.69,10.70817611,18.52,712,2250.0,25925.0,66.1,0.0,0,0,0,Approved
11295,1,all_other,0.1033,109.43,10.30895266,5.52,712,1649.958333,598.0,2.9,1.0,0,0,0,Approved
11296,1,major_purchase,0.1222,145.78,10.24313332,17.63,677,2550.0,7474.0,35.8,2.0,1,0,0,Review
11297,1,debt_consolidation,0.0832,174.74,10.71163613,13.64,777,4559.958333,5578.0,9,2.0,0,0,0,Approved
11298,1,all_other,0.1222,79.97,10.63585545,22.36,677,5580.0,12785.0,77.2,2.0,0,0,0,Review
11299,1,debt_consolidation,0.0832,47.23,10.54534144,2.53,732,2789.958333,3421.0,22.1,1.0,0,0,0,Approved
11300,1,all_other,0.1222,165.77,11.42954386,5.06,722,6389.958333,5424.0,98.6,0.0,0,0,0,Approved
11301,1,debt_consolidation,0.1696,135.41,10.46310334,29.42,672,5339.958333,536.0,9.2,2.0,0,0,0,Review
11302,1,educational,0.1191,116.1,12.07254125,2.47,677,1770.0,23806.0,60.6,1.0,0,0,0,Review
11303,1,debt_consolidation,0.1096,110.43,10.71441777,13.6,722,4470.0,23280.0,92,3.0,0,0,0,Approved
11304,1,debt_consolidation,0.08,159.82,10.87804719,6.23,752,4649.958333,10399.0,31.3,1.0,0,0,0,Approved
11305,1,debt_consolidation,0.1146,263.66,11.28978191,21.72,697,7577.0,73150.0,72.9,0.0,0,0,1,Review
11306,1,credit_card,0.1159,194.82,11.51292546,20.29,707,6119.958333,57152.0,78.7,0.0,0,0,0,Approved
11307,1,debt_consolidation,0.1001,69.39,10.46310334,1.2,722,3330.0,2400.0,35.8,0.0,0,0,0,Approved
11308,1,credit_card,0.1538,243.97,11.28978191,9.24,667,6540.0,33102.0,99.4,2.0,0,1,1,Review
11309,1,major_purchase,0.0768,96.69,10.6214249,9.39,787,5044.958333,15715.0,21.5,1.0,0,0,0,Approved
11310,1,credit_card,0.1128,218.6,11.1844214,16.86,697,2208.0,21659.0,49.9,1.0,0,0,1,Review
11311,1,debt_consolidation,0.1033,180.76,10.6454249,0,772,7529.958333,0.0,0,6.0,0,0,0,Approved
11312,1,debt_consolidation,0.0832,141.68,10.59663473,13.02,752,6300.0,12183.0,45.1,0.0,0,0,0,Approved
11313,1,all_other,0.0832,174.74,11.31447453,4.36,752,3420.0,26040.0,49.1,3.0,0,0,0,Approved
11314,1,all_other,0.1128,139.71,10.91508846,4.65,682,3209.958333,2801.0,63.7,0.0,0,0,1,Review
11315,1,debt_consolidation,0.1128,167.65,11.05879518,14.68,687,4770.0,17550.0,38.6,2.0,0,0,1,Review
11316,1,debt_consolidation,0.1159,158.5,10.81977828,20.45,707,5820.0,11781.0,58.9,2.0,0,0,0,Approved
11317,1,credit_card,0.0832,135.39,10.93310697,17.04,752,7499.958333,68895.0,41.9,2.0,0,0,0,Approved
11318,1,all_other,0.0737,31.05,11.25631561,0.74,782,12407.0,2440.0,8.6,0.0,0,0,0,Approved
11319,1,credit_card,0.1254,226.78,11.37779279,20.95,702,6630.0,31518.0,93.2,0.0,0,0,0,Approved
11320,1,all_other,0.1221,566.36,11.28978191,7.93,742,6378.041667,15146.0,27.2,1.0,0,0,0,Approved
11321,1,credit_card,0.08,184.89,12.34583459,3.92,782,4372.0,8247.0,11.1,2.0,0,0,0,Approved
11322,1,all_other,0.1159,138.68,10.30895266,17.08,687,4500.0,10655.0,68.7,1.0,0,0,0,Review
11323,1,credit_card,0.138,236.86,10.81977828,20.3,672,3690.0,9344.0,79.2,1.0,0,0,0,Review
11324,1,all_other,0.1033,64.85,9.998797732,9,697,1860.0,8935.0,27.8,1.0,0,0,0,Review
11325,1,all_other,0.0863,110.7,9.952277717,1.71,742,2345.0,1087.0,10.9,1.0,0,0,0,Approved
11326,1,debt_consolidation,0.1096,147.24,11.05089001,6.17,697,8820.0,17558.0,62.3,1.0,0,1,0,Review
11327,1,all_other,0.1001,157.33,10.81977828,9.62,717,3119.958333,11579.0,37,2.0,0,0,0,Approved
11328,1,credit_card,0.1128,94.51,10.51325312,4.83,687,5220.0,5260.0,92.3,0.0,0,1,0,Review
11329,1,credit_card,0.1412,191.73,10.23995979,24.77,682,3239.958333,86.0,1.1,0.0,0,0,0,Review
11330,1,home_improvement,0.0863,237.21,12.32385568,7.44,742,4380.0,15611.0,21,2.0,0,0,0,Approved
11331,1,educational,0.0832,110.2,10.858999,19.41,782,13260.0,2967.0,5,0.0,0,0,0,Approved
11332,1,debt_consolidation,0.1128,156.14,11.3736634,1.32,722,1260.0,10318.0,30.9,1.0,0,0,0,Approved
11333,1,home_improvement,0.0863,159.73,11.28983191,1.84,727,4530.0,2733.0,15.4,1.0,0,0,0,Approved
11334,1,all_other,0.1128,172.58,10.7711761,5.24,712,5699.958333,13673.0,58.4,0.0,0,0,1,Approved
11335,1,all_other,0.138,81.8,10.77895629,1.35,662,1890.0,3171.0,77.3,0.0,0,0,0,Review
11336,1,credit_card,0.1159,80.9,11.35040654,13.19,682,7499.958333,44198.0,51.9,0.0,0,0,0,Review
11337,1,credit_card,0.1349,254.48,11.89067673,9.58,662,7710.0,15030.0,52.2,1.0,0,0,1,Review
11338,1,debt_consolidation,0.1128,200.52,10.4341158,10.06,692,1769.958333,5129.0,35.4,1.0,0,0,0,Review
11339,1,credit_card,0.1286,184.95,10.42376834,17.31,672,1950.0,12596.0,46.3,0.0,0,0,0,Review
11340,1,credit_card,0.1159,247.65,11.66650455,11.89,687,2910.0,25588.0,58,1.0,0,0,0,Review
11341,1,all_other,0.0768,65.5,10.92952915,3.59,757,7529.958333,14538.0,32,1.0,0,0,0,Approved
11342,1,all_other,0.1128,32.88,10.46310334,15.69,697,4320.958333,199.0,2.3,1.0,0,0,1,Review
11343,1,credit_card,0.1286,92.48,10.96819829,13.57,667,2519.958333,3109.0,42.6,2.0,0,0,0,Review
11344,1,all_other,0.1304,219.14,11.05089001,6.76,667,6167.958333,20227.0,41,3.0,1,0,1,Review
11345,1,debt_consolidation,0.08,156.69,10.96812932,10.78,757,3179.958333,4496.0,9.7,3.0,0,0,0,Approved
11346,1,all_other,0.0768,124.76,10.6214249,10.74,792,4589.958333,2775.0,13.7,3.0,0,0,0,Approved
11347,1,all_other,0.1001,242.04,11.27720313,15.21,727,4979.958333,2801.0,6.7,0.0,1,0,0,Approved
11348,1,debt_consolidation,0.1033,129.69,10.34174248,10.03,702,3839.958333,6796.0,32.4,0.0,0,0,0,Approved
11349,1,debt_consolidation,0.1096,245.4,10.51009597,7.16,697,3599.958333,27491.0,56.2,3.0,0,0,0,Review
11350,1,credit_card,0.1412,102.71,10.08580911,9.3,662,1470.0,5062.0,85.8,0.0,0,0,0,Review
11351,1,major_purchase,0.1272,59.57,10.71441777,10.64,667,3179.958333,1030.0,4.6,0.0,3,0,0,Review
11352,1,credit_card,0.1051,136.54,10.95080655,10.59,707,7350.0,5014.0,18.1,0.0,2,0,0,Approved
11353,1,credit_card,0.1146,98.88,9.942708266,3.58,707,3879.041667,2731.0,97.5,0.0,0,0,0,Approved
11354,1,debt_consolidation,0.1209,156.31,10.59663473,21.93,712,4650.958333,3266.0,49.5,0.0,0,0,0,Approved
11355,1,educational,0.1083,146.97,10.54534144,13.54,712,3930.958333,1818.0,29.8,2.0,0,0,0,Approved
11356,1,all_other,0.1178,99.33,10.27090459,0.66,717,1142.0,843.0,30.1,0.0,0,0,0,Approved
11357,1,debt_consolidation,0.1051,243.81,10.6454249,16.23,727,3573.958333,26784.0,63.6,1.0,0,0,0,Approved
11358,1,debt_consolidation,0.1083,163.3,10.76840078,21.53,742,3604.958333,17194.0,54.8,1.0,0,0,1,Approved
11359,1,all_other,0.1241,172.07,11.56171563,20.29,747,5585.0,8855.0,31.2,7.0,0,0,0,Approved
11360,1,debt_consolidation,0.1051,243.81,11.98292909,9.55,722,4685.958333,39979.0,49.5,0.0,0,0,0,Approved
11361,1,all_other,0.1588,245.69,11.46163217,24.19,667,5375.958333,590.0,84.3,0.0,0,0,0,Review
11362,1,all_other,0.0907,238.75,11.00209984,4.86,752,7626.958333,8575.0,25,1.0,0,0,0,Approved
11363,1,home_improvement,0.102,242.71,11.27663335,11.99,732,4686.958333,42703.0,40.4,3.0,0,0,1,Approved
11364,1,all_other,0.0907,210.1,10.37361617,1.84,742,2680.0,4889.0,10.7,1.0,0,0,1,Approved
11365,1,credit_card,0.1083,244.94,11.40756495,20.91,747,5641.0,120338.0,47.5,0.0,0,0,0,Approved
11366,1,all_other,0.0907,191.0,11.08214255,5,752,4384.0,86.0,0.5,1.0,0,0,0,Approved
11367,1,home_improvement,0.0832,47.23,10.858999,12.39,722,3800.0,26571.0,33.7,0.0,0,0,0,Approved
11368,1,major_purchase,0.102,97.09,10.91508846,0.33,802,3216.958333,37.0,0.2,0.0,0,0,0,Approved
11369,1,debt_consolidation,0.1272,251.7,11.31447453,11.12,677,6008.0,12336.0,46,0.0,1,0,0,Review
11370,1,credit_card,0.1114,156.65,10.83958091,6.4,697,4709.958333,10537.0,41,2.0,0,0,0,Review
11371,1,all_other,0.1336,338.68,10.71441777,1.73,687,3509.958333,3153.0,30.3,1.0,0,0,0,Review
11372,1,major_purchase,0.0907,229.2,10.96812932,9.35,742,9419.958333,3392.0,9.2,1.0,0,0,0,Approved
11373,1,small_business,0.1146,411.97,11.32418334,14.16,707,6089.958333,41893.0,62.5,0.0,0,0,0,Approved
11374,1,small_business,0.1557,244.62,10.93310697,1.18,672,1409.958333,255.0,15,2.0,0,0,0,Review
11375,1,debt_consolidation,0.1304,252.85,11.03488966,18.21,682,5777.958333,19099.0,89.2,1.0,0,0,0,Review
11376,1,small_business,0.0938,335.76,10.91508846,6.41,737,2459.958333,1932.0,11.4,2.0,0,0,1,Approved
11377,1,debt_consolidation,0.1178,380.76,10.73116563,15.21,707,5039.958333,10197.0,75.5,0.0,0,0,0,Approved
11378,1,debt_consolidation,0.1304,182.06,11.2515607,22.08,707,5220.0,9282.0,15,1.0,0,1,0,Approved
11379,1,educational,0.08,297.7,10.91508846,3.53,787,14159.95833,7171.0,10.7,2.0,0,0,1,Approved
11380,1,small_business,0.0938,383.73,11.81303006,9.91,767,13620.0,1579.0,7.2,0.0,0,0,0,Approved
11381,1,all_other,0.1493,865.78,11.98292909,10.73,682,1799.958333,33256.0,73.9,0.0,0,0,0,Review
11382,1,debt_consolidation,0.1209,299.32,10.87804719,4.3,692,1679.958333,9735.0,72.1,1.0,0,0,0,Review
11383,1,credit_card,0.0938,359.74,10.71441777,12.96,757,3599.958333,12341.0,30.8,0.0,0,0,0,Approved
11384,1,credit_card,0.1146,197.75,10.34817337,13.73,692,2069.958333,14154.0,85.8,0.0,0,0,1,Review
11385,1,debt_consolidation,0.0768,124.77,10.23995979,5.57,777,6095.041667,4988.0,14.6,0.0,0,0,0,Approved
11386,1,credit_card,0.1462,861.99,11.98292909,9.04,682,5369.958333,9925.0,45.1,1.0,2,0,1,Review
11387,1,credit_card,0.0938,172.68,11.49685706,19.36,732,6000.0,36976.0,53.1,2.0,0,0,0,Approved
11388,1,home_improvement,0.1178,248.32,10.30895266,17.72,692,6270.0,6349.0,44.7,1.0,1,0,0,Review
11389,1,credit_card,0.1209,598.64,11.1124479,19.22,702,5220.0,22897.0,64.5,1.0,0,1,1,Approved
11390,1,all_other,0.1272,536.11,11.73606902,10.62,692,5970.0,35114.0,52.6,0.0,0,0,0,Review
11391,1,debt_consolidation,0.1367,236.43,11.75038998,11.16,662,6839.958333,31081.0,28.3,1.0,1,0,0,Review
11392,1,credit_card,0.1178,178.8,10.6454249,10.57,682,3780.0,6770.0,21.2,3.0,0,0,0,Review
11393,1,all_other,0.0907,159.17,11.35040654,5.46,737,3090.0,6528.0,14.3,1.0,0,0,0,Approved
11394,1,small_business,0.0963,32.1,10.30895266,2.64,717,1928.958333,11738.0,30.3,1.0,0,0,0,Approved
11395,1,home_improvement,0.1114,820.13,11.51292546,5.95,732,6119.958333,31752.0,53.1,2.0,0,0,0,Approved
11396,1,all_other,0.1304,384.34,11.47210347,8.98,697,1170.0,6201.0,66.7,1.0,0,0,0,Review
11397,1,credit_card,0.08,256.96,11.21182037,11.46,772,6419.958333,23891.0,19.3,0.0,0,0,0,Approved
11398,1,credit_card,0.1178,264.88,10.858999,9.09,687,3629.958333,15217.0,58.1,0.0,0,0,0,Review
11399,1,small_business,0.1051,260.06,10.71441777,11.41,787,3929.958333,2193.0,6.9,0.0,0,0,0,Approved
11400,1,credit_card,0.1178,165.55,10.75790288,22.49,692,8160.0,0.0,0,3.0,0,1,1,Review
11401,1,debt_consolidation,0.06,216.38,10.23995979,12.09,667,2550.0,14320.0,67.5,1.0,0,0,0,Review
11402,1,all_other,0.0768,31.19,11.1844214,16.9,767,6419.958333,28938.0,23.4,0.0,0,0,0,Approved
11403,1,debt_consolidation,0.1241,517.87,10.54534144,9.06,692,5250.0,17297.0,77.6,1.0,0,1,0,Review
11404,1,credit_card,0.1083,215.55,11.1844214,17.87,712,3899.958333,5595.0,14.9,0.0,0,1,0,Approved
11405,1,debt_consolidation,0.1241,334.11,11.03488966,22.43,682,8669.958333,12792.0,50.6,2.0,2,0,0,Review
11406,1,credit_card,0.1241,233.88,11.51292546,7.88,677,9270.0,6410.0,41.4,0.0,0,0,0,Review
11407,1,home_improvement,0.0768,109.17,10.858999,7.57,762,7831.0,1369.0,5.9,0.0,1,0,0,Approved
11408,1,debt_consolidation,0.1367,816.43,11.46163217,17.68,697,3330.0,34565.0,89.3,1.0,0,0,0,Review
11409,1,all_other,0.102,161.81,11.15619338,8.21,732,3070.0,2535.0,50.7,3.0,0,0,0,Approved
11410,1,debt_consolidation,0.1083,489.88,11.01006801,16.01,732,5850.0,35692.0,40.1,3.0,0,0,0,Approved
11411,1,home_improvement,0.1178,215.22,11.42081018,2.14,732,4410.0,4541.0,96.6,2.0,0,0,1,Approved
11412,1,all_other,0.1241,200.47,10.77895629,17.53,707,6509.958333,1966.0,93.6,1.0,0,0,1,Approved
11413,1,debt_consolidation,0.1304,202.28,10.38887228,24.89,672,1830.0,3139.0,50.6,1.0,1,0,0,Review
11414,1,all_other,0.08,313.37,10.59663473,6.48,777,4923.0,19998.0,18.3,1.0,0,0,0,Approved
11415,1,all_other,0.1083,81.65,11.00209984,12.36,692,5190.0,257.0,5.8,1.0,3,0,0,Review
11416,1,all_other,0.1336,203.21,10.99373159,16.24,662,3539.958333,1995.0,30.7,1.0,0,0,0,Review
11417,1,debt_consolidation,0.1367,489.86,11.69524702,13.01,672,4200.0,14827.0,43.5,3.0,0,0,1,Review
11418,1,all_other,0.102,177.99,10.73630972,6.03,787,4589.958333,1442.0,13.5,0.0,0,0,0,Approved
11419,1,debt_consolidation,0.1178,595.97,11.44035477,17.43,707,3899.958333,29046.0,41.8,0.0,0,0,0,Approved
11420,1,debt_consolidation,0.102,275.07,10.66886237,9.15,727,2909.958333,6725.0,43.7,1.0,0,0,0,Approved
11421,1,small_business,0.1241,501.16,12.76568843,5.86,692,2429.958333,36073.0,72.9,2.0,0,0,1,Review
11422,1,debt_consolidation,0.1051,325.08,11.05089001,22.63,717,6660.0,15655.0,44.3,3.0,0,0,0,Approved
11423,1,debt_consolidation,0.1146,329.57,10.49127422,19.3,702,2069.958333,5680.0,25.2,0.0,0,1,0,Approved
11424,1,all_other,0.1146,197.75,12.3883942,3.64,722,3209.958333,58753.0,94,0.0,0,0,0,Approved
11425,1,small_business,0.1146,329.57,10.89673933,21.69,722,5250.0,21462.0,40.9,1.0,0,0,0,Approved
11426,1,major_purchase,0.1209,330.08,11.44571672,12.92,687,2190.0,26845.0,80.5,0.0,0,0,0,Review
11427,1,small_business,0.1462,517.2,11.58988651,11.56,667,4649.958333,13706.0,45.7,1.0,1,0,1,Review
11428,1,credit_card,0.0938,191.87,10.71441777,10.69,742,2760.0,1774.0,13.3,1.0,0,0,0,Approved
11429,1,small_business,0.1557,698.91,10.79957558,12.39,672,4830.0,13335.0,39.8,1.0,1,0,0,Review
11430,1,debt_consolidation,0.1051,162.54,10.40477786,2.4,767,3848.0,1411.0,35.3,1.0,0,0,0,Approved
11431,1,debt_consolidation,0.1083,391.9,10.57131693,18.22,717,2519.958333,16100.0,39.3,1.0,0,0,0,Approved
11432,1,home_improvement,0.1114,328.06,10.6214249,21.92,722,2640.0,9042.0,16.2,2.0,0,0,0,Approved
11433,1,small_business,0.102,485.42,11.51292546,7.93,747,3599.958333,86429.0,37.8,0.0,0,0,1,Approved
11434,1,all_other,0.1304,505.7,11.98292909,12.61,692,3569.958333,30055.0,72.1,0.0,0,0,0,Review
11435,1,educational,0.1304,134.86,10.40426284,12.8,667,8130.0,6793.0,31.4,3.0,2,0,0,Review
11436,1,debt_consolidation,0.1304,674.27,12.22342128,7.02,692,3720.0,61977.0,59.3,0.0,0,0,0,Review
11437,1,debt_consolidation,0.1146,329.57,11.45100751,7.85,727,6600.0,17465.0,95.4,1.0,0,0,1,Approved
11438,1,debt_consolidation,0.1178,496.64,11.12726298,22.43,717,8013.0,10635.0,46.9,0.0,0,0,0,Approved
11439,1,educational,0.1126,336.03,11.15625052,1.73,742,3038.041667,7044.0,13.7,3.0,0,0,0,Approved
11440,1,small_business,0.1493,346.32,11.00209984,20.58,682,6720.0,56189.0,89.2,0.0,0,0,1,Review
11441,1,debt_consolidation,0.1083,653.17,11.08220409,8.2,742,4171.0,12418.0,66.2,1.0,0,0,1,Approved
11442,1,educational,0.1241,260.61,11.14186178,11.5,682,1920.0,36081.0,87.8,1.0,0,1,0,Review
11443,1,credit_card,0.1442,206.3,11.17147687,15.18,662,6709.041667,38616.0,76.3,1.0,0,0,0,Review
11444,1,debt_consolidation,0.0907,318.33,11.03495418,4.32,782,5369.958333,49421.0,2.7,1.0,0,0,0,Approved
11445,1,debt_consolidation,0.1051,243.81,10.85892207,7.82,722,4379.958333,5911.0,20.9,3.0,0,0,0,Approved
11446,1,debt_consolidation,0.102,161.81,10.59653473,13.08,722,3929.958333,6013.0,51,3.0,0,0,0,Approved
11447,1,debt_consolidation,0.1367,110.56,10.1266311,24.34,672,1223.041667,10098.0,24.7,2.0,0,0,0,Review
11448,1,home_improvement,0.102,58.26,10.6454249,11.09,707,2519.958333,3628.0,26.1,2.0,0,0,0,Approved
11449,1,debt_consolidation,0.1114,492.08,11.22524339,7.81,722,7140.0,14340.0,71.3,0.0,0,0,0,Approved
11450,1,debt_consolidation,0.1367,748.39,11.0744205,13.13,687,3989.958333,25716.0,55.4,0.0,0,0,0,Review
11451,1,debt_consolidation,0.1051,747.67,11.22524339,24.93,772,3840.0,3553.0,5.6,1.0,0,0,0,Approved
11452,1,credit_card,0.1178,529.75,10.6214249,15.31,712,3000.041667,19604.0,43.3,3.0,0,0,0,Approved
11453,1,debt_consolidation,0.1241,400.93,11.40756495,7.4,697,1470.0,10868.0,37.6,2.0,0,0,0,Review
11454,1,debt_consolidation,0.1493,519.47,11.60823564,24.8,662,5580.0,36002.0,71.3,1.0,1,0,0,Review
11455,1,credit_card,0.1051,126.78,11.22524339,20.23,707,4619.958333,4508.0,30.7,0.0,0,0,0,Approved
11456,1,all_other,0.08,125.35,10.97678203,5.07,817,4081.0,345.0,0.6,0.0,0,0,0,Approved
11457,1,debt_consolidation,0.1083,246.57,10.37361617,21.48,717,5990.041667,7779.0,83.6,1.0,0,0,0,Approved
11458,1,credit_card,0.1083,261.27,10.62132735,13.29,712,5190.0,30362.0,46.4,1.0,0,0,0,Approved
11459,1,small_business,0.1493,346.32,11.31447453,8.68,682,5339.958333,9.0,0,0.0,0,0,0,Review
11460,1,major_purchase,0.1148,725.31,11.28978191,3.33,762,3925.958333,6628.0,7.3,1.0,0,0,0,Approved
11461,1,credit_card,0.102,485.42,10.3155972,12.87,752,5789.958333,14857.0,31.3,2.0,1,0,0,Approved
11462,1,all_other,0.0938,207.85,10.1266311,15.98,767,3757.041667,583.0,21.6,3.0,0,0,0,Approved
11463,1,small_business,0.1178,331.1,10.80576049,17.67,722,3599.958333,27496.0,33.4,1.0,0,0,0,Approved
11464,1,debt_consolidation,0.1272,302.04,10.57131693,9.29,712,6179.958333,3910.0,46.3,0.0,0,0,0,Approved
11465,1,major_purchase,0.1051,260.06,10.43399815,11.19,757,2520.0,10.0,0.1,3.0,0,0,1,Approved
11466,1,small_business,0.1051,165.79,11.02190247,5.67,752,1799.958333,40.0,1.7,0.0,0,0,0,Approved
11467,1,small_business,0.1272,268.48,10.97848998,0.51,702,4019.958333,276.0,0.8,2.0,0,0,0,Approved
11468,1,credit_card,0.0907,95.5,11.06929109,3.03,727,6509.958333,4483.0,72.3,0.0,0,0,1,Approved
11469,1,all_other,0.102,103.56,10.37349118,4.95,717,9570.0,995.0,2.2,1.0,2,0,0,Approved
11470,1,debt_consolidation,0.1399,410.08,10.79314679,10.11,662,4830.0,15043.0,76,1.0,0,0,0,Review
11471,1,home_improvement,0.1146,79.1,10.77895629,12.43,682,1950.041667,5027.0,62.8,1.0,0,0,0,Review
11472,1,debt_consolidation,0.1178,331.1,11.09133097,8.8,717,2310.0,27406.0,40.5,2.0,0,0,0,Approved
11473,1,credit_card,0.1241,559.63,10.71441777,24.75,722,6179.958333,28116.0,95.3,1.0,0,0,0,Approved
11474,1,all_other,0.1146,49.44,10.26102213,7.22,702,1650.0,0.0,0,2.0,1,0,0,Approved
11475,1,small_business,0.1525,869.7,11.81303006,15.56,722,11850.0,95356.0,58.1,0.0,0,0,0,Approved
11476,1,debt_consolidation,0.1114,262.45,11.00209984,8.64,702,4350.0,3754.0,50.7,1.0,1,0,0,Approved
11477,1,credit_card,0.1367,217.72,11.6127708,24.03,667,4739.958333,36475.0,92.3,3.0,0,0,0,Review
11478,1,all_other,0.08,344.71,10.69194491,1.94,822,11579.95833,3879.0,7.9,2.0,0,0,0,Approved
11479,1,debt_consolidation,0.1083,440.89,11.26446411,11.52,717,4319.958333,12266.0,41.2,1.0,0,0,1,Approved
11480,1,debt_consolidation,0.1083,620.51,10.91501573,14.34,772,4229.958333,5503.0,55,4.0,0,0,0,Approved
11481,1,small_business,0.1367,326.57,11.2362229,13.97,682,3636.958333,9375.0,93.7,0.0,0,0,0,Review
11482,1,debt_consolidation,0.1272,503.39,10.81977828,24.94,687,3690.0,8214.0,54.4,0.0,0,0,0,Review
11483,1,debt_consolidation,0.1399,307.56,10.55059079,10.71,662,4590.0,3015.0,82.2,0.0,0,0,0,Review
11484,1,home_improvement,0.143,411.89,11.1844214,20.87,662,3269.958333,12089.0,64.6,0.0,0,0,0,Review
11485,1,debt_consolidation,0.1442,515.74,11.22524339,3.22,682,3180.041667,15137.0,43.6,0.0,2,0,0,Review
11486,1,all_other,0.0907,222.83,10.73639668,21.65,747,2970.0,5368.0,16.6,0.0,0,0,0,Approved
11487,1,debt_consolidation,0.143,274.59,10.52406404,23.27,667,3000.0,11531.0,76.9,1.0,0,0,0,Review
11488,1,small_business,0.1426,411.67,11.50287513,3.83,762,6059.958333,10106.0,67.4,3.0,0,0,0,Approved
11489,1,small_business,0.1146,823.93,11.36210258,13.86,757,4530.0,46055.0,20.2,0.0,0,0,1,Approved
11490,1,debt_consolidation,0.1304,269.71,10.74720759,5.7,677,8249.958333,8033.0,73,0.0,0,0,0,Review
11491,1,educational,0.1241,185.43,9.998797732,11.73,677,3539.958333,1212.0,22.9,3.0,0,0,1,Review
11492,1,debt_consolidation,0.08,313.37,11.09741002,20.25,772,8220.0,9632.0,6.8,3.0,0,0,0,Approved
11493,1,all_other,0.1083,308.63,11.15625052,14.33,727,5069.958333,13823.0,79.9,0.0,0,0,0,Approved
11494,1,educational,0.143,34.33,9.61580548,15.04,662,3330.0,6553.0,96,3.0,0,0,0,Review
11495,1,all_other,0.1304,185.43,9.998797732,5.02,697,2159.958333,2614.0,52.3,0.0,0,0,0,Review
11496,1,debt_consolidation,0.1525,556.61,10.97164063,11.48,662,4920.0,16052.0,88.2,3.0,0,0,1,Review
11497,1,debt_consolidation,0.1083,293.93,10.55841352,17.86,737,2670.041667,0.0,0,1.0,0,0,0,Approved
11498,1,debt_consolidation,0.1209,232.81,10.77895629,9.8,712,4290.0,5585.0,6.4,1.0,0,1,0,Approved
11499,1,all_other,0.1272,335.6,10.59923136,22.53,682,4020.0,408.0,2.1,3.0,2,0,0,Review
11500,1,all_other,0.1114,98.42,10.6214249,4.54,702,3840.041667,4693.0,75.2,0.0,0,0,0,Approved
11501,1,debt_consolidation,0.1367,340.18,11.00209984,12.54,697,3570.0,27860.0,89.4,3.0,0,0,0,Review
11502,1,all_other,0.1146,184.56,11.42954386,8.28,692,6030.041667,5559.0,58.5,2.0,0,1,0,Review
11503,1,debt_consolidation,0.1051,195.05,10.30895266,14.36,727,1920.041667,5028.0,40.2,0.0,0,0,0,Approved
11504,1,credit_card,0.1178,49.67,11.98292909,7.68,682,3630.0,5350.0,87.7,3.0,0,0,0,Review
11505,1,credit_card,0.1146,273.55,11.31447453,15.5,727,3364.041667,22164.0,96.8,1.0,0,0,0,Approved
11506,1,all_other,0.1051,174.73,11.43932198,19.8,762,7590.0,14494.0,29.6,6.0,0,0,0,Approved
11507,1,debt_consolidation,0.1083,78.38,10.46310334,17.62,712,2640.041667,15755.0,88.5,0.0,0,0,0,Approved
11508,1,educational,0.1241,267.29,9.903487553,0.6,762,1440.0,2000.0,11.4,0.0,0,0,0,Approved
11509,1,credit_card,0.1272,293.65,11.36917056,20.12,682,2790.0,25965.0,52.5,1.0,0,0,0,Review
11510,1,debt_consolidation,0.1399,854.32,11.69524702,19.76,692,3780.041667,41077.0,60,0.0,1,0,0,Review
11511,1,all_other,0.08,156.69,11.40756495,4.28,762,5010.0,14442.0,28.3,0.0,0,0,0,Approved
11512,1,educational,0.1114,275.57,11.3736634,11.88,702,4110.041667,24216.0,73.8,3.0,0,0,1,Approved
11513,1,all_other,0.1146,329.57,11.51292546,4.43,707,2850.0,13175.0,46.9,2.0,0,0,0,Approved
11514,1,debt_consolidation,0.1399,340.88,11.11274636,4.15,662,3960.0,11574.0,75.6,1.0,0,0,0,Review
11515,1,all_other,0.1241,267.29,10.46310334,6.38,712,1410.0,7740.0,37.6,1.0,0,0,0,Approved
11516,1,all_other,0.08,150.42,11.22524339,17.81,767,8010.0,71386.0,11.6,0.0,0,0,0,Approved
11517,1,credit_card,0.1241,60.14,11.48246626,19.24,677,5460.0,34093.0,93.7,0.0,0,0,0,Review
11518,1,debt_consolidation,0.1114,255.88,10.6214249,20.46,717,2831.0,11437.0,41.6,0.0,0,0,0,Approved
11519,1,home_improvement,0.1399,512.6,11.06663836,5.38,702,3600.0,12945.0,76.6,2.0,0,1,1,Approved
11520,1,debt_consolidation,0.1146,467.99,11.05089001,15.83,727,3660.0,11306.0,44.7,1.0,1,0,0,Approved
11521,1,all_other,0.1367,136.08,9.61580548,14,662,3000.041667,5617.0,87.8,0.0,0,0,1,Review
11522,1,small_business,0.0768,187.14,10.59663473,24.15,782,3030.041667,1478.0,10.4,0.0,0,0,0,Approved
11523,1,credit_card,0.1083,685.83,10.96819829,14.38,737,4050.041667,8886.0,17.8,0.0,1,0,0,Approved
11524,1,debt_consolidation,0.1557,244.62,10.78931908,2.72,672,3010.041667,3273.0,69.6,1.0,0,0,1,Review
11525,1,debt_consolidation,0.0907,318.33,10.81977828,9.62,752,6150.0,18917.0,33.2,0.0,0,0,0,Approved
11526,1,all_other,0.1114,196.84,11.08214255,22.41,697,7350.041667,2611.0,7.8,0.0,6,0,0,Review
11527,1,all_other,0.1083,52.26,10.27931786,5.36,702,3780.041667,7020.0,42,0.0,1,0,0,Approved
11528,1,small_business,0.1114,524.89,11.91839057,2.5,722,7710.041667,23165.0,31.7,0.0,2,0,0,Approved
11529,1,all_other,0.1178,231.77,10.39696354,16.85,717,4530.041667,0.0,0,2.0,0,0,0,Approved
11530,1,all_other,0.1347,508.84,11.47210347,13.44,707,2256.0,8272.0,33.2,3.0,0,0,0,Approved
11531,1,all_other,0.1083,244.94,10.82988702,14.59,707,4050.041667,3800.0,21.7,1.0,0,0,0,Approved
11532,1,credit_card,0.1083,78.38,10.59663473,15.75,697,5160.041667,13620.0,29.9,2.0,0,0,1,Review
11533,1,credit_card,0.1241,167.06,11.38509209,23.88,677,3750.041667,40726.0,83,1.0,0,1,1,Review
11534,1,all_other,0.1367,170.09,10.71441777,16.29,662,2160.0,4373.0,81,0.0,0,2,0,Review
11535,1,credit_card,0.1114,475.68,10.49127422,21.8,712,10368.04167,23772.0,84,0.0,0,0,1,Approved
11536,1,debt_consolidation,0.1272,134.24,10.56746336,3.98,667,1830.0,5490.0,12.2,0.0,0,0,0,Review
11537,1,home_improvement,0.1493,242.42,10.16585182,11.77,662,1170.041667,12597.0,63,1.0,0,0,0,Review
11538,1,credit_card,0.0768,93.57,10.74181674,3.97,762,10260.04167,4361.0,7.3,1.0,0,0,0,Approved
11539,1,debt_consolidation,0.1336,711.22,11.35040654,10.74,687,6630.041667,29381.0,88.2,2.0,0,1,1,Review
11540,1,debt_consolidation,0.1178,662.19,10.858999,15.42,727,3755.041667,25971.0,66.6,0.0,0,0,1,Approved
11541,1,all_other,0.1178,240.05,11.56171563,5.04,707,3630.0,2134.0,12.5,1.0,0,0,0,Approved
11542,1,small_business,0.0938,425.3,11.40756495,8.93,772,5648.041667,126302.0,27.6,1.0,0,0,1,Approved
11543,1,debt_consolidation,0.1399,222.13,10.83981618,13.81,672,3060.041667,29212.0,63.1,0.0,0,0,0,Review
11544,1,debt_consolidation,0.1392,682.74,11.38962725,24.94,692,4975.958333,27160.0,65.7,1.0,0,0,0,Review
11545,1,all_other,0.1904,458.46,11.71993963,5.84,662,6210.0,13363.0,99,1.0,1,0,1,Review
11546,1,debt_consolidation,0.1209,249.43,10.81977828,19.73,692,3360.041667,12985.0,22.9,3.0,0,0,0,Review
11547,1,small_business,0.1336,338.68,11.00209984,7.24,697,5250.041667,3617.0,14.4,0.0,2,0,0,Review
11548,1,home_improvement,0.08,142.59,10.97848998,5.58,757,7590.0,19572.0,49.3,1.0,0,0,0,Approved
11549,1,all_other,0.0768,93.57,10.35316092,19.33,777,2610.041667,2707.0,13.4,1.0,0,0,0,Approved
11550,1,all_other,0.0907,318.33,11.46163217,9.79,807,7470.041667,0.0,0,2.0,0,0,0,Approved
11551,1,major_purchase,0.1178,198.66,10.6454249,10.6,692,3090.041667,1878.0,81.7,1.0,0,0,0,Review
11552,1,debt_consolidation,0.1051,260.06,11.00209984,23.46,717,3403.041667,44282.0,61.2,1.0,0,0,0,Approved
11553,1,debt_consolidation,0.1399,410.08,10.81977828,12.14,677,2220.041667,12651.0,86.1,3.0,0,0,0,Review
11554,1,all_other,0.1557,314.51,10.59653473,0,687,2940.041667,0.0,,1.0,0,0,0,Review
11555,1,debt_consolidation,0.1114,278.85,10.6454249,19.54,702,3990.0,2689.0,14.5,1.0,0,0,0,Approved
11556,1,all_other,0.1336,101.61,10.34595939,17.46,662,1860.041667,4922.0,65.6,0.0,0,0,0,Review
11557,1,debt_consolidation,0.0907,152.8,10.77895629,14.6,742,7350.041667,8900.0,49.2,0.0,0,0,0,Approved
11558,1,credit_card,0.1146,430.92,11.42954386,12.63,727,5520.041667,27920.0,33,0.0,0,0,0,Approved
11559,1,debt_consolidation,0.1209,399.09,10.1266311,11.04,692,8435.041667,9931.0,29.6,0.0,1,0,1,Review
11560,1,small_business,0.1114,303.45,11.00209984,6.48,782,2580.041667,52.0,1.5,0.0,0,0,0,Approved
11561,1,credit_card,0.1367,748.39,11.22524339,22.08,692,2940.041667,23176.0,84.3,0.0,0,0,0,Review
11562,1,credit_card,0.1241,614.76,11.59910316,14.38,702,5640.041667,56969.0,89.6,1.0,0,0,0,Approved
11563,1,debt_consolidation,0.1051,496.55,11.00209984,9.94,757,5010.0,23218.0,29.8,0.0,0,0,0,Approved
11564,1,educational,0.1051,48.77,10.93310697,12.94,702,9120.0,388.0,6.2,0.0,0,0,0,Approved
11565,1,debt_consolidation,0.1146,59.33,11.00209984,18.42,682,4470.041667,4170.0,59.2,0.0,1,0,0,Review
11566,1,debt_consolidation,0.1872,876.36,11.00209984,19.8,667,3271.0,23555.0,60.3,1.0,0,1,1,Review
11567,1,debt_consolidation,0.102,161.81,11.05089001,11.09,717,3600.0,836.0,9.2,3.0,0,0,0,Approved
11568,1,small_business,0.1146,164.79,10.82480563,13.09,717,1260.041667,2042.0,13.9,1.0,0,0,0,Approved
11569,1,educational,0.102,77.67,9.546812609,0.86,757,1772.0,185.0,1.7,1.0,0,0,0,Approved
11570,1,small_business,0.1209,332.58,11.51292546,15.01,687,5130.041667,25853.0,41.7,0.0,0,0,0,Review
11571,1,all_other,0.1146,197.75,10.27505111,4.34,687,2280.041667,3430.0,25.2,1.0,0,0,0,Review
11572,1,debt_consolidation,0.1146,494.36,11.22524339,11.58,707,4350.0,20133.0,76.8,0.0,0,0,0,Approved
11573,1,home_improvement,0.1367,217.72,10.87804719,16.35,662,9030.0,6713.0,59.9,0.0,1,0,0,Review
11574,1,debt_consolidation,0.162,211.54,11.08367983,14.91,662,4621.0,3234.0,98,3.0,0,0,0,Review
11575,1,debt_consolidation,0.1272,201.36,10.70205455,3.08,677,5400.0,4901.0,58.7,1.0,2,0,0,Review
11576,1,educational,0.1493,346.32,10.91523391,12.85,667,4052.041667,18810.0,59.5,0.0,0,0,0,Review
11577,1,debt_consolidation,0.1051,173.11,11.35035948,21.12,722,7350.041667,30067.0,61.8,1.0,0,0,0,Approved
11578,1,credit_card,0.0907,458.39,11.35040654,1.5,792,4470.041667,4658.0,10.7,0.0,0,0,0,Approved
11579,1,all_other,0.0938,351.75,11.31447453,0,747,7920.0,3425.0,6,0.0,1,0,0,Approved
11580,1,home_improvement,0.1588,491.37,11.69524702,20.67,662,6000.041667,69937.0,97.8,1.0,0,0,0,Review
11581,1,small_business,0.1114,177.97,11.28978191,24.77,712,3750.041667,12216.0,56.6,1.0,0,0,0,Approved
11582,1,debt_consolidation,0.1304,674.27,10.87812266,8.87,692,4380.0,5432.0,50.8,0.0,0,0,0,Review
11583,1,debt_consolidation,0.1367,340.18,12.4292162,10.51,712,3990.0,89156.0,99.2,2.0,0,0,0,Approved
11584,1,all_other,0.1209,199.55,11.3224427,18.06,682,3030.041667,23958.0,87.1,0.0,0,0,0,Review
11585,1,home_improvement,0.0737,93.14,10.9241383,8.95,772,7410.041667,4975.0,21,0.0,0,0,0,Approved
11586,1,small_business,0.1336,846.7,11.75978554,16.62,712,7890.041667,46663.0,47.4,1.0,0,0,1,Approved
11587,1,debt_consolidation,0.1493,83.12,10.63969422,21.55,672,5460.0,4332.0,98.5,0.0,0,1,1,Review
11588,1,small_business,0.1146,381.48,11.15625052,0.26,807,6570.0,495.0,4.9,1.0,0,0,0,Approved
11589,1,debt_consolidation,0.1083,212.28,10.61820051,24.43,717,3900.0,28473.0,26.6,1.0,0,0,0,Approved
11590,1,debt_consolidation,0.1399,273.39,11.22524339,11.98,677,5160.041667,6372.0,95.7,1.0,0,0,0,Review
11591,1,small_business,0.1146,121.95,11.23848862,22.97,697,4290.0,47039.0,89.5,0.0,0,0,1,Review
11592,1,debt_consolidation,0.1557,419.35,10.73639668,12.5,667,1860.041667,12376.0,97.4,1.0,0,0,0,Review
11593,1,home_improvement,0.1051,382.78,11.69524702,3.91,742,4110.041667,20892.0,33.2,1.0,0,0,0,Approved
11594,1,debt_consolidation,0.1379,170.38,11.69524702,3.02,667,3289.0,4339.0,13.7,1.0,3,0,0,Review
11595,1,small_business,0.1083,374.76,11.65268741,8.42,742,7320.0,94699.0,54.2,3.0,0,0,0,Approved
11596,1,credit_card,0.1083,146.97,11.00209984,8.66,712,4710.0,13103.0,53.5,0.0,0,1,0,Approved
11597,1,credit_card,0.102,330.09,10.69194491,14.37,732,2610.041667,14869.0,46.9,0.0,0,0,0,Approved
11598,1,credit_card,0.1083,391.9,11.60827201,17.82,722,10290.04167,28631.0,54.9,0.0,0,0,0,Approved
11599,1,debt_consolidation,0.1209,432.35,10.81977828,11.16,717,3450.041667,12941.0,96.6,0.0,0,0,0,Approved
11600,1,small_business,0.0768,93.57,11.22524339,11.9,752,3210.0,5263.0,48.7,0.0,0,0,0,Approved
11601,1,debt_consolidation,0.1588,526.47,11.00209984,17.14,672,10170.0,13853.0,73.3,1.0,0,0,0,Review
11602,1,small_business,0.102,194.17,11.04574983,3.56,722,8100.041667,3567.0,66.1,2.0,0,0,0,Approved
11603,1,debt_consolidation,0.0938,175.88,10.93310697,5.36,737,3570.0,2707.0,56.4,0.0,0,0,0,Approved
11604,1,debt_consolidation,0.1241,334.11,11.15625052,10.35,682,3180.0,7198.0,29.1,2.0,3,0,0,Review
11605,1,debt_consolidation,0.102,323.62,10.45045222,16.22,747,7890.041667,21626.0,64,0.0,0,0,0,Approved
11606,1,educational,0.1114,82.02,11.14919713,20.15,692,5250.041667,51489.0,77.9,2.0,0,0,1,Review
11607,1,credit_card,0.1241,668.21,11.60823564,10.92,702,5370.0,25717.0,33.9,3.0,0,0,0,Approved
11608,1,debt_consolidation,0.1715,535.92,11.21182037,19.83,667,3690.041667,52639.0,79.2,3.0,0,0,0,Review
11609,1,debt_consolidation,0.0938,191.87,11.71177632,14.72,727,3900.0,73534.0,31.6,2.0,0,0,0,Approved
11610,1,debt_consolidation,0.1083,39.19,10.59663473,6.59,697,2310.041667,1262.0,42.1,0.0,0,0,0,Review
11611,1,all_other,0.1178,49.67,10.59663473,5.43,687,2970.041667,1434.0,13.7,0.0,1,0,0,Review
11612,1,debt_consolidation,0.1178,165.55,11.22524339,1.84,702,5430.0,5104.0,44.4,1.0,0,0,0,Approved
11613,1,home_improvement,0.1114,656.11,11.69524702,2.82,727,6690.041667,13417.0,31.3,1.0,1,0,0,Approved
11614,1,home_improvement,0.1051,390.09,11.91839057,2.92,827,8763.0,84236.0,4.6,0.0,0,0,0,Approved
11615,1,small_business,0.1221,832.88,11.8493977,11.97,742,6388.041667,2796.0,6.1,4.0,0,0,0,Approved
11616,1,credit_card,0.1367,204.11,10.70957048,22.78,692,8490.041667,19270.0,97.3,1.0,0,1,0,Review
11617,1,home_improvement,0.1525,347.88,11.00209984,1.28,702,1290.041667,4980.0,55.3,1.0,0,0,0,Approved
11618,1,debt_consolidation,0.1557,270.83,10.30895266,23.12,662,1200.041667,7333.0,71.9,3.0,0,0,0,Review
11619,1,debt_consolidation,0.1272,167.8,10.21097225,7.19,682,1860.041667,5091.0,57.2,0.0,0,0,0,Review
11620,1,all_other,0.1241,668.21,10.54534144,1.96,787,8641.0,507.0,0.3,7.0,0,0,0,Approved
11621,1,debt_consolidation,0.08,156.69,9.878169745,9.23,772,5190.041667,5783.0,25.4,2.0,0,0,0,Approved
11622,1,debt_consolidation,0.1114,328.06,11.69524702,7.92,717,6060.041667,111055.0,87.2,1.0,0,0,0,Approved
11623,1,credit_card,0.1178,99.33,11.12726298,5.29,687,3750.041667,10870.0,80.5,0.0,1,0,0,Review
11624,1,credit_card,0.1209,323.43,11.00209984,16.52,687,2940.041667,4121.0,71,0.0,1,0,0,Review
11625,1,debt_consolidation,0.1209,399.09,11.12726298,4.29,697,1710.0,9273.0,19.7,1.0,0,0,0,Review
11626,1,credit_card,0.0768,155.95,10.81977828,8.47,782,4950.041667,14020.0,38.5,0.0,0,0,0,Approved
11627,1,all_other,0.0938,230.24,10.71441777,0,782,4500.041667,0.0,0,3.0,0,0,0,Approved
11628,1,small_business,0.1304,674.27,11.47210347,13.95,722,1139.041667,1175.0,22.2,1.0,0,0,0,Approved
11629,1,major_purchase,0.1083,483.35,10.81977828,5.52,722,2581.041667,3943.0,12.2,2.0,0,0,0,Approved
11630,1,all_other,0.1209,399.09,11.08220409,21.03,702,3750.041667,18273.0,85.4,1.0,0,0,0,Approved
11631,1,major_purchase,0.0938,159.89,10.43399815,1.66,732,3287.0,2221.0,34.2,3.0,0,0,0,Approved
11632,1,debt_consolidation,0.1209,359.18,10.57867441,5.53,697,1650.041667,14922.0,43.8,1.0,0,0,1,Review
11633,1,debt_consolidation,0.1336,677.36,10.85892207,18.19,682,3360.041667,26282.0,68.6,1.0,0,0,0,Review
11634,1,all_other,0.1304,202.28,11.77528973,11.06,672,8192.041667,42125.0,50.7,3.0,0,0,0,Review
11635,1,debt_consolidation,0.1304,536.05,11.1844214,3.52,712,3270.0,16122.0,97.7,0.0,0,0,0,Approved
11636,1,credit_card,0.0938,431.69,11.51292546,10.6,752,6964.041667,18640.0,44.9,0.0,0,0,0,Approved
11637,1,all_other,0.08,78.35,10.64799303,23.88,747,4380.0,634.0,14.4,2.0,0,0,0,Approved
11638,1,debt_consolidation,0.143,293.47,11.27720313,18.14,692,4440.041667,7987.0,42.5,3.0,0,0,1,Review
11639,1,credit_card,0.1241,160.38,11.05089001,13.81,672,2880.0,5034.0,45.4,3.0,1,1,1,Review
11640,1,small_business,0.1178,297.99,11.40756495,13.63,687,8100.041667,51664.0,18,2.0,0,0,1,Review
11641,1,credit_card,0.1272,167.8,10.70099475,17.03,672,2670.041667,7837.0,41.2,2.0,1,0,0,Review
11642,1,all_other,0.0907,305.6,10.85892207,3.67,807,5490.0,1631.0,1.3,1.0,0,0,0,Approved
11643,1,debt_consolidation,0.1588,526.47,11.51588109,11.13,697,4921.041667,9935.0,16.5,0.0,0,0,0,Review
11644,1,debt_consolidation,0.08,159.82,10.93310697,7.85,747,4080.041667,2839.0,35,0.0,0,0,0,Approved
11645,1,credit_card,0.1051,117.03,10.858999,19.87,707,6840.0,9423.0,31.3,0.0,0,0,0,Approved
11646,1,credit_card,0.1272,588.13,11.93031914,15.72,692,4800.041667,37008.0,56.2,0.0,1,0,0,Review
11647,1,debt_consolidation,0.0938,204.66,10.49127422,19.03,732,4114.041667,13871.0,38.6,1.0,0,0,0,Approved
11648,1,all_other,0.1367,102.06,10.72165816,2.57,677,3120.041667,1864.0,44.4,0.0,2,0,0,Review
11649,1,debt_consolidation,0.1568,490.03,10.91508846,18.92,672,1680.0,20619.0,59.4,0.0,0,0,0,Review
11650,1,credit_card,0.0938,399.72,11.29476946,3.67,772,4410.0,6495.0,0,1.0,0,0,0,Approved
11651,1,credit_card,0.1083,594.39,10.71441777,18.83,722,3660.0,21526.0,55.5,3.0,0,0,0,Approved
11652,1,debt_consolidation,0.1304,107.89,10.53049493,17.18,682,4590.041667,4548.0,81.2,0.0,1,0,0,Review
11653,1,all_other,0.1178,529.75,11.62621844,7.77,712,3690.041667,4923.0,29,2.0,0,0,0,Approved
11654,1,small_business,0.0988,322.11,11.15625052,11.78,732,5667.041667,7875.0,25.8,3.0,0,0,0,Approved
11655,1,credit_card,0.1083,45.73,9.210340372,21.84,697,3630.0,5032.0,47.5,0.0,0,0,0,Review
11656,1,debt_consolidation,0.1557,681.43,10.78931908,14.57,662,6030.041667,15563.0,50.9,1.0,1,0,0,Review
11657,1,debt_consolidation,0.1083,293.93,10.23995979,12.3,742,4500.041667,11679.0,51.2,2.0,0,0,0,Approved
11658,1,educational,0.1126,197.18,10.5454467,2.34,712,2640.041667,647.0,17.5,1.0,0,0,1,Approved
11659,1,all_other,0.102,233.01,11.2009507,11.36,732,2490.0,737.0,73.7,2.0,0,0,0,Approved
11660,1,debt_consolidation,0.143,411.89,11.08214255,4.95,687,4830.041667,12379.0,91.7,0.0,1,0,0,Review
11661,1,home_improvement,0.1083,326.59,11.00209984,2.88,762,3450.041667,3123.0,10.4,0.0,0,0,0,Approved
11662,1,small_business,0.1272,536.95,11.00209984,21.82,692,9750.0,22252.0,80.2,2.0,1,0,0,Review
11663,1,credit_card,0.102,323.62,11.41861479,13.32,737,1740.0,14411.0,20.9,0.0,0,0,0,Approved
11664,1,all_other,0.1146,229.06,11.53272809,13.56,707,5940.041667,32024.0,63.8,1.0,0,0,0,Approved
11665,1,debt_consolidation,0.1209,332.58,11.2185544,19.01,692,4500.041667,16390.0,89.6,0.0,0,1,0,Review
11666,1,debt_consolidation,0.1209,399.09,11.22524339,11.25,747,7290.0,13816.0,23.7,6.0,0,0,0,Approved
11667,1,debt_consolidation,0.1272,687.13,10.96812932,9.48,692,3840.041667,14066.0,24.3,3.0,0,0,0,Review
11668,1,small_business,0.0907,222.83,10.93310697,0.73,742,2370.041667,2240.0,5.1,2.0,0,0,0,Approved
11669,1,small_business,0.1178,662.19,11.32328922,0.22,807,3510.041667,106.0,0.5,0.0,0,0,0,Approved
11670,1,debt_consolidation,0.0938,447.68,10.30895266,21.76,762,5280.041667,19291.0,34.1,0.0,0,0,0,Approved
11671,1,educational,0.1178,165.55,10.23995979,14.77,692,1800.0,7443.0,23,3.0,0,0,0,Review
11672,1,debt_consolidation,0.1336,677.36,11.25161265,18.56,682,3570.0,18661.0,76.5,0.0,0,0,0,Review
11673,1,credit_card,0.102,388.34,11.22524339,6.88,767,2760.041667,0.0,0,0.0,0,0,1,Approved
11674,1,debt_consolidation,0.1146,230.7,10.81985828,8.74,692,1890.041667,20248.0,27.7,0.0,0,0,1,Review
11675,1,small_business,0.1525,869.7,11.91839057,6.82,682,4980.041667,0.0,0,0.0,0,0,0,Review
11676,1,debt_consolidation,0.1715,571.64,11.05366789,19.13,667,4290.0,55188.0,98.3,3.0,0,0,1,Review
11677,1,small_business,0.0938,207.85,10.81977828,14.34,747,1979.041667,178.0,0.5,2.0,0,0,0,Approved
11678,1,home_improvement,0.0938,255.82,10.8731105,14.84,782,3900.0,9589.0,12.6,0.0,0,0,0,Approved
11679,1,all_other,0.1221,199.89,9.798127037,6.27,687,3575.0,3289.0,32.6,1.0,0,0,1,Review
11680,1,debt_consolidation,0.1209,399.09,11.60357023,23.61,692,11040.04167,24417.0,77.5,2.0,0,0,0,Review
11681,1,home_improvement,0.08,225.62,11.70949504,7.29,752,2913.0,16405.0,21.1,0.0,0,0,0,Approved
11682,1,all_other,0.1253,66.94,10.59663473,19.2,697,3270.0,5396.0,89.9,3.0,0,0,0,Review
11683,1,credit_card,0.1062,423.28,10.92823799,1.38,782,4370.0,3153.0,23.7,0.0,0,0,0,Approved
11684,1,credit_card,0.1746,897.06,11.6351431,3.94,662,4530.041667,31852.0,80.6,3.0,1,0,1,Review
11685,1,debt_consolidation,0.1209,282.69,10.66895539,10.1,682,4350.0,8787.0,44.4,1.0,2,0,0,Review
11686,1,all_other,0.1367,170.09,11.05089001,9.03,667,11700.0,1026.0,51.3,0.0,1,0,0,Review
11687,1,small_business,0.1083,458.85,12.10071213,6.24,747,3600.0,60936.0,24.7,2.0,0,0,1,Approved
11688,1,credit_card,0.0938,383.73,11.40756495,10.55,767,14580.0,2887.0,60.1,3.0,0,0,0,Approved
11689,1,home_improvement,0.0932,319.47,11.64395373,0.45,772,6244.041667,755.0,1.6,0.0,0,0,0,Approved
11690,1,all_other,0.1304,94.4,11.1124479,11.62,667,4350.0,6219.0,57.1,3.0,0,0,0,Review
11691,1,debt_consolidation,0.1241,668.21,11.3736634,7.66,707,6900.0,15565.0,81.5,0.0,0,0,0,Approved
11692,1,debt_consolidation,0.1178,827.74,11.77528973,10.2,717,8460.041667,29601.0,55.1,2.0,0,0,1,Approved
11693,1,debt_consolidation,0.1178,551.28,11.22524339,11.47,707,3630.0,17565.0,53.9,0.0,0,0,0,Approved
11694,1,credit_card,0.1304,236.0,10.9675084,13.77,672,2970.041667,21159.0,76.1,0.0,0,0,0,Review
11695,1,debt_consolidation,0.1146,202.69,9.862665558,9.63,707,3420.041667,6949.0,81.8,1.0,0,0,0,Approved
11696,1,all_other,0.0907,41.39,10.77895629,0.75,732,3690.041667,542.0,60.2,0.0,0,0,0,Approved
11697,1,all_other,0.1051,130.03,11.77581267,5.07,712,4470.041667,11840.0,56.1,0.0,0,0,1,Approved
11698,1,debt_consolidation,0.0938,207.85,11.22524339,13.42,742,6810.041667,29258.0,1.6,0.0,0,0,0,Approved
11699,1,all_other,0.1272,590.65,11.08214255,12.14,687,8880.041667,18734.0,62,2.0,0,1,0,Review
11700,1,credit_card,0.08,62.68,10.43399815,13.38,742,3330.041667,7713.0,32.4,1.0,0,0,0,Approved
11701,1,all_other,0.1189,59.7,10.10435114,22.28,687,6751.041667,2842.0,47.4,0.0,0,0,1,Review
11702,1,debt_consolidation,0.1442,515.74,12.4049235,20.01,692,7290.0,77179.0,82.5,1.0,0,0,0,Review
11703,1,debt_consolidation,0.1411,718.81,11.08214255,5.19,682,2130.0,15005.0,64.1,2.0,0,1,0,Review
11704,1,debt_consolidation,0.1253,234.27,10.858999,19.45,707,3818.041667,18310.0,56.7,0.0,0,0,0,Approved
11705,1,home_improvement,0.1221,273.19,11.22524339,9.1,707,6240.041667,11136.0,42.7,1.0,0,1,0,Approved
11706,1,debt_consolidation,0.1505,520.37,10.81985828,10.63,677,4470.041667,14761.0,77.3,0.0,1,0,0,Review
11707,1,debt_consolidation,0.1316,594.36,11.24630014,13.39,697,4350.0,31834.0,71.5,2.0,0,0,0,Review
11708,1,credit_card,0.1221,399.78,10.74720759,23.69,712,6360.041667,147.0,0.5,3.0,0,0,0,Approved
11709,1,major_purchase,0.0768,77.98,10.69194491,17.59,787,5768.0,406.0,1.2,0.0,0,0,0,Approved
11710,1,credit_card,0.0938,306.98,10.77895629,14.54,742,7362.041667,3865.0,34.2,0.0,0,0,0,Approved
11711,1,credit_card,0.16,377.95,10.49127422,21.93,667,1230.041667,15977.0,83.6,0.0,0,0,0,Review
11712,1,small_business,0.1411,171.15,10.41271189,13.77,687,3030.041667,6557.0,52.9,2.0,0,0,0,Review
11713,1,all_other,0.0932,89.46,10.4341158,23.86,742,5010.0,0.0,0,0.0,1,0,0,Approved
11714,1,educational,0.1189,49.75,10.25765937,24.63,687,2250.041667,3206.0,80.1,2.0,0,0,0,Review
11715,1,all_other,0.1221,266.52,11.91839057,13.29,697,2250.041667,93265.0,76.4,1.0,0,0,0,Review
11716,1,credit_card,0.0932,319.47,10.53209621,16.64,752,3900.0,20738.0,40.6,0.0,0,0,0,Approved
11717,1,small_business,0.1158,305.38,11.91839057,14.47,722,4710.0,42053.0,66.6,0.0,0,0,0,Approved
11718,1,major_purchase,0.0963,192.57,10.23995979,1.76,772,2310.041667,1292.0,4.3,1.0,0,0,0,Approved
11719,1,educational,0.0932,402.53,11.54248427,8.55,777,5430.0,2340.0,5.5,1.0,0,0,0,Approved
11720,1,educational,0.1221,69.97,9.210340372,19.68,752,1121.0,603.0,6.2,0.0,0,0,0,Approved
11721,1,all_other,0.0932,127.79,10.91508846,6.76,737,3330.041667,5287.0,18.4,0.0,0,0,0,Approved
11722,1,debt_consolidation,0.1284,134.48,11.7829526,17.68,707,4170.041667,51973.0,95,3.0,0,0,0,Approved
11723,1,credit_card,0.1189,248.73,10.03801845,16.89,717,8100.041667,555.0,23.1,0.0,0,0,0,Approved
11724,1,credit_card,0.1158,226.97,11.77528973,19.37,757,8670.0,32255.0,31.6,0.0,0,0,0,Approved
11725,1,debt_consolidation,0.1379,340.76,10.59663473,21.63,682,7380.041667,15615.0,87.7,3.0,0,1,1,Review
11726,1,debt_consolidation,0.1316,709.18,11.64395373,15.02,702,8880.041667,18071.0,65.5,2.0,0,1,0,Approved
11727,1,debt_consolidation,0.1158,184.88,11.05089001,7.85,712,6090.0,8854.0,68.1,0.0,0,0,0,Approved
11728,1,debt_consolidation,0.1158,247.61,11.26446411,14.52,742,4710.0,45953.0,57.8,2.0,0,0,0,Approved
11729,1,debt_consolidation,0.1442,34.39,10.81977828,7.39,692,4830.041667,6519.0,98.8,1.0,0,0,0,Review
11730,1,small_business,0.1095,294.43,11.38509209,12.78,722,2640.041667,19457.0,63.6,0.0,0,0,0,Approved
11731,1,debt_consolidation,0.0932,235.61,10.71441777,14.24,737,2282.041667,14429.0,28.2,0.0,0,0,0,Approved
11732,1,debt_consolidation,0.1442,84.24,9.680344001,21.6,702,7170.041667,14052.0,98.3,2.0,0,0,1,Approved
11733,1,small_business,0.1568,420.02,11.46163217,22.68,712,3000.041667,27844.0,89.8,2.0,0,0,0,Approved
11734,1,debt_consolidation,0.0963,160.48,10.77895629,14.88,722,2880.0,5930.0,21.4,1.0,0,0,0,Approved
11735,1,all_other,0.1158,215.42,10.27518903,3.06,712,3300.0,19349.0,86.4,0.0,1,0,0,Approved
11736,1,educational,0.1253,334.67,10.41271189,18.5,707,4080.041667,10160.0,29.8,3.0,0,0,0,Approved
11737,1,home_improvement,0.1253,100.4,10.57131693,10.55,717,1141.041667,2255.0,21.3,0.0,0,0,0,Approved
11738,1,credit_card,0.0963,102.71,10.54534144,11.27,712,7590.0,7572.0,17.1,2.0,0,0,0,Approved
11739,1,major_purchase,0.1284,268.95,10.23995979,20.23,702,1320.041667,2259.0,23.1,3.0,0,0,0,Approved
11740,1,credit_card,0.1347,805.67,11.69524702,24.5,712,6420.041667,81833.0,84.6,0.0,0,0,0,Approved
11741,1,credit_card,0.1221,168.24,11.09741002,7.75,727,7380.041667,17088.0,85.4,1.0,0,0,0,Approved
11742,1,debt_consolidation,0.1695,712.54,11.91839057,13.61,672,4830.041667,16473.0,94.1,2.0,2,0,0,Review
11743,1,home_improvement,0.1505,416.3,11.75194237,11.85,662,4410.0,28218.0,85,2.0,0,0,0,Review
11744,1,small_business,0.1221,185.74,12.07254125,9.59,742,9600.041667,4.0,0,1.0,0,1,0,Approved
11745,1,credit_card,0.0963,288.85,11.91839057,7.47,737,6150.0,16912.0,30.7,0.0,0,0,0,Approved
11746,1,debt_consolidation,0.1221,169.91,11.15625052,11.64,707,1710.0,12142.0,38.2,0.0,0,0,0,Approved
11747,1,debt_consolidation,0.1505,693.83,11.27720313,16.74,682,1440.0,13596.0,49.3,1.0,0,0,0,Review
11748,1,debt_consolidation,0.1442,446.98,11.45105006,16.46,702,3150.041667,24400.0,32.4,1.0,0,0,0,Approved
11749,1,all_other,0.1221,79.96,10.4341158,7.52,712,1140.041667,8960.0,35.3,0.0,0,0,0,Approved
11750,1,debt_consolidation,0.1221,45.81,11.00209984,21.09,692,3780.041667,1361.0,11.1,1.0,0,1,0,Review
11751,1,small_business,0.08,62.68,11.51292546,0.71,787,5490.0,3520.0,6.8,1.0,0,0,0,Approved
11752,1,small_business,0.1568,350.02,11.05089001,7.03,667,2250.041667,31590.0,80.8,0.0,0,0,1,Review
11753,1,small_business,0.1126,200.47,12.00701176,15.02,762,7470.041667,141165.0,59.5,1.0,0,0,1,Approved
11754,1,debt_consolidation,0.1442,240.68,10.71441777,15.25,677,3870.041667,23951.0,97.4,0.0,0,0,1,Review
11755,1,debt_consolidation,0.1284,645.47,11.53272809,20.21,727,9210.041667,8776.0,25.2,2.0,0,0,1,Approved
11756,1,debt_consolidation,0.1411,513.44,11.20775808,15.99,707,3360.041667,40868.0,66.6,0.0,0,0,1,Approved
11757,1,debt_consolidation,0.0788,350.34,10.1266311,19.15,737,6030.041667,10485.0,36.2,0.0,0,0,1,Approved
11758,1,debt_consolidation,0.1284,67.24,11.15625052,11.97,672,7313.0,11260.0,69.9,1.0,0,1,0,Review
11759,1,debt_consolidation,0.0963,32.1,11.00209984,6.16,727,8310.0,100.0,0.5,0.0,1,1,0,Approved
11760,1,debt_consolidation,0.08,313.37,10.59663473,23.01,797,5250.041667,10538.0,13.9,0.0,0,0,0,Approved
11761,1,all_other,0.0932,159.74,10.81985828,0.36,757,3210.0,49.0,0.5,2.0,3,0,0,Approved
11762,1,small_business,0.1221,333.15,11.09741002,10.76,792,5850.0,0.0,0,7.0,0,0,1,Approved
11763,1,credit_card,0.1189,232.15,10.858999,7.52,752,3330.041667,9856.0,13.3,7.0,0,0,0,Approved
11764,1,debt_consolidation,0.16,316.42,10.59653473,15.75,662,2640.041667,13072.0,90.2,0.0,0,0,0,Review
11765,1,credit_card,0.1568,280.02,12.09158169,22.49,662,4710.0,45496.0,62.7,2.0,0,0,0,Review
11766,1,credit_card,0.1505,277.53,11.28978191,12.07,667,3509.041667,9229.0,93.2,1.0,0,0,0,Review
11767,1,small_business,0.1253,836.66,11.65268741,13.74,727,9214.041667,40110.0,2.9,0.0,0,0,0,Approved
11768,1,debt_consolidation,0.1221,266.52,10.71441777,21.87,697,2940.0,6569.0,22.3,2.0,0,0,0,Review
11769,1,all_other,0.1221,159.92,11.12732181,3.99,702,5040.0,468.0,7.2,1.0,1,0,0,Approved
11770,1,home_improvement,0.1126,328.64,10.59663473,6.15,732,7680.0,1101.0,3.3,2.0,0,0,0,Approved
11771,1,all_other,0.1158,264.11,10.30895266,9.48,707,2550.0,14058.0,22.7,0.0,0,0,0,Approved
11772,1,debt_consolidation,0.1474,345.37,10.83958091,18.71,672,4740.0,18540.0,62.4,2.0,0,0,1,Review
11773,1,small_business,0.1316,253.28,10.49127422,21.5,702,1560.041667,1478.0,12.2,0.0,0,0,1,Approved
11774,1,debt_consolidation,0.1411,342.29,11.00209984,21.32,682,3090.041667,7168.0,23.3,1.0,0,0,1,Review
11775,1,small_business,0.1126,326.99,12.10071213,10.07,717,3630.0,61676.0,28.5,2.0,0,0,1,Approved
11776,1,debt_consolidation,0.1158,396.17,11.22132693,3.53,712,9330.041667,9826.0,42.7,1.0,0,1,0,Approved
11777,1,educational,0.0932,319.47,11.35040654,7.81,752,2610.041667,2001.0,12.1,1.0,0,0,0,Approved
11778,1,debt_consolidation,0.0963,239.91,10.44461927,15.51,727,3134.041667,15689.0,37.9,2.0,0,0,0,Approved
11779,1,small_business,0.0963,327.37,10.81977828,15.46,747,6660.041667,15303.0,48.9,1.0,0,0,0,Approved
11780,1,all_other,0.1316,101.32,11.00209984,14.08,672,3810.041667,2490.0,49.8,1.0,1,0,0,Review
11781,1,all_other,0.1221,49.98,10.08580911,21.15,692,1650.041667,1888.0,82.1,0.0,0,0,0,Review
11782,1,all_other,0.1095,235.54,11.17890622,11.93,792,5100.0,4931.0,8.5,6.0,0,0,0,Approved
11783,1,educational,0.1695,97.98,8.342839804,0,687,1238.041667,0.0,,0.0,0,0,0,Review
11784,1,all_other,0.1347,339.23,10.81977828,20.83,692,1470.0,10634.0,57.5,2.0,0,0,0,Review
11785,1,credit_card,0.1126,328.64,12.07254125,4.16,727,7222.0,44331.0,86.8,3.0,0,0,0,Approved
11786,1,debt_consolidation,0.1126,328.64,10.59350484,17.73,747,5430.0,2895.0,19.6,0.0,0,0,0,Approved
11787,1,small_business,0.1284,840.45,11.55214618,5.52,762,8630.041667,1900.0,38,4.0,0,0,0,Approved
11788,1,credit_card,0.1474,345.37,10.73639668,16.33,727,4350.0,13592.0,25.7,1.0,1,0,0,Approved
11789,1,debt_consolidation,0.0963,320.95,10.23981692,22.97,742,4470.041667,11488.0,22.3,0.0,0,0,0,Approved
11790,1,debt_consolidation,0.1126,328.64,11.00209984,12.2,762,3690.0,5264.0,28.8,2.0,0,0,0,Approved
11791,1,major_purchase,0.1158,280.62,10.23981692,20.75,717,2716.041667,12496.0,57.3,0.0,0,0,0,Approved
11792,1,home_improvement,0.1095,261.71,11.14186178,7.1,732,3180.0,18831.0,48.5,1.0,0,0,0,Approved
11793,1,debt_consolidation,0.1442,550.13,11.14186178,18.12,677,2400.041667,17085.0,81.4,0.0,0,0,0,Review
11794,1,credit_card,0.1095,40.9,11.77528973,5.18,707,4110.041667,26652.0,80.5,2.0,0,0,0,Approved
11795,1,debt_consolidation,0.1347,135.7,10.59653473,8.55,672,4620.041667,3469.0,56.9,1.0,0,1,1,Review
11796,1,small_business,0.0932,255.58,11.15619338,1.08,757,4232.041667,3416.0,8.6,1.0,0,0,0,Approved
11797,1,credit_card,0.06,194.7,10.4341158,17.12,742,2430.041667,7005.0,40,0.0,0,0,0,Approved
11798,1,all_other,0.1253,368.13,11.28983191,1.62,692,2880.0,4526.0,20.6,0.0,0,1,0,Review
11799,1,debt_consolidation,0.1284,487.46,10.72555551,14.24,722,3540.041667,8511.0,71.5,2.0,0,0,0,Approved
11800,1,debt_consolidation,0.0963,481.42,11.08214255,9.62,797,11820.04167,4002.0,12.4,0.0,0,0,0,Approved
11801,1,all_other,0.0932,306.69,11.03488966,8.52,797,4050.0,1309.0,3.3,0.0,0,0,0,Approved
11802,1,debt_consolidation,0.1287,260.66,10.18111929,20.14,692,1942.0,11307.0,82.8,0.0,0,0,0,Review
11803,1,major_purchase,0.1505,55.51,10.08580911,14.15,667,3450.041667,9603.0,96,1.0,0,0,0,Review
11804,1,debt_consolidation,0.1126,394.36,10.91501573,21.41,727,3900.041667,17102.0,73.1,1.0,0,0,0,Approved
11805,1,credit_card,0.1095,37.63,11.2515607,7.75,712,6240.0,6907.0,54.3,0.0,0,1,0,Approved
11806,1,debt_consolidation,0.1189,165.82,11.08214255,1.62,732,5612.041667,3005.0,50.1,0.0,1,0,0,Approved
11807,1,debt_consolidation,0.1158,495.21,11.53479458,10.51,727,10500.0,37281.0,69.4,1.0,0,0,0,Approved
11808,1,all_other,0.1347,254.42,10.37361617,21.3,692,2252.041667,14629.0,93.8,1.0,0,0,0,Review
11809,1,debt_consolidation,0.1316,337.71,10.73630972,21.34,687,3690.0,18049.0,66.8,2.0,0,0,0,Review
11810,1,all_other,0.1347,94.99,10.87012913,16.71,672,3000.041667,2275.0,49.5,1.0,0,0,0,Review
11811,1,debt_consolidation,0.1367,416.72,10.30895266,13.28,692,1132.0,12558.0,61.3,0.0,0,0,1,Review
11812,1,debt_consolidation,0.1114,262.43,10.858999,19.06,762,10710.0,2477.0,18.2,5.0,0,0,0,Approved
11813,1,debt_consolidation,0.1379,136.31,11.60823564,1.52,667,3480.041667,2783.0,45.6,1.0,0,0,0,Review
11814,1,debt_consolidation,0.1379,511.14,11.00209984,7.12,692,5640.041667,24803.0,77.5,2.0,0,1,0,Review
11815,1,credit_card,0.0932,175.71,10.1266311,16.23,757,4110.041667,3997.0,29.6,0.0,0,0,0,Approved
11816,1,educational,0.0932,159.74,10.08580911,18.75,782,10110.0,0.0,0,4.0,0,0,0,Approved
11817,1,home_improvement,0.0932,127.79,11.1844214,20.5,737,4530.041667,9337.0,16.8,2.0,0,0,0,Approved
11818,1,small_business,0.1158,396.17,11.15625052,10.99,732,4171.041667,40109.0,81.7,0.0,0,0,1,Approved
11819,1,educational,0.0963,160.48,10.5454467,14.02,732,4350.0,10011.0,43.2,3.0,0,0,0,Approved
11820,1,debt_consolidation,0.1126,131.46,11.21182037,8.77,742,8340.0,17094.0,19.6,0.0,0,0,0,Approved
11821,1,debt_consolidation,0.1316,378.23,11.22524339,4.48,682,3420.041667,4712.0,56.8,1.0,0,0,0,Review
11822,1,credit_card,0.1253,435.07,10.89673933,14.38,707,7020.041667,1109.0,9.7,2.0,0,0,0,Approved
11823,1,home_improvement,0.1253,83.67,10.81985828,10.92,682,5610.041667,3510.0,41.8,2.0,0,0,0,Review
11824,1,all_other,0.08,37.61,10.59663473,7.26,737,1896.041667,3770.0,18.6,1.0,0,0,0,Approved
11825,1,all_other,0.1379,85.19,9.903487553,23.82,667,2700.041667,5411.0,76.1,1.0,0,0,0,Review
11826,1,all_other,0.1189,49.75,10.77895629,18.13,692,7530.041667,2573.0,67.7,0.0,0,1,0,Review
11827,1,debt_consolidation,0.0932,255.58,10.30895266,8.48,752,3990.0,8840.0,24.6,2.0,0,0,0,Approved
11828,1,debt_consolidation,0.0932,383.37,11.14186178,8.68,807,8580.041667,7336.0,7.2,0.0,0,0,0,Approved
11829,1,small_business,0.1316,506.56,11.36210258,14.34,697,5130.0,388.0,4.6,1.0,1,0,0,Review
11830,1,credit_card,0.0963,192.57,11.91839057,6.14,727,8310.0,13455.0,20.6,1.0,0,0,0,Approved
11831,1,debt_consolidation,0.1189,464.3,10.59663473,11.46,717,7347.0,17523.0,35.9,0.0,0,1,0,Approved
11832,1,credit_card,0.1221,433.1,10.97164063,16.04,707,3885.041667,12671.0,60.6,1.0,0,0,0,Approved
11833,1,all_other,0.1253,167.34,11.30220443,15.21,677,5160.0,1015.0,25.4,0.0,0,0,0,Review
11834,1,debt_consolidation,0.1284,470.66,11.00209984,22.06,697,2220.0,13932.0,71.8,0.0,0,0,0,Review
11835,1,small_business,0.1221,499.73,11.22524339,15.02,722,5400.0,40882.0,31.8,2.0,0,0,0,Approved
11836,1,major_purchase,0.0932,223.63,10.1266311,12.82,737,1920.041667,2944.0,22.5,0.0,0,0,0,Approved
11837,1,debt_consolidation,0.1411,229.34,10.64661467,23.67,667,4980.041667,10106.0,40.3,1.0,0,0,0,Review
11838,1,all_other,0.1253,50.2,10.69203582,20.75,677,4080.041667,920.0,21.9,0.0,0,0,1,Review
11839,1,small_business,0.1095,49.89,10.1266311,11.62,727,6510.0,2108.0,23.2,0.0,0,1,0,Approved
11840,1,debt_consolidation,0.1221,266.52,11.22524339,14.58,712,5730.041667,30692.0,92.4,1.0,0,0,0,Approved
11841,1,small_business,0.0963,154.06,11.77525896,7.38,727,5490.0,27399.0,41.1,1.0,0,0,0,Approved
11842,1,debt_consolidation,0.0932,319.47,10.98529272,11.02,757,3510.041667,2710.0,5.7,0.0,0,0,0,Approved
11843,1,small_business,0.1126,427.23,11.42954386,14.05,722,7200.041667,9551.0,43.8,0.0,0,1,0,Approved
11844,1,debt_consolidation,0.1114,164.02,10.04324949,4.33,727,2130.0,3612.0,54.6,0.0,1,0,0,Approved
11845,1,debt_consolidation,0.1474,345.37,10.69194491,18.3,667,4620.041667,10155.0,73.9,1.0,0,0,0,Review
11846,1,major_purchase,0.08,37.61,10.59663473,18.78,732,3870.041667,4086.0,32.2,2.0,0,0,0,Approved
11847,1,debt_consolidation,0.08,219.36,11.61728548,5.1,752,8250.041667,36923.0,27.7,2.0,0,0,0,Approved
11848,1,all_other,0.0932,95.85,10.12085445,18.01,722,1860.0,4851.0,12.9,2.0,0,0,0,Approved
11849,1,debt_consolidation,0.1411,171.15,10.73630972,12.11,672,2700.041667,10523.0,57.8,0.0,1,0,0,Review
11850,1,educational,0.1316,506.56,10.96819829,7.28,687,2190.0,9108.0,82.8,0.0,0,0,0,Review
11851,1,debt_consolidation,0.0932,351.42,11.40756495,6.43,767,5610.041667,7264.0,20.8,0.0,0,0,0,Approved
11852,1,credit_card,0.1284,285.76,11.77528973,10.62,682,3210.0,12417.0,77.1,0.0,0,0,0,Review
11853,1,credit_card,0.1221,626.32,10.54534144,13.07,712,4998.041667,26554.0,47.8,2.0,0,0,0,Approved
11854,1,credit_card,0.1284,470.66,11.1123882,15.53,697,3750.041667,26208.0,78.5,0.0,0,0,0,Review
11855,1,all_other,0.1189,165.82,10.71441777,5.47,702,2940.0,452.0,12.6,2.0,0,0,0,Approved
11856,1,debt_consolidation,0.08,62.68,10.81977828,10.51,737,2370.041667,2270.0,14,1.0,0,0,1,Approved
11857,1,small_business,0.1284,504.27,12.11450545,20.69,697,3149.041667,84844.0,79.4,3.0,0,0,0,Review
11858,1,all_other,0.1158,39.62,10.91508846,24.37,697,8700.0,22723.0,76.9,2.0,0,1,0,Review
11859,1,all_other,0.1126,282.63,10.81977828,2.88,712,4320.0,1076.0,8.7,3.0,0,0,1,Approved
11860,1,debt_consolidation,0.1347,407.08,12.66032792,10.05,692,9060.0,127192.0,670,1.0,0,0,0,Review
11861,1,home_improvement,0.1411,164.3,11.39643659,10.64,662,5940.041667,17965.0,79.5,1.0,0,0,0,Review
11862,1,debt_consolidation,0.1537,522.7,10.71441777,5.84,672,2460.0,20800.0,88.1,1.0,0,0,0,Review
11863,1,debt_consolidation,0.1221,366.47,11.19766662,14.97,732,6360.041667,11961.0,17.1,2.0,0,0,0,Approved
11864,1,all_other,0.1189,464.3,11.34142515,10.33,717,1860.0,23149.0,32.6,3.0,0,0,0,Approved
11865,1,all_other,0.1158,462.19,10.91508846,13.99,717,3090.041667,7535.0,39.5,1.0,0,0,0,Approved
11866,1,small_business,0.0963,481.42,11.91839057,8.44,812,6750.041667,67128.0,31.3,2.0,0,0,0,Approved
11867,1,all_other,0.0932,319.47,11.51288546,3.83,747,3390.041667,9961.0,13.2,0.0,0,0,0,Approved
11868,1,all_other,0.1095,261.71,10.59663473,7.68,732,2460.0,13161.0,25.2,0.0,0,0,0,Approved
11869,1,debt_consolidation,0.08,228.76,10.88930435,11.08,752,1920.041667,4381.0,14.3,1.0,0,0,0,Approved
11870,1,debt_consolidation,0.1442,409.16,12.3588109,8.32,677,7560.041667,31458.0,91.2,0.0,0,0,0,Review
11871,1,debt_consolidation,0.1505,138.77,10.94199592,12.7,682,3750.041667,3864.0,99.1,0.0,0,1,0,Review
11872,1,small_business,0.1158,495.21,11.1844214,13.27,727,4050.0,23236.0,42.4,2.0,0,0,1,Approved
11873,1,credit_card,0.1632,529.71,11.91839057,6.55,662,4050.0,22783.0,93.7,3.0,1,0,0,Review
11874,1,debt_consolidation,0.1126,315.49,11.09741002,18.31,722,4110.041667,39660.0,46.5,0.0,0,0,0,Approved
11875,1,debt_consolidation,0.1221,164.91,9.998797732,22.8,692,5310.041667,10128.0,46,0.0,0,0,0,Review
11876,1,debt_consolidation,0.0751,435.54,10.96819829,10.26,782,8340.041667,4198.0,15.4,1.0,0,0,0,Approved
11877,1,debt_consolidation,0.1221,499.73,11.15619338,6.58,707,3690.0,16048.0,34.8,2.0,1,0,0,Approved
11878,1,major_purchase,0.1158,66.03,10.25765937,16.17,722,1830.0,1416.0,40.5,1.0,0,0,0,Approved
11879,1,debt_consolidation,0.1474,486.11,11.16200536,11.42,672,2940.0,2698.0,21.4,3.0,3,0,0,Review
11880,1,major_purchase,0.0932,293.91,11.10495723,8.35,787,7650.0,2719.0,4.6,0.0,0,0,0,Approved
11881,1,all_other,0.0932,148.56,10.37255324,8.48,782,3390.041667,16.0,0.3,0.0,0,0,0,Approved
11882,1,debt_consolidation,0.1411,513.44,11.41861479,16.8,682,5700.041667,16935.0,91,1.0,0,1,0,Review
11883,1,debt_consolidation,0.1284,403.42,10.73639668,19.57,697,3450.041667,27261.0,87.4,1.0,0,0,0,Review
11884,1,debt_consolidation,0.0768,77.98,10.37349118,0.38,822,9968.041667,510.0,one,0.0,0,0,1,Approved
11885,1,credit_card,0.0963,288.85,11.60823564,18.41,737,3481.041667,2737.0,6.4,1.0,0,0,1,Approved
11886,1,debt_consolidation,0.1189,265.32,11.00209984,17.24,707,4770.0,5476.0,46.4,0.0,0,0,1,Approved
11887,1,credit_card,0.1253,187.42,10.81977828,14.42,682,5640.041667,10460.0,42.9,0.0,0,0,0,Review
11888,1,credit_card,0.1126,407.51,12.01370075,10.01,727,6750.041667,9800.0,38.4,1.0,0,0,0,Approved
11889,1,debt_consolidation,0.1126,328.64,11.03488966,4.49,722,1710.041667,9021.0,27.7,0.0,0,0,0,Approved
11890,1,debt_consolidation,0.1253,384.87,10.73630972,15.91,697,2220.0,11562.0,60.2,2.0,0,0,0,Review
11891,1,debt_consolidation,0.1095,261.71,11.22524339,23.25,722,6540.0,55723.0,55.8,3.0,0,0,0,Approved
11892,1,all_other,0.1253,240.96,10.90778916,9.12,702,3240.0,1050.0,44.5,2.0,0,0,0,Approved
11893,1,educational,0.1347,508.84,11.05089001,12.93,712,6553.0,18231.0,97,3.0,0,0,0,Approved
11894,1,all_other,0.1505,260.19,11.37939407,9.08,667,6930.0,55163.0,93.7,0.0,0,0,0,Review
11895,1,debt_consolidation,0.1095,130.86,10.81977828,22.46,717,5820.0,24046.0,68.7,2.0,0,0,0,Approved
11896,1,credit_card,0.1357,237.78,11.05089001,19.2,677,4290.0,18748.0,72.4,2.0,0,0,0,Review
11897,1,debt_consolidation,0.1253,284.47,10.66895539,9.27,687,2850.0,3294.0,18.7,3.0,1,0,1,Review
11898,1,debt_consolidation,0.1126,414.08,10.65735347,18.15,722,2674.041667,4297.0,39.8,0.0,0,0,0,Approved
11899,1,small_business,0.0932,44.73,9.305650552,24.98,727,2310.041667,5010.0,63.4,0.0,0,0,0,Approved
11900,1,debt_consolidation,0.0963,320.95,11.15625052,6.31,737,3480.041667,20423.0,46.7,2.0,0,0,1,Approved
11901,1,debt_consolidation,0.1316,405.25,11.06663836,7.97,697,3150.041667,16331.0,76,0.0,0,1,0,Review
11902,1,home_improvement,0.1158,495.21,11.47210347,0.13,797,4770.0,144.0,0.3,2.0,0,0,0,Approved
11903,1,small_business,0.1126,492.95,12.07254125,3.31,757,5880.0,1631.0,65.2,0.0,0,0,0,Approved
11904,1,debt_consolidation,0.1284,268.95,10.81977828,18.6,682,5162.0,8690.0,65.3,3.0,0,1,0,Review
11905,1,credit_card,0.0768,155.96,11.45105006,15.29,777,4080.0,3839.0,6.2,0.0,0,0,0,Approved
11906,1,small_business,0.1422,514.27,11.00209984,3.48,702,3870.041667,4628.0,94.4,3.0,0,0,0,Approved
11907,1,debt_consolidation,0.1505,260.19,10.84081544,15.06,662,9180.0,19469.0,84.8,1.0,1,0,1,Review
11908,1,all_other,0.0963,208.62,10.59653473,9.18,727,4980.041667,3736.0,14.2,3.0,1,0,0,Approved
11909,1,credit_card,0.1189,99.5,10.51867319,20.63,692,4410.0,10455.0,54.5,1.0,0,0,1,Review
11910,1,credit_card,0.0932,95.85,10.89673933,6.6,727,1921.041667,2979.0,28.9,1.0,0,0,1,Approved
11911,1,all_other,0.1505,312.23,11.46163217,17.72,667,7080.041667,44313.0,93.5,2.0,0,0,1,Review
11912,1,debt_consolidation,0.1316,506.56,11.23848862,21.9,687,6000.041667,63202.0,51.3,0.0,0,0,1,Review
11913,1,all_other,0.1158,82.54,11.47001796,4.81,702,5070.0,26223.0,77.4,2.0,0,0,0,Approved
11914,1,small_business,0.0963,192.57,11.03488966,6.35,732,1980.041667,3879.0,32.9,0.0,0,0,0,Approved
11915,1,all_other,0.0963,96.29,10.32548196,14.4,722,3257.0,277.0,5.4,2.0,0,0,0,Approved
11916,1,all_other,0.0963,320.95,11.40756495,3.27,732,3720.041667,8976.0,15.7,3.0,0,0,1,Approved
11917,1,all_other,0.1253,127.18,11.00209984,20.14,687,4140.041667,27759.0,71.7,1.0,0,0,1,Review
11918,1,credit_card,0.1158,264.11,10.34148439,6.89,712,5670.041667,11025.0,55.1,1.0,0,1,1,Approved
11919,1,debt_consolidation,0.0768,187.15,11.08220409,8.4,782,11340.0,6047.0,11,1.0,0,0,0,Approved
11920,1,debt_consolidation,0.1347,162.83,11.51292546,21.8,687,6420.041667,52757.0,96.4,0.0,0,0,0,Review
11921,1,all_other,0.1411,273.84,10.91501573,12.59,672,1650.041667,6844.0,75.2,2.0,0,0,0,Review
11922,1,credit_card,0.1253,502.0,11.76368418,16.16,707,4470.041667,54445.0,87.8,2.0,0,0,0,Approved
11923,1,credit_card,0.1189,296.82,11.15625052,21.24,702,7860.041667,50822.0,70,0.0,0,0,0,Approved
11924,1,all_other,0.0932,159.74,10.30895266,14.16,762,5550.041667,1445.0,6.5,2.0,0,0,0,Approved
11925,1,debt_consolidation,0.1474,518.06,11.08220409,22.1,672,4934.041667,23535.0,66.7,2.0,0,1,1,Review
11926,1,credit_card,0.1442,515.74,11.15625052,13.7,697,2550.0,11129.0,89,0.0,0,0,0,Review
11927,1,debt_consolidation,0.1189,397.97,10.54534144,19.64,707,1890.0,6472.0,53.5,1.0,0,0,0,Approved
11928,1,all_other,0.1379,170.38,10.71441777,six,722,5280.041667,0.0,,1.0,0,0,0,Approved
11929,1,debt_consolidation,0.08,58.76,10.81977828,19.06,732,4773.0,27835.0,45.8,0.0,0,0,0,Approved
11930,1,small_business,0.1347,339.23,11.77528973,13.85,702,4200.041667,26822.0,90.9,2.0,1,0,0,Approved
11931,1,debt_consolidation,0.1316,405.25,10.4341158,19.55,682,2490.0,23806.0,76.1,0.0,0,0,0,Review
11932,1,small_business,0.1505,520.37,11.46163217,17.72,667,7501.041667,12586.0,84.5,2.0,0,0,0,Review
11933,1,debt_consolidation,0.1442,343.83,10.49127422,22.43,667,2877.0,9469.0,59.2,1.0,0,0,0,Review
11934,1,debt_consolidation,0.1126,328.64,11.16472876,11.61,722,6480.0,15116.0,38.7,2.0,0,0,0,Approved
11935,1,home_improvement,0.1158,138.66,10.37349118,22.09,702,2945.0,14166.0,81.4,0.0,0,0,0,Approved
11936,1,debt_consolidation,0.0963,288.85,10.66895539,7,742,3600.0,10232.0,30.6,1.0,0,0,0,Approved
11937,1,credit_card,0.1221,499.73,11.2515607,14.96,712,4860.041667,30985.0,79.4,3.0,0,0,0,Approved
11938,1,debt_consolidation,0.0932,255.58,10.49127422,10.73,752,13770.0,8128.0,27.7,3.0,0,0,0,Approved
11939,1,credit_card,0.1505,346.92,10.59663473,20.64,662,3030.041667,15350.0,37.5,1.0,0,0,0,Review
11940,1,small_business,0.1316,506.56,11.91839057,4.06,697,7170.041667,85892.0,2.1,1.0,2,0,0,Review
11941,1,credit_card,0.1189,169.14,10.23995979,16.11,697,4080.0,20722.0,52.1,2.0,0,0,0,Review
11942,1,debt_consolidation,0.1253,281.12,11.30220443,1.85,687,4320.0,6716.0,32.7,2.0,0,0,0,Review
11943,1,credit_card,0.08,100.28,10.66895539,8.6,742,3150.041667,5624.0,32,0.0,0,0,0,Approved
11944,1,debt_consolidation,0.1411,342.29,10.71441777,14.45,672,8940.041667,10942.0,57,0.0,0,0,0,Review
11945,1,debt_consolidation,0.1379,190.83,10.71441777,9.07,682,5100.0,9287.0,97.8,0.0,0,1,0,Review
11946,1,debt_consolidation,0.1189,397.97,10.59663473,14.88,757,6150.0,15280.0,56.2,0.0,0,0,0,Approved
11947,1,all_other,0.0932,319.47,11.00209984,1.78,797,8100.0,2111.0,4,2.0,0,0,0,Approved
11948,1,major_purchase,0.1095,245.36,10.51867319,14.72,777,3811.041667,1194.0,3.8,1.0,0,0,0,Approved
11949,1,credit_card,0.1474,155.42,10.81977828,13.94,662,2191.0,21628.0,93.2,1.0,0,0,0,Review
11950,1,home_improvement,0.0963,481.42,11.15625052,12.19,772,4080.0,8850.0,16.5,1.0,0,0,1,Approved
11951,1,debt_consolidation,0.1379,511.14,10.76595548,9.17,712,8847.0,17500.0,85.6,0.0,0,1,0,Approved
11952,1,debt_consolidation,0.1221,53.31,11.14186178,18.14,677,5251.041667,4658.0,44.3,3.0,1,1,1,Review
11953,1,debt_consolidation,0.1095,490.71,11.56171563,8.14,757,6960.0,13333.0,25.8,0.0,0,0,0,Approved
11954,1,all_other,0.1442,515.74,11.14186178,14.26,677,4530.041667,13235.0,47.8,1.0,0,0,0,Review
11955,1,all_other,0.1411,410.75,11.28978191,7.21,672,3030.041667,7887.0,37.2,0.0,0,0,0,Review
11956,1,small_business,0.1474,34.54,9.210340372,1.2,667,1860.0,437.0,9.7,0.0,1,0,0,Review
11957,1,educational,0.1221,333.15,11.00209984,11.42,702,1950.041667,6116.0,33.1,2.0,0,0,0,Approved
11958,1,debt_consolidation,0.1221,119.94,11.00209984,10.56,692,4080.0,5211.0,30.1,0.0,3,0,0,Review
11959,1,all_other,0.0932,134.18,10.51583186,8.52,737,4590.041667,13385.0,57.5,1.0,0,0,0,Approved
11960,1,educational,0.0963,176.52,10.6508871,15.63,727,4200.041667,21002.0,36.7,1.0,0,0,0,Approved
11961,1,all_other,0.1158,82.54,11.69524702,14.51,712,6780.041667,53094.0,91.2,2.0,0,0,0,Approved
11962,1,debt_consolidation,0.1221,299.84,11.22524339,1.81,697,10290.0,17307.0,31.8,2.0,0,0,0,Review
11963,1,credit_card,0.0963,320.95,11.00209984,11.24,742,5790.0,3649.0,33.8,2.0,0,0,0,Approved
11964,1,credit_card,0.1189,276.92,11.61728548,1.92,702,8730.0,3421.0,7.4,1.0,0,0,0,Approved
11965,1,debt_consolidation,0.1379,204.46,10.18490001,5.34,682,10308.95833,5177.0,12.5,3.0,1,0,0,Review
11966,1,debt_consolidation,0.1284,152.97,10.30815234,21.18,682,4109.958333,1125.0,64.3,3.0,0,1,0,Review
11967,1,debt_consolidation,0.1158,330.14,11.8493977,8.32,727,4890.041667,44128.0,42,1.0,0,0,1,Approved
11968,1,small_business,0.1379,255.57,10.93310697,4.18,687,7184.041667,3554.0,37.8,3.0,0,0,0,Review
11969,1,small_business,0.1126,328.64,12.87390202,15.68,792,9041.0,23217.0,8.5,3.0,0,0,0,Approved
11970,1,educational,0.1347,169.62,10.12647109,12.15,687,1925.041667,1643.0,8.6,2.0,1,0,0,Review
11971,1,all_other,0.0963,224.66,11.44293209,14.05,727,5100.0,5265.0,39.6,1.0,0,0,0,Approved
11972,1,debt_consolidation,0.1347,508.84,10.93310697,13.61,677,6390.041667,26821.0,52.6,3.0,0,0,0,Review
11973,1,credit_card,0.1347,441.0,11.28978191,21.11,687,3330.0,64411.0,87.8,2.0,0,0,0,Review
11974,1,debt_consolidation,0.1442,206.3,11.51292546,13.57,662,5157.0,27254.0,80.4,0.0,0,0,0,Review
11975,1,all_other,0.1379,136.31,10.41271189,15.47,692,1861.0,7321.0,88.2,1.0,0,0,0,Review
11976,1,educational,0.1379,54.53,10.91508846,14.68,662,5310.041667,23713.0,73.5,1.0,0,0,0,Review
11977,1,home_improvement,0.0932,383.37,11.87164831,4.69,792,12433.0,4384.0,5,0.0,0,0,0,Approved
11978,1,small_business,0.1253,502.0,11.73446773,15.83,702,6420.041667,109255.0,63.4,0.0,2,0,0,Approved
11979,1,debt_consolidation,0.1537,522.7,11.81303006,18.12,667,9000.041667,17258.0,81.4,1.0,1,0,1,Review
11980,1,debt_consolidation,0.1189,497.46,11.28983191,17.64,717,2226.0,9663.0,30.7,2.0,0,0,0,Approved
11981,1,major_purchase,0.1316,202.63,11.39643659,7.4,687,3300.0,281.0,7.4,3.0,0,2,0,Review
11982,1,small_business,0.1095,490.71,11.60823564,1.07,762,4290.041667,3889.0,18.3,0.0,0,0,1,Approved
11983,1,debt_consolidation,0.1411,222.49,10.46310334,21.15,667,2640.041667,5518.0,34.9,2.0,1,0,0,Review
11984,1,credit_card,0.08,180.19,11.15625052,2.59,807,4800.0,5231.0,2.4,1.0,0,0,0,Approved
11985,1,credit_card,0.1411,171.15,11.98290409,6.84,702,4770.0,18115.0,98.5,0.0,0,0,0,Approved
11986,1,home_improvement,0.0963,481.42,10.30895266,4.08,817,8250.041667,24665.0,5.3,0.0,0,0,0,Approved
11987,1,debt_consolidation,0.0932,319.47,11.69524702,5.93,747,3150.041667,5761.0,36.2,1.0,0,0,0,Approved
11988,1,debt_consolidation,0.1221,199.89,10.59663473,20.43,707,7050.0,12694.0,63.8,3.0,0,0,0,Approved
11989,1,debt_consolidation,0.1221,466.41,10.9329641,14.38,712,4080.0,12837.0,37.8,1.0,1,0,0,Approved
11990,1,debt_consolidation,0.1126,345.07,11.03650127,3.61,722,3690.0,14080.0,31.2,0.0,0,0,0,Approved
11991,1,all_other,0.1442,82.52,10.1266311,12.38,677,1410.0,5285.0,60.1,3.0,0,0,0,Review
11992,1,debt_consolidation,0.1158,495.21,11.51292546,22.37,727,3652.0,16386.0,62,0.0,0,0,0,Approved
11993,1,all_other,0.08,115.95,10.23981692,7.84,772,1591.041667,1271.0,8.7,1.0,0,0,0,Approved
11994,1,credit_card,0.1158,495.21,11.14186178,21.86,727,5790.0,22359.0,25,0.0,1,0,0,Approved
11995,1,all_other,0.1126,276.06,10.49404814,1.4,772,5640.041667,1569.0,14.7,1.0,0,0,0,Approved
11996,1,debt_consolidation,0.1347,191.67,11.11542853,6.18,672,4950.041667,5333.0,47.2,1.0,1,0,0,Review
11997,1,debt_consolidation,0.1632,176.57,9.998797732,8.67,662,1140.0,8517.0,71.6,2.0,0,0,1,Review
11998,1,all_other,0.1218,166.5,10.88743693,17.64,697,2442.958333,7398.0,37.9,0.0,0,0,0,Review
11999,1,credit_card,0.1505,520.37,10.91508846,16.95,677,8670.0,16918.0,90.5,0.0,0,0,0,Review
12000,1,debt_consolidation,0.1379,272.61,11.26446411,3.29,682,4560.041667,7921.0,58.7,0.0,0,0,0,Review
12001,1,home_improvement,0.0963,481.42,11.55214618,9.63,777,6270.0,19181.0,9.3,2.0,0,0,0,Approved
12002,1,debt_consolidation,0.1189,497.46,11.38813292,7.34,717,3060.041667,15648.0,45.8,1.0,0,0,1,Approved
12003,1,debt_consolidation,0.1189,497.46,11.15619338,18.28,717,6960.0,4826.0,58.1,1.0,1,0,0,Approved
12004,1,credit_card,0.0963,481.42,10.57131693,11.57,812,4650.041667,1140.0,9.7,1.0,0,0,0,Approved
12005,1,credit_card,0.1158,495.21,11.51292546,23.7,727,5040.0,30929.0,65.9,2.0,0,0,0,Approved
12006,1,debt_consolidation,0.1474,487.84,10.30895266,11.24,677,3060.041667,23762.0,94.3,1.0,0,0,1,Review
12007,1,all_other,0.0932,191.69,10.81985828,5.28,732,3810.041667,6477.0,26,1.0,0,0,0,Approved
12008,1,credit_card,0.0932,319.47,11.60823564,10.29,752,4410.0,28840.0,34.3,0.0,0,0,0,Approved
12009,1,all_other,0.1316,405.25,11.35040654,12.01,752,3749.041667,0.0,,0.0,0,0,0,Approved
12010,1,debt_consolidation,0.1632,529.71,11.40756495,9.77,672,6633.0,15080.0,90.3,3.0,1,0,0,Review
12011,1,debt_consolidation,0.1411,342.29,10.1266311,13.73,682,4320.0,10564.0,72.4,0.0,0,1,1,Review
12012,1,home_improvement,0.0932,127.79,11.23653935,13.72,767,5850.0,159.0,1.3,1.0,0,0,0,Approved
12013,1,debt_consolidation,0.1347,508.84,10.74492542,13.76,692,4334.0,18546.0,94.1,0.0,0,0,0,Review
12014,1,debt_consolidation,0.1347,169.62,11.08214255,12.48,692,2940.0,8681.0,42.3,1.0,0,0,0,Review
12015,1,educational,0.1253,234.27,10.62132735,2.46,747,4978.041667,5327.0,47.4,7.0,0,0,0,Approved
12016,1,debt_consolidation,0.1537,261.35,11.00209984,17.5,677,2761.041667,16422.0,76.6,0.0,0,0,0,Review
12017,1,debt_consolidation,0.1095,163.57,10.1266311,12.48,732,3810.041667,3318.0,18.1,0.0,1,0,0,Approved
12018,1,credit_card,0.1253,301.2,10.77561739,20.59,722,11100.04167,14379.0,89.3,0.0,0,0,0,Approved
12019,1,debt_consolidation,0.1442,257.87,10.71441777,15.92,682,5730.041667,9562.0,21.9,1.0,0,0,1,Review
12020,1,home_improvement,0.1284,168.09,10.40426284,17.67,702,2550.0,5051.0,51.5,2.0,0,0,0,Approved
12021,1,small_business,0.1158,495.21,11.54248427,20.26,722,5700.041667,72333.0,29.9,1.0,0,0,0,Approved
12022,1,all_other,0.0768,62.39,10.77895629,13.6,752,3733.0,6316.0,11.5,3.0,0,0,0,Approved
12023,1,debt_consolidation,0.0963,192.57,10.83446983,7.43,732,2760.041667,11629.0,37.6,0.0,0,0,0,Approved
12024,1,debt_consolidation,0.1411,246.45,10.46321762,6.99,677,2640.0,10606.0,62,0.0,0,0,0,Review
12025,1,debt_consolidation,0.1411,290.95,9.998615898,10.15,682,6720.041667,8451.0,89.9,2.0,0,0,0,Review
12026,1,debt_consolidation,0.1189,497.46,11.00209984,12.42,717,2370.041667,31563.0,40.5,3.0,0,0,0,Approved
12027,1,credit_card,0.0963,320.95,11.24895992,0,782,4050.0,0.0,0,4.0,0,0,0,Approved
12028,1,credit_card,0.0963,231.08,11.12726298,19.11,727,6210.0,35333.0,66.9,3.0,0,0,0,Approved
12029,1,debt_consolidation,0.08,188.02,10.18490001,12.14,762,2040.041667,1491.0,5.5,0.0,0,0,0,Approved
12030,1,major_purchase,0.1221,79.96,10.04324949,9.5,712,1380.041667,981.0,25.2,0.0,0,0,0,Approved
12031,1,debt_consolidation,0.1568,227.51,10.96812932,15.87,667,2190.0,20341.0,85.1,0.0,0,0,0,Review
12032,1,all_other,0.1474,207.23,10.37352243,12.45,672,2970.0,3633.0,44.9,2.0,0,0,0,Review
12033,1,debt_consolidation,0.1347,81.42,10.34137532,5.11,692,1350.041667,5727.0,54,1.0,0,0,0,Review
12034,1,debt_consolidation,0.1505,138.77,10.71885237,7.67,667,3060.041667,17293.0,94.5,0.0,1,0,0,Review
12035,1,small_business,0.1663,354.7,11.35040654,15.61,662,5528.958333,66526.0,93.6,3.0,0,0,0,Review
12036,1,small_business,0.16,263.68,10.81977828,22.13,677,2580.0,16767.0,46.2,0.0,0,0,0,Review
12037,1,debt_consolidation,0.1316,506.56,10.84028655,21.44,707,4020.0,19855.0,74.1,1.0,0,0,0,Approved
12038,1,debt_consolidation,0.1379,408.91,11.5806215,4.58,687,5490.0,12636.0,30.2,1.0,1,0,0,Review
12039,1,small_business,0.1189,497.46,11.51292546,2.3,717,5520.0,2548.0,8.4,0.0,0,0,0,Approved
12040,1,debt_consolidation,0.1442,154.73,10.4487146,7.58,687,1320.041667,3952.0,44.1,1.0,0,0,0,Review
12041,1,major_purchase,0.1347,271.39,10.83958091,4.35,687,3844.041667,1935.0,22.8,0.0,3,0,0,Review
12042,1,debt_consolidation,0.08,206.82,10.62132735,10.74,752,4800.0,7112.0,50.4,1.0,0,0,0,Approved
12043,1,debt_consolidation,0.1253,267.74,11.15625052,20.67,712,5339.958333,14193.0,46.4,3.0,0,1,0,Approved
12044,1,all_other,0.0768,155.96,10.60430524,5.78,802,4440.0,5312.0,7.2,0.0,0,0,0,Approved
12045,1,small_business,0.1284,504.27,11.66134547,8.1,697,6506.0,25311.0,53.5,1.0,0,0,0,Review
12046,1,credit_card,0.1316,195.87,10.87804719,5.52,702,2040.041667,6105.0,74.5,0.0,0,0,0,Approved
12047,1,home_improvement,0.0932,134.18,11.22524339,3.33,732,3240.0,11127.0,13.4,0.0,0,0,0,Approved
12048,1,small_business,0.1095,327.14,11.46163217,5.68,722,5460.0,37964.0,57.4,2.0,0,0,0,Approved
12049,1,small_business,0.1442,330.08,11.33814341,11.46,702,1260.041667,4040.0,20.2,0.0,0,0,0,Approved
12050,1,all_other,0.1158,495.21,11.22967356,9.81,742,6480.041667,4218.0,1.4,0.0,1,1,0,Approved
12051,1,debt_consolidation,0.1126,295.77,11.35035948,7.45,742,5370.041667,8827.0,34.3,1.0,0,0,0,Approved
12052,1,debt_consolidation,0.1568,525.03,11.69524702,19.87,682,5010.041667,87502.0,96.4,0.0,1,0,0,Review
12053,1,credit_card,0.0963,481.42,10.91508846,16.56,782,4980.041667,17709.0,31.1,0.0,0,0,0,Approved
12054,1,debt_consolidation,0.1284,242.05,10.37361617,19.16,702,1890.0,6136.0,42.9,0.0,0,0,0,Approved
12055,1,small_business,0.16,281.26,10.59663473,23.13,662,3090.041667,31006.0,85.4,3.0,0,0,0,Review
12056,1,all_other,0.1442,515.74,11.60823564,6.33,682,1890.0,6585.0,20.3,2.0,1,0,0,Review
12057,1,major_purchase,0.1411,273.84,10.51867319,16.96,692,1500.0,5252.0,56.5,2.0,0,0,0,Review
12058,1,small_business,0.1095,490.71,11.28978191,2.77,752,5717.041667,11002.0,20.9,1.0,0,0,0,Approved
12059,1,debt_consolidation,0.1568,310.64,10.27931786,19.53,692,3738.0,21894.0,99.5,0.0,0,0,0,Review
12060,1,debt_consolidation,0.1158,198.09,10.54534144,23.08,732,7050.041667,4397.0,86.4,0.0,0,0,0,Approved
12061,1,small_business,0.1347,508.84,11.81303006,12.18,702,3390.041667,65230.0,68.9,1.0,0,0,0,Approved
12062,1,debt_consolidation,0.1695,534.41,11.08220409,22.85,682,2670.041667,17820.0,98.5,0.0,0,0,0,Review
12063,1,credit_card,0.1442,515.74,11.52184556,11.22,682,3450.041667,24432.0,68.6,0.0,0,0,0,Review
12064,1,credit_card,0.1253,368.13,11.44035477,19.35,692,5449.0,32307.0,83.3,0.0,0,0,0,Review
12065,1,all_other,0.0963,288.85,11.15625052,8.45,737,4890.041667,7215.0,30.8,2.0,0,0,0,Approved
12066,1,home_improvement,0.1347,508.84,11.15619338,11.73,702,2820.041667,8417.0,43.4,1.0,0,0,0,Approved
12067,1,debt_consolidation,0.1537,146.36,10.46310334,6,662,1470.0,8597.0,56.9,1.0,0,0,0,Review
12068,1,educational,0.1379,170.38,11.22524339,20.86,767,7950.041667,38511.0,22.9,2.0,0,0,0,Approved
12069,1,all_other,0.0932,319.47,10.81977828,0.36,777,3092.041667,311.0,0.5,2.0,0,0,0,Approved
12070,1,debt_consolidation,0.1347,203.54,11.22524339,4.75,682,5520.0,6684.0,66.2,1.0,0,0,0,Review
12071,1,debt_consolidation,0.1411,342.29,10.77895629,15,687,4590.041667,11011.0,57.1,0.0,2,0,0,Review
12072,1,debt_consolidation,0.1095,163.57,10.81977828,6.38,717,3630.0,4044.0,18,0.0,0,1,0,Approved
12073,1,debt_consolidation,0.1537,522.7,11.71993963,6.52,677,2880.0,92391.0,72.6,0.0,0,0,0,Review
12074,1,major_purchase,0.08,206.04,10.71441777,13.28,767,11310.0,5889.0,27.1,3.0,0,0,0,Approved
12075,1,small_business,0.1126,492.95,10.93310697,7.16,737,2970.0,30282.0,54.3,1.0,0,0,0,Approved
12076,1,credit_card,0.1726,500.98,11.81303006,9.33,672,1650.041667,29101.0,96.6,1.0,0,0,0,Review
12077,1,small_business,0.1253,100.4,10.1266311,3.65,712,2190.0,3238.0,10.4,0.0,0,0,0,Approved
12078,1,debt_consolidation,0.1411,513.44,11.00209984,14.02,692,2370.041667,20002.0,52.2,3.0,0,0,1,Review
12079,1,credit_card,0.1505,346.92,11.12726298,13.96,672,2294.041667,6365.0,25.2,1.0,1,0,0,Review
12080,1,small_business,0.1442,343.83,11.00209984,11.26,682,6540.0,4395.0,57.8,2.0,0,1,1,Review
12081,1,all_other,0.1379,340.76,10.77895629,4.95,687,3150.041667,1718.0,14.9,1.0,0,0,0,Review
12082,1,major_purchase,0.08,56.41,11.95969885,0.18,797,12153.04167,2044.0,7.5,2.0,0,0,0,Approved
12083,1,debt_consolidation,0.0963,231.08,10.84251777,12.53,727,2490.0,1596.0,8.9,2.0,0,0,0,Approved
12084,1,debt_consolidation,0.1253,401.6,10.81977828,11.88,722,2790.041667,7085.0,41.7,1.0,0,0,1,Approved
12085,1,major_purchase,0.08,219.36,11.47950642,11.79,817,5961.958333,1254.0,3.8,0.0,0,0,0,Approved
12086,1,credit_card,0.1253,301.2,10.81977828,15.41,727,1590.041667,6183.0,31.5,1.0,0,0,0,Approved
12087,1,debt_consolidation,0.1189,596.96,11.15625052,11.23,747,4440.958333,11286.0,69.5,0.0,1,0,0,Approved
12088,1,debt_consolidation,0.1347,644.53,11.71993963,4.64,762,5829.0,7888.0,7.5,1.0,0,0,0,Approved
12089,1,all_other,0.0963,192.57,11.08214255,0.28,752,2280.041667,1070.0,16.5,0.0,0,0,0,Approved
12090,1,credit_card,0.1189,497.46,11.91839057,6.78,752,6150.0,24055.0,54.2,1.0,0,0,0,Approved
12091,1,debt_consolidation,0.1537,348.47,10.59653473,20.16,667,3090.041667,10393.0,78.7,3.0,0,0,0,Review
12092,1,debt_consolidation,0.1253,602.4,11.18725073,11.37,732,5100.0,14940.0,40.2,2.0,0,0,0,Approved
12093,1,all_other,0.1189,497.46,11.20504069,4.05,782,2760.041667,552.0,2.9,1.0,0,0,0,Approved
12094,1,debt_consolidation,0.1316,354.59,10.91523391,7,702,1920.041667,10720.0,63.4,1.0,0,0,0,Approved
12095,1,all_other,0.0768,155.96,11.56171563,14.09,777,3960.0,3272.0,5.8,3.0,0,0,0,Approved
12096,1,debt_consolidation,0.1411,205.38,10.59663473,19.67,667,3240.0,5155.0,56.6,1.0,0,0,1,Review
12097,1,debt_consolidation,0.08,125.35,11.40756495,8.97,757,4470.041667,51498.0,31,0.0,0,0,0,Approved
12098,1,all_other,0.1221,99.95,10.25132355,6.44,712,2940.0,5064.0,72.3,2.0,0,0,0,Approved
12099,1,debt_consolidation,0.1316,168.86,10.27394705,23.12,707,2490.0,7058.0,94.3,3.0,0,0,0,Approved
12100,1,debt_consolidation,0.1316,405.25,11.30220443,20.5,702,3240.0,57822.0,78.5,0.0,0,0,1,Approved
12101,1,educational,0.1189,39.8,9.798127037,14.07,787,5621.041667,14.0,2.8,0.0,0,0,0,Approved
12102,1,debt_consolidation,0.1442,687.66,11.47210347,7.09,707,4771.0,10047.0,70.3,0.0,0,0,0,Approved
12103,1,debt_consolidation,0.16,210.95,10.03819326,18.62,662,1740.041667,5040.0,71,2.0,0,0,0,Review
12104,1,debt_consolidation,0.08,141.02,9.903687533,13.74,777,10411.04167,3223.0,4,0.0,0,0,0,Approved
12105,1,all_other,0.1316,472.79,10.858999,7.13,717,3120.041667,8358.0,46.2,2.0,0,0,0,Approved
12106,1,all_other,0.1442,371.34,10.4341158,6.78,732,1170.0,932.0,15.5,0.0,0,0,0,Approved
12107,1,debt_consolidation,0.1568,665.03,10.9355326,22.25,692,5880.0,13303.0,95,1.0,0,0,0,Review
12108,1,credit_card,0.0963,417.23,10.71441777,8.16,787,6630.0,176.0,0.3,3.0,0,0,0,Approved
12109,1,all_other,0.1253,334.67,10.30895266,17.76,732,1950.041667,312.0,3.6,1.0,0,0,0,Approved
12110,1,debt_consolidation,0.1221,333.15,11.3223701,1.42,747,2670.041667,4399.0,18.4,0.0,0,0,0,Approved
12111,1,credit_card,0.1411,154.03,10.29200994,18.1,672,4440.0,4321.0,56.5,2.0,2,0,0,Review
12112,1,debt_consolidation,0.1632,565.02,11.08214255,20.22,687,5340.041667,16731.0,96.2,1.0,0,1,0,Review
12113,1,debt_consolidation,0.1347,203.54,9.998615898,7.31,712,3780.041667,6095.0,73.4,2.0,0,0,0,Approved
12114,1,all_other,0.1695,285.02,12.42520818,8.46,662,5100.0,47014.0,96.5,3.0,0,0,0,Review
12115,1,all_other,0.1284,100.86,11.08201946,4.89,687,5520.0,2305.0,31.6,1.0,0,0,1,Review
12116,1,debt_consolidation,0.1379,477.06,11.3736634,17.26,702,6960.0,43998.0,87.6,0.0,0,0,1,Approved
12117,1,debt_consolidation,0.1284,302.57,10.71441777,9.68,712,6720.041667,2058.0,4.2,0.0,1,0,0,Approved
12118,1,home_improvement,0.1442,550.13,11.36214909,4.35,687,6900.0,13171.0,25.3,3.0,1,0,0,Review
12119,1,credit_card,0.1474,328.1,10.74879772,19.81,672,7050.041667,28594.0,67,2.0,0,0,0,Review
12120,1,debt_consolidation,0.1853,706.5,11.00209984,13.88,662,1590.041667,0.0,0,1.0,0,0,0,Review
12121,1,all_other,0.1189,49.75,10.23981692,5.62,752,1560.041667,47.0,1.6,2.0,0,0,0,Approved
12122,1,debt_consolidation,0.1221,359.81,11.32659589,12.68,717,6810.041667,23722.0,51.8,0.0,0,0,1,Approved
12123,1,small_business,0.1253,836.66,12.33490552,7.9,747,4680.0,9393.0,16,1.0,0,0,0,Approved
12124,1,debt_consolidation,0.0963,385.14,12.25486281,13.14,762,9503.958333,56967.0,28.3,2.0,0,0,0,Approved
12125,1,all_other,0.1221,133.26,10.71441777,19.81,712,3090.041667,9754.0,61.3,1.0,0,0,0,Approved
12126,1,home_improvement,0.1316,185.74,10.12262308,23.52,692,2850.041667,22479.0,86.8,2.0,0,0,1,Review
12127,1,debt_consolidation,0.1474,248.67,9.852194258,15.47,697,1260.041667,7249.0,47.1,0.0,0,0,0,Review
12128,1,debt_consolidation,0.0963,577.7,10.55174196,4.05,772,14167.0,8259.0,42.8,2.0,0,0,0,Approved
12129,1,debt_consolidation,0.1347,508.84,11.46167427,11.89,702,4500.041667,31565.0,68.3,0.0,0,0,1,Approved
12130,1,educational,0.1695,171.01,9.61580548,9.36,662,1267.041667,2368.0,84.6,1.0,0,0,1,Review
12131,1,debt_consolidation,0.1442,481.36,11.73606902,13.27,682,8473.0,30160.0,33.1,2.0,1,0,0,Review
12132,1,credit_card,0.1347,169.62,11.31447453,15.2,682,5334.041667,28637.0,63.3,0.0,1,0,0,Review
12133,1,debt_consolidation,0.1316,236.4,10.43399815,18.85,697,2641.0,566.0,8.2,3.0,2,0,1,Review
12134,1,small_business,0.1284,403.42,11.22524339,22.45,732,4410.0,11194.0,32.9,3.0,0,0,0,Approved
12135,1,credit_card,0.1253,267.73,10.75798798,9.32,712,4472.0,3489.0,42.5,1.0,0,0,0,Approved
12136,1,all_other,0.1537,278.77,11.22524339,10.03,667,3390.041667,2646.0,22.2,2.0,0,0,0,Review
12137,1,debt_consolidation,0.1379,477.06,10.81977828,3.7,707,2580.0,14499.0,63,3.0,1,0,0,Approved
12138,1,all_other,0.1568,525.03,10.30895266,2.68,682,1201.041667,3004.0,27.1,2.0,0,0,0,Review
12139,1,major_purchase,0.0737,111.77,11.03495418,3.5,777,6630.0,5514.0,19.5,0.0,0,0,0,Approved
12140,1,all_other,0.1379,340.76,10.91508846,19.83,707,1500.0,7284.0,29,0.0,0,0,0,Approved
12141,1,all_other,0.1379,511.14,11.27720313,3.08,752,4380.0,2149.0,17.5,7.0,0,0,0,Approved
12142,1,debt_consolidation,0.1284,705.98,11.12726298,18.09,727,3870.041667,22289.0,49.8,1.0,0,0,0,Approved
12143,1,home_improvement,0.0963,481.42,11.69524702,2.93,802,4442.0,7265.0,11.7,0.0,0,0,0,Approved
12144,1,debt_consolidation,0.1189,431.14,10.93364254,20.11,737,5040.041667,12755.0,64.4,0.0,0,0,0,Approved
12145,1,all_other,0.1379,286.24,11.40756495,15.05,682,4980.041667,26295.0,70.3,0.0,1,0,0,Review
12146,1,small_business,0.0932,223.63,10.81977828,7.8,742,3720.0,5749.0,33.8,0.0,0,0,0,Approved
12147,1,debt_consolidation,0.1348,678.49,11.64745636,14.67,702,5041.041667,22908.0,59.2,3.0,0,0,0,Approved
12148,1,small_business,0.0963,77.03,10.04324949,2.14,727,5340.041667,948.0,13.5,1.0,0,1,0,Approved
12149,1,all_other,0.1474,690.74,11.22524339,0.32,702,2820.041667,2229.0,14.1,0.0,0,0,0,Approved
12150,1,debt_consolidation,0.0932,319.47,10.6454249,24.37,757,3390.041667,1711.0,24.1,2.0,0,0,0,Approved
12151,1,debt_consolidation,0.1284,228.61,10.87804719,11.59,707,2046.041667,7398.0,70.5,1.0,0,0,0,Approved
12152,1,small_business,0.1505,277.53,10.62132735,10.62,682,3270.0,6933.0,82.5,1.0,0,0,0,Review
12153,1,small_business,0.1284,840.45,11.15625052,3.02,757,7830.041667,2906.0,4.5,0.0,1,0,0,Approved
12154,1,credit_card,0.0963,192.57,10.34817337,22.46,732,2640.0,11049.0,28.3,0.0,0,0,0,Approved
12155,1,credit_card,0.16,351.58,11.62625415,17.94,662,4320.0,15206.0,38,2.0,1,0,0,Review
12156,1,all_other,0.1695,160.33,10.83958091,5.65,662,2611.0,1925.0,96.2,0.0,1,0,0,Review
12157,1,small_business,0.08,112.81,10.46310334,9.74,737,3360.0,9376.0,41.5,0.0,0,0,0,Approved
12158,1,credit_card,0.1316,303.94,10.4341158,21.46,717,5490.0,12439.0,55.8,0.0,0,0,0,Approved
12159,1,all_other,0.08,125.35,10.95080655,12.21,767,3900.041667,60506.0,31.9,2.0,0,0,0,Approved
12160,1,debt_consolidation,0.1189,90.38,9.809176873,10.55,727,2430.041667,7226.0,51.6,0.0,0,0,0,Approved
12161,1,debt_consolidation,0.1284,168.09,10.49750477,11.59,707,1650.041667,4516.0,30.9,0.0,0,0,0,Approved
12162,1,debt_consolidation,0.1568,525.03,11.35050065,22.16,672,2970.0,24143.0,59.5,1.0,0,0,1,Review
12163,1,credit_card,0.0963,320.95,10.30092049,7.38,777,5100.0,2770.0,9.1,0.0,1,0,0,Approved
12164,1,debt_consolidation,0.1189,497.46,11.15625052,6.19,747,2700.041667,16476.0,43.1,0.0,0,0,0,Approved
12165,1,credit_card,0.1568,420.02,11.73610102,10.54,667,4860.041667,15187.0,87.3,0.0,1,0,0,Review
12166,1,home_improvement,0.1392,382.34,10.41271189,18.07,682,3300.0,6720.0,88.4,3.0,0,0,1,Review
12167,1,debt_consolidation,0.0737,108.66,11.08214255,7.68,782,5340.041667,4991.0,7.7,0.0,0,0,0,Approved
12168,1,credit_card,0.0963,115.54,10.37349118,15.11,717,2753.958333,12811.0,41.5,1.0,0,0,0,Approved
12169,1,debt_consolidation,0.1379,340.76,11.00209984,15.14,697,4800.0,10852.0,64.2,1.0,0,1,1,Review
12170,1,debt_consolidation,0.1347,135.7,11.00209984,17.86,682,3750.0,1267.0,31.7,0.0,0,0,1,Review
12171,1,credit_card,0.1253,381.52,10.81977828,14.5,722,4680.041667,8775.0,48,0.0,0,0,0,Approved
12172,1,all_other,0.1442,515.74,10.95954023,21.54,682,2280.0,4649.0,43.4,0.0,0,0,0,Review
12173,1,credit_card,0.1442,515.74,11.56171563,15.61,697,2040.041667,12352.0,34.7,1.0,0,1,0,Review
12174,1,debt_consolidation,0.0963,481.42,12.15477935,9.64,772,8520.041667,12228.0,17.5,1.0,0,0,0,Approved
12175,1,debt_consolidation,0.1537,69.7,11.06657586,15.45,667,4080.0,16181.0,96.3,1.0,1,0,0,Review
12176,1,home_improvement,0.1379,511.14,10.71441777,6.72,697,3841.041667,14244.0,29.6,0.0,0,0,0,Review
12177,1,educational,0.1253,200.8,10.08580911,11.85,702,4441.0,153.0,25.5,1.0,0,0,0,Approved
12178,1,debt_consolidation,0.1347,183.19,10.2606024,18.18,687,2730.041667,3647.0,66.3,0.0,0,0,0,Review
12179,1,debt_consolidation,0.1411,219.07,10.71441777,16.05,692,2970.0,8959.0,90.5,0.0,0,0,0,Review
12180,1,debt_consolidation,0.1568,525.03,10.92773543,22.3,677,3150.041667,28473.0,88.3,1.0,0,0,0,Review
12181,1,small_business,0.1253,150.6,11.0744205,22.47,717,9780.0,8596.0,90.5,0.0,0,0,0,Approved
12182,1,debt_consolidation,0.16,527.36,11.03488966,7.39,672,7800.041667,11307.0,50,3.0,0,0,0,Review
12183,1,small_business,0.0963,160.48,10.4341158,0.39,747,3480.041667,1063.0,6.2,4.0,0,0,0,Approved
12184,1,small_business,0.1505,520.37,11.28978191,11.38,677,4410.0,31724.0,90.4,2.0,0,0,1,Review
12185,1,major_purchase,0.1284,151.29,10.59663473,1.95,722,4442.0,337.0,3,2.0,0,0,0,Approved
12186,1,all_other,0.1442,279.36,9.392661929,0,687,5193.0,0.0,0,0.0,1,0,0,Review
12187,1,small_business,0.1537,174.24,10.71441777,7.55,692,1440.0,11369.0,80.6,0.0,0,0,0,Review
12188,1,debt_consolidation,0.0963,192.57,10.81977828,9.1,732,3660.0,1825.0,15.6,2.0,0,0,0,Approved
12189,1,small_business,0.08,219.36,11.77528973,3.78,762,5010.041667,20488.0,24.7,1.0,0,0,0,Approved
12190,1,small_business,0.08,313.37,11.33857208,2.63,802,4320.041667,5390.0,10.4,0.0,0,0,0,Approved
12191,1,debt_consolidation,0.1442,206.3,9.980448594,18.39,677,1890.0,11297.0,85.6,1.0,0,0,0,Review
12192,1,debt_consolidation,0.1411,205.38,10.46321762,16.76,677,3600.0,1243.0,22.6,0.0,1,0,0,Review
12193,1,debt_consolidation,0.0963,320.95,11.2771525,19.9,752,3300.0,4474.0,82.9,4.0,0,0,1,Approved
12194,1,all_other,0.1695,178.14,11.60823564,14.95,677,6990.0,49238.0,,0.0,4,0,0,Review
12195,1,debt_consolidation,0.1347,407.08,10.96439797,17.74,697,5910.0,11401.0,83.2,0.0,0,0,1,Review
12196,1,small_business,0.0963,385.14,11.35040654,22.11,752,5550.0,13073.0,16.5,0.0,0,0,0,Approved
12197,1,debt_consolidation,0.1531,487.42,11.08214255,23.13,682,3750.041667,13641.0,97.4,0.0,0,1,0,Review
12198,1,credit_card,0.0963,192.57,12.61153775,5.74,727,6201.0,132103.0,14.2,0.0,0,1,0,Approved
12199,1,all_other,0.0932,51.12,10.34174248,19.21,727,4620.041667,714.0,10.1,3.0,0,1,0,Approved
12200,1,debt_consolidation,0.1411,342.29,10.91501573,16.52,682,7950.041667,18707.0,73.4,1.0,0,0,0,Review
12201,1,debt_consolidation,0.16,506.27,10.4341158,14.86,667,2880.0,8969.0,53.7,0.0,0,0,0,Review
12202,1,credit_card,0.1287,134.54,9.966462352,10.08,702,1439.958333,4428.0,59,0.0,0,0,0,Approved
12203,1,small_business,0.0963,481.42,11.60823564,5.65,777,5370.041667,25476.0,16.5,1.0,0,0,0,Approved
12204,1,all_other,0.0963,70.61,10.6454249,21.77,722,2970.0,14544.0,38,0.0,0,0,0,Approved
12205,1,educational,0.1284,504.27,11.16194854,11.42,722,4920.041667,27576.0,73.7,1.0,0,0,0,Approved
12206,1,small_business,0.1347,251.88,10.17732422,12.68,697,3720.0,16280.0,74.7,0.0,0,0,1,Review
12207,1,credit_card,0.1347,182.34,10.16585182,23.68,687,2280.0,16757.0,85.1,0.0,0,0,0,Review
12208,1,debt_consolidation,0.1284,336.18,10.81977828,17.26,707,5580.041667,12013.0,42.5,3.0,1,0,0,Approved
12209,1,credit_card,0.1379,163.57,10.79957558,2.45,672,1860.0,8757.0,67.9,0.0,0,0,0,Review
12210,1,small_business,0.08,188.02,10.1266311,12.62,762,5194.0,8440.0,17.1,3.0,0,0,0,Approved
12211,1,credit_card,0.08,188.02,10.69194491,16.96,757,4440.0,3628.0,9.3,0.0,0,0,0,Approved
12212,1,debt_consolidation,0.1189,215.57,9.952277717,8.57,722,3210.041667,9317.0,53.6,1.0,0,0,1,Approved
12213,1,home_improvement,0.1316,151.97,9.392661929,11.5,742,4531.041667,3954.0,24,5.0,0,0,0,Approved
12214,1,credit_card,0.0932,319.47,10.77895629,20.07,752,6210.0,8903.0,77.4,0.0,0,0,0,Approved
12215,1,all_other,0.0768,187.15,11.42081018,1.29,777,4200.041667,5921.0,10.5,0.0,0,0,0,Approved
12216,1,debt_consolidation,0.1411,438.13,11.41420949,20.33,702,4859.958333,32785.0,91.8,3.0,0,0,0,Approved
12217,1,all_other,0.08,172.35,10.30895266,0.8,802,3996.0,527.0,1,0.0,0,0,0,Approved
12218,1,debt_consolidation,0.1189,132.66,10.29336514,5.81,757,1890.0,65.0,0.9,0.0,0,0,0,Approved
12219,1,credit_card,0.1189,82.91,9.998615898,17.13,707,3090.041667,9847.0,44.4,1.0,1,0,0,Approved
12220,1,credit_card,0.1189,497.46,11.95761129,5.2,752,3030.041667,6077.0,7.8,1.0,0,0,0,Approved
12221,1,credit_card,0.1505,499.56,10.65725935,7,677,4530.041667,7854.0,81,0.0,0,0,0,Review
12222,1,all_other,0.1347,169.62,10.91501573,8.66,707,1530.0,5337.0,56.2,0.0,0,0,0,Approved
12223,1,all_other,0.1189,182.41,10.59663473,19.54,722,8190.041667,919.0,6.1,0.0,0,0,0,Approved
12224,1,debt_consolidation,0.1411,212.22,10.16585182,12.97,677,3330.0,1365.0,40.1,1.0,1,0,0,Review
12225,1,debt_consolidation,0.1474,518.06,11.3736634,23.49,682,4500.041667,28766.0,0.1,1.0,0,0,0,Review
12226,1,major_purchase,0.0963,320.95,11.15625052,4.08,762,2700.041667,110.0,11,0.0,0,0,0,Approved
12227,1,debt_consolidation,0.1442,515.74,11.44035477,15.81,692,7020.0,25892.0,89,1.0,0,1,0,Review
12228,1,all_other,0.1221,99.95,10.15019137,8.25,767,1860.0,72.0,2.8,1.0,0,0,0,Approved
12229,1,debt_consolidation,0.1635,176.65,11.32779998,7.52,662,1169.0,25505.0,60.7,2.0,0,0,0,Review
12230,1,all_other,0.1189,165.82,10.59653473,7.14,737,10110.04167,8773.0,57.2,0.0,1,0,0,Approved
12231,1,educational,0.0963,107.52,11.25544923,7.3,717,3420.041667,14578.0,56.1,0.0,0,0,0,Approved
12232,1,credit_card,0.1221,204.89,10.28874995,22.2,707,2378.041667,15509.0,53.5,1.0,0,0,0,Approved
12233,1,all_other,0.1189,397.97,10.59663473,21.36,732,4920.041667,22026.0,65.9,1.0,0,0,0,Approved
12234,1,educational,0.179,108.3,11.88448902,19.97,672,10470.04167,29748.0,51.3,0.0,1,0,0,Review
12235,1,debt_consolidation,0.1663,532.05,11.00126616,11.15,667,4410.0,13672.0,93.8,1.0,0,0,1,Review
12236,1,debt_consolidation,0.1347,395.2,10.96812932,13.28,692,3210.041667,22195.0,45.7,1.0,0,0,0,Review
12237,1,all_other,0.1347,508.84,11.84228676,6.76,707,11550.04167,0.0,0,3.0,1,0,0,Approved
12238,1,small_business,0.1221,249.87,10.96812932,1.41,777,5464.0,3444.0,23.8,3.0,0,0,0,Approved
12239,1,all_other,0.1316,118.2,10.77895629,19.6,687,2610.0,13632.0,50.7,1.0,0,0,0,Review
12240,1,debt_consolidation,0.1505,260.19,10.44592812,17.51,692,3452.041667,15708.0,95.8,2.0,0,0,0,Review
12241,1,debt_consolidation,0.1379,381.65,11.19547123,18.82,692,7560.041667,18384.0,43.5,1.0,1,0,0,Review
12242,1,debt_consolidation,0.1474,381.64,11.05089001,15.47,677,5250.041667,27780.0,74.7,1.0,0,0,0,Review
12243,1,home_improvement,0.1189,331.64,11.13453063,18.83,727,4110.0,24185.0,44.9,2.0,0,0,1,Approved
12244,1,debt_consolidation,0.1632,459.08,10.82972862,17.23,667,1470.0,6570.0,39.3,1.0,0,0,0,Review
12245,1,debt_consolidation,0.1379,408.91,11.06657586,24.7,687,4080.0,11972.0,72.1,0.0,0,0,0,Review
12246,1,debt_consolidation,0.1474,345.37,11.20536716,7.59,687,4740.0,4073.0,81.5,2.0,0,0,0,Review
12247,1,debt_consolidation,0.1505,520.37,11.31203252,11.71,692,3660.0,18126.0,96.9,0.0,0,0,0,Review
12248,1,home_improvement,0.1253,502.0,11.85651517,3.03,732,6000.041667,2732.0,4.9,0.0,1,0,0,Approved
12249,1,major_purchase,0.1284,268.95,11.95675836,8.21,707,6210.0,23021.0,78.3,3.0,0,0,0,Approved
12250,1,debt_consolidation,0.1347,441.0,10.85892207,12.44,707,2700.041667,8898.0,75.4,0.0,0,0,1,Approved
12251,1,debt_consolidation,0.1347,217.11,10.77895629,20.32,687,3420.041667,9216.0,38.9,1.0,1,0,0,Review
12252,1,debt_consolidation,0.0963,231.08,10.71441777,6.8,722,2640.0,9500.0,31.1,1.0,0,0,0,Approved
12253,1,credit_card,0.1568,471.65,10.58357482,18.08,677,3431.041667,18688.0,92.1,1.0,0,1,0,Review
12254,1,debt_consolidation,0.1189,215.57,10.59663473,23.88,717,2250.0,6901.0,21.2,1.0,0,0,0,Approved
12255,1,home_improvement,0.1189,165.82,10.9329641,2.23,747,2280.0,3200.0,43.2,4.0,0,0,0,Approved
12256,1,all_other,0.0963,481.42,10.96044417,16.97,797,13470.0,3658.0,5.4,0.0,0,0,0,Approved
12257,1,credit_card,0.08,282.03,11.77528973,17.15,782,7050.041667,7181.0,30.3,0.0,0,0,0,Approved
12258,1,debt_consolidation,0.1189,99.5,10.12647109,19.06,707,8730.0,1952.0,26,0.0,0,0,1,Approved
12259,1,all_other,0.08,313.37,10.91508846,9.6,802,5550.0,2893.0,5.3,0.0,0,0,1,Approved
12260,1,all_other,0.1505,138.77,10.10217446,22.48,662,6870.041667,4624.0,67,0.0,1,0,0,Review
12261,1,credit_card,0.0963,231.08,10.59663473,20.07,747,10470.04167,12776.0,68.3,0.0,0,0,0,Approved
12262,1,credit_card,0.1253,284.47,10.59663473,4.47,717,4806.0,7174.0,56.6,3.0,0,1,0,Approved
12263,1,credit_card,0.1189,258.68,10.77895629,9.63,742,4953.041667,3501.0,23.5,1.0,0,0,1,Approved
12264,1,debt_consolidation,0.1505,294.88,10.49127422,18.57,667,1830.0,8297.0,72.1,0.0,0,0,1,Review
12265,1,all_other,0.16,175.79,10.77891462,3.73,672,1530.0,3218.0,42.9,3.0,0,0,0,Review
12266,1,all_other,0.1316,67.55,10.18490001,14.54,717,2820.041667,0.0,0,2.0,0,0,0,Approved
12267,1,credit_card,0.1347,339.23,11.08214255,8.51,697,4530.041667,15351.0,77.9,1.0,0,0,0,Review
12268,1,all_other,0.1221,666.3,11.16809439,15.69,802,5400.041667,114.0,0.3,0.0,0,0,0,Approved
12269,1,debt_consolidation,0.1505,294.88,9.903487553,12,667,2490.041667,6574.0,79.2,1.0,0,0,0,Review
12270,1,credit_card,0.1505,312.23,10.89673933,23.8,682,3360.0,35379.0,89.4,0.0,0,0,1,Review
12271,1,educational,0.1347,186.58,10.43399815,15.64,682,3300.0,13403.0,83.8,1.0,0,0,0,Review
12272,1,debt_consolidation,0.1537,522.7,11.69524702,12.72,687,3210.041667,23997.0,36.9,1.0,1,0,0,Review
12273,1,home_improvement,0.0932,303.5,11.56171563,13.93,762,5132.0,10828.0,14,2.0,0,0,0,Approved
12274,1,debt_consolidation,0.1221,399.78,11.03127022,20.59,732,1860.0,2941.0,56.6,1.0,0,0,0,Approved
12275,1,debt_consolidation,0.0932,31.95,11.1123882,21.19,727,5550.0,22930.0,51.2,2.0,0,0,0,Approved
12276,1,credit_card,0.1442,481.36,10.88556602,17,687,1830.0,6309.0,70.1,0.0,0,0,1,Review
12277,1,credit_card,0.1253,176.54,10.81977828,18.62,702,7530.041667,8063.0,64.2,2.0,0,1,0,Approved
12278,1,debt_consolidation,0.0963,70.61,9.183174704,18.62,717,5190.0,5209.0,46.9,0.0,0,1,0,Approved
12279,1,home_improvement,0.0768,187.15,11.01039864,11.58,787,3810.041667,1157.0,5.2,0.0,0,0,0,Approved
12280,1,home_improvement,0.0768,187.15,11.59910316,14.12,777,7860.041667,13430.0,30.9,2.0,0,0,0,Approved
12281,1,all_other,0.1221,383.13,11.19821472,1.05,737,3660.0,19.0,0.2,0.0,1,0,0,Approved
12282,1,debt_consolidation,0.1284,588.32,10.81977828,14.21,717,3450.041667,19621.0,80.7,0.0,0,0,0,Approved
12283,1,debt_consolidation,0.1442,171.92,10.30895266,11.16,672,4170.041667,9493.0,56.8,1.0,0,0,0,Review
12284,1,debt_consolidation,0.1695,712.54,11.65268741,15.74,677,5190.0,13273.0,89.7,0.0,1,0,0,Review
12285,1,debt_consolidation,0.1221,369.8,10.38108726,23.71,717,3090.0,14339.0,58.1,0.0,0,0,0,Approved
12286,1,educational,0.16,225.01,10.30895266,5.76,667,1290.041667,395.0,1.7,2.0,1,0,0,Review
12287,1,all_other,0.0963,481.42,11.66992921,4.24,797,4560.041667,5491.0,10.6,0.0,0,0,0,Approved
12288,1,credit_card,0.0963,231.08,11.24723969,11.14,722,3510.041667,9222.0,48,1.0,1,0,0,Approved
12289,1,all_other,0.0932,111.82,10.87804719,15.42,727,2340.041667,2880.0,27.4,0.0,0,0,0,Approved
12290,1,debt_consolidation,0.1758,431.31,11.08214255,8.62,667,6690.041667,21233.0,57.1,3.0,0,0,0,Review
12291,1,debt_consolidation,0.1411,342.29,11.00209984,18.92,697,2310.041667,16843.0,90.1,1.0,0,0,0,Review
12292,1,debt_consolidation,0.1284,504.27,10.71441777,6.59,717,2040.041667,12644.0,30.8,3.0,0,0,0,Approved
12293,1,debt_consolidation,0.1221,333.15,10.81985828,3,717,3433.0,6063.0,19.6,0.0,0,0,0,Approved
12294,1,credit_card,0.1632,565.02,11.00209984,21.46,667,7200.041667,20702.0,82.5,2.0,1,0,1,Review
12295,1,debt_consolidation,0.1474,189.96,10.30895266,16.04,677,1590.041667,2640.0,80,0.0,0,0,0,Review
12296,1,debt_consolidation,0.0963,150.85,11.36210258,18.54,732,3990.0,23096.0,55.3,1.0,0,0,0,Approved
12297,1,small_business,0.1284,252.14,10.91508846,8.92,732,2581.0,4590.0,17.7,1.0,0,0,0,Approved
12298,1,debt_consolidation,0.1663,532.05,11.2586008,20.15,692,3900.041667,36123.0,98.4,3.0,0,0,0,Review
12299,1,debt_consolidation,0.1379,340.76,10.37349118,20.29,692,6570.0,16354.0,63.6,0.0,0,0,0,Review
12300,1,all_other,0.1221,399.78,10.71441777,14.27,747,7740.0,7224.0,73.7,0.0,0,0,0,Approved
12301,1,all_other,0.0963,192.57,10.94552949,16.78,722,2700.041667,13066.0,24.9,1.0,0,0,0,Approved
12302,1,major_purchase,0.1537,375.47,9.94251594,5.02,687,1205.0,1889.0,43.9,2.0,0,0,0,Review
12303,1,debt_consolidation,0.1253,167.34,11.24504602,23.29,712,4530.041667,40752.0,89.5,0.0,0,0,0,Approved
12304,1,debt_consolidation,0.1316,675.41,11.65268741,9.52,717,8253.041667,22424.0,34.4,0.0,0,0,0,Approved
12305,1,debt_consolidation,0.1442,275.07,10.47925786,24.63,677,5880.0,8928.0,62.2,2.0,0,0,0,Review
12306,1,all_other,0.0737,60.54,10.54534144,14.49,777,4950.041667,1595.0,5.1,0.0,0,0,0,Approved
12307,1,credit_card,0.0932,191.69,10.96819829,3.41,737,6870.041667,7711.0,58.4,3.0,0,0,0,Approved
12308,1,credit_card,0.0768,155.96,11.6351431,1.07,787,3150.041667,4333.0,17.1,0.0,0,0,0,Approved
12309,1,educational,0.1379,170.38,11.35040654,0.42,737,1140.0,890.0,6.4,1.0,0,0,0,Approved
12310,1,major_purchase,0.08,282.03,10.85591733,8.4,792,3870.041667,2475.0,12.3,1.0,0,0,0,Approved
12311,1,small_business,0.1284,672.36,11.15625052,16.87,747,5001.0,4304.0,4.1,4.0,0,0,0,Approved
12312,1,educational,0.1284,50.43,11.40756495,17.32,692,7320.0,27248.0,79.4,1.0,0,0,0,Review
12313,1,all_other,0.1253,80.32,9.998615898,23.73,707,1620.041667,3228.0,38.4,3.0,0,0,0,Approved
12314,1,all_other,0.1189,232.15,10.89807177,17.95,712,4920.041667,14968.0,28.1,1.0,0,0,0,Approved
12315,1,all_other,0.1347,169.62,11.08220409,18.92,687,5550.0,0.0,0,1.0,3,0,0,Review
12316,1,home_improvement,0.1347,308.7,11.03495418,7.61,702,8071.0,22493.0,30.9,1.0,0,0,0,Approved
12317,1,educational,0.1442,182.23,10.81985828,15.24,672,2760.041667,2401.0,57.2,0.0,0,0,0,Review
12318,1,credit_card,0.1221,199.89,9.952277717,11.77,712,15150.04167,8680.0,24.6,0.0,0,1,0,Approved
12319,1,debt_consolidation,0.1316,236.4,11.40756495,5.83,697,7140.041667,8091.0,36.4,0.0,0,0,0,Review
12320,1,home_improvement,0.0963,192.57,11.27720313,9.92,767,3600.0,1431.0,4.4,4.0,0,0,0,Approved
12321,1,credit_card,0.0963,192.57,11.26446411,7.29,727,2672.0,11646.0,33.8,3.0,0,0,0,Approved
12322,1,small_business,0.1843,181.85,9.903487553,10.32,697,1545.0,3688.0,97.1,1.0,0,0,0,Review
12323,1,debt_consolidation,0.1284,336.18,10.23995979,10.89,712,2370.0,9020.0,56.7,1.0,0,0,0,Approved
12324,1,credit_card,0.0963,247.13,11.28978191,24.5,737,9360.041667,13734.0,75.5,1.0,0,0,0,Approved
12325,1,debt_consolidation,0.1379,195.94,10.858999,18.58,687,5562.0,6180.0,92.2,0.0,0,0,0,Review
12326,1,credit_card,0.1347,569.9,11.22524339,13.63,712,6510.041667,15646.0,81.9,1.0,1,0,0,Approved
12327,1,debt_consolidation,0.1284,336.18,10.59663473,19.44,727,4470.0,17944.0,57.5,0.0,0,0,0,Approved
12328,1,debt_consolidation,0.1379,136.31,10.59663473,13.68,682,2340.041667,4764.0,79.4,2.0,1,0,0,Review
12329,1,credit_card,0.16,269.84,10.49127422,16.37,667,1470.0,16083.0,71.8,0.0,0,0,0,Review
12330,1,debt_consolidation,0.1505,249.78,11.22524339,8,677,4440.0,17321.0,87.6,0.0,1,0,0,Review
12331,1,home_improvement,0.0932,223.63,11.91839057,7.5,762,2340.041667,79333.0,4.5,0.0,0,0,0,Approved
12332,1,all_other,0.1411,684.58,11.00209984,22.24,702,4410.0,9520.0,76.2,0.0,0,0,0,Approved
12333,1,debt_consolidation,0.1379,245.35,10.58354949,18.57,682,2370.041667,9625.0,56,2.0,0,0,0,Review
12334,1,credit_card,0.0963,385.14,10.66895539,22.02,752,2807.041667,22486.0,26.6,0.0,0,0,1,Approved
12335,1,major_purchase,0.0963,256.76,11.73606902,10.53,742,12540.04167,9348.0,49.5,2.0,0,0,0,Approved
12336,1,all_other,0.0932,159.74,10.37349118,1.13,752,3780.041667,833.0,8.2,2.0,0,0,0,Approved
12337,1,all_other,0.0932,159.74,10.98494147,10.46,777,3100.041667,152.0,0.6,1.0,0,0,0,Approved
12338,1,debt_consolidation,0.1505,85.87,11.1844214,19.87,672,4800.0,5517.0,34.1,2.0,0,0,1,Review
12339,1,debt_consolidation,0.0963,462.16,11.06657586,16.78,762,4560.041667,11160.0,14.9,1.0,0,0,0,Approved
12340,1,all_other,0.1632,176.57,11.87756858,4.35,667,8190.041667,157.0,52.3,1.0,1,1,0,Review
12341,1,small_business,0.1537,871.16,11.40645322,22.59,702,4980.0,30523.0,77.7,1.0,0,0,0,Approved
12342,1,debt_consolidation,0.1568,280.02,10.91643301,22.18,667,11130.04167,43110.0,93.3,1.0,0,0,0,Review
12343,1,credit_card,0.1442,238.96,10.1266311,18,672,3780.041667,9394.0,44.6,3.0,0,0,1,Review
12344,1,all_other,0.1316,675.41,11.23848862,16.56,712,3245.041667,21118.0,65.2,0.0,0,0,1,Approved
12345,1,credit_card,0.1253,167.34,11.10122093,16.55,722,8280.041667,24345.0,93.6,0.0,0,0,0,Approved
12346,1,debt_consolidation,0.1347,417.25,10.37361617,22.08,697,5220.0,10543.0,29.1,0.0,0,0,0,Review
12347,1,small_business,0.1411,61.62,10.71441777,15.68,677,6990.0,17826.0,92.8,2.0,0,0,0,Review
12348,1,all_other,0.1316,405.25,11.2771525,17.96,702,3240.041667,754.0,9.5,1.0,2,0,0,Approved
12349,1,credit_card,0.1379,545.21,11.28978191,10.95,702,3420.041667,13742.0,64.5,0.0,0,0,1,Approved
12350,1,credit_card,0.0768,31.2,11.35040654,2.82,767,6300.0,7603.0,20.7,0.0,0,0,0,Approved
12351,1,debt_consolidation,0.1474,379.91,10.85892207,10.87,677,2790.041667,11419.0,84.6,1.0,1,0,0,Review
12352,1,all_other,0.1253,100.4,10.30895266,17.8,697,3450.041667,1568.0,44.8,1.0,0,0,0,Review
12353,1,debt_consolidation,0.1221,106.61,9.903487553,5.04,722,5280.041667,3246.0,22.2,1.0,0,1,0,Approved
12354,1,all_other,0.1253,669.33,10.88743693,10.56,747,6330.0,25121.0,88.4,1.0,0,0,0,Approved
12355,1,all_other,0.0737,55.89,10.28465997,7.25,772,7381.0,6469.0,14.9,1.0,0,0,0,Approved
12356,1,debt_consolidation,0.1474,690.74,11.1844214,10.43,687,3180.041667,13693.0,68.8,0.0,0,0,0,Review
12357,1,all_other,0.1442,137.54,9.740968623,8.26,697,1181.0,3090.0,55.2,0.0,0,0,0,Review
12358,1,debt_consolidation,0.1695,427.53,11.40756495,16.53,667,1322.041667,15534.0,87.3,3.0,0,0,0,Review
12359,1,home_improvement,0.1221,333.15,11.1124479,11.77,742,5129.958333,220.0,4,1.0,0,0,0,Approved
12360,1,debt_consolidation,0.1379,340.76,11.16863071,24.91,692,8850.0,6344.0,32.4,0.0,1,0,0,Review
12361,1,all_other,0.0932,191.69,11.08214255,9.73,762,5858.0,717.0,2.7,1.0,0,0,0,Approved
12362,1,debt_consolidation,0.1505,693.83,11.31498659,16.54,697,6270.0,12147.0,91.3,0.0,0,0,1,Review
12363,1,debt_consolidation,0.1821,290.07,10.55518754,10.76,672,1980.041667,9961.0,99.6,0.0,0,0,0,Review
12364,1,debt_consolidation,0.1442,481.36,11.15619338,21.21,692,5730.041667,40125.0,92,1.0,0,0,0,Review
12365,1,home_improvement,0.1853,262.21,11.32659589,4.41,672,6120.041667,12513.0,99.3,0.0,0,0,0,Review
12366,1,debt_consolidation,0.1253,401.6,10.87804719,20.15,737,5940.0,18154.0,54.4,0.0,0,0,0,Approved
12367,1,small_business,0.1284,268.95,11.30958454,4.97,787,3930.041667,11.0,1,3.0,0,0,0,Approved
12368,1,debt_consolidation,0.1221,399.78,11.01862914,17.7,762,4831.0,12416.0,21.9,3.0,0,0,0,Approved
12369,1,debt_consolidation,0.1253,200.8,10.43399815,24.71,702,3930.041667,8375.0,58.2,1.0,0,0,0,Approved
12370,1,home_improvement,0.1379,102.23,11.40756495,17.63,682,4710.0,6345.0,90.6,0.0,0,1,0,Review
12371,1,debt_consolidation,0.1221,466.41,11.8493977,0.32,747,1620.041667,3926.0,11.5,0.0,0,0,0,Approved
12372,1,debt_consolidation,0.1442,515.74,10.73630972,11.48,712,2970.0,16727.0,53.1,2.0,0,0,0,Approved
12373,1,debt_consolidation,0.1379,408.91,10.51888938,13.46,702,3210.041667,4800.0,94.1,1.0,0,0,1,Approved
12374,1,all_other,0.1379,374.84,11.15619338,14.8,687,3210.0,10619.0,47.8,0.0,1,0,0,Review
12375,1,debt_consolidation,0.1632,141.26,10.57131693,9.72,667,2370.041667,10490.0,96.2,1.0,0,0,0,Review
12376,1,small_business,0.1221,399.78,10.75790288,19.38,727,4110.0,9554.0,34.2,1.0,1,0,0,Approved
12377,1,debt_consolidation,0.1347,271.39,10.71441777,21.68,687,2730.041667,12000.0,82.2,0.0,0,0,0,Review
12378,1,credit_card,0.08,219.36,11.13470581,8.22,752,8580.041667,2932.0,17.2,0.0,0,0,0,Approved
12379,1,debt_consolidation,0.1347,590.26,11.58058411,13.38,707,5579.958333,35598.0,57.9,0.0,0,0,0,Approved
12380,1,home_improvement,0.0768,168.43,10.4491745,10.53,797,5640.041667,5133.0,7.3,0.0,0,0,0,Approved
12381,1,major_purchase,0.1537,174.24,10.46310334,11.67,672,2070.041667,8105.0,87.2,1.0,0,0,0,Review
12382,1,small_business,0.0932,278.74,10.858999,16.59,757,5520.0,43232.0,41.1,0.0,0,0,1,Approved
12383,1,small_business,0.1411,855.73,12.47125984,7.82,712,8760.0,11697.0,33.2,0.0,0,0,0,Approved
12384,1,debt_consolidation,0.1411,41.08,9.210340372,8.28,677,1920.0,802.0,6.3,1.0,1,0,1,Review
12385,1,credit_card,0.1148,197.82,10.93310697,11.16,712,2367.958333,18513.0,60.1,2.0,0,0,1,Approved
12386,1,all_other,0.0963,385.14,11.00209984,4.32,752,6840.041667,3428.0,6.1,0.0,0,0,0,Approved
12387,1,credit_card,0.0963,168.5,11.08220409,20.16,727,3397.958333,25147.0,60.3,1.0,0,0,0,Approved
12388,1,credit_card,0.0963,117.15,11.60823564,15.75,717,2760.041667,35544.0,67.6,2.0,0,0,0,Approved
12389,1,all_other,0.1316,101.32,10.6454249,17.86,687,2910.0,8817.0,60,1.0,0,0,0,Review
12390,1,debt_consolidation,0.1284,537.89,11.51292546,19.26,717,4140.0,26711.0,41.7,2.0,0,0,0,Approved
12391,1,all_other,0.1411,766.73,11.35035948,7.78,697,4829.958333,18067.0,60.6,0.0,0,0,1,Review
12392,1,debt_consolidation,0.1379,408.91,10.91523391,20.4,702,5550.0,7085.0,41.7,1.0,0,0,0,Approved
12393,1,small_business,0.0932,222.03,10.30895266,23.24,737,5220.0,16775.0,47.4,0.0,0,0,0,Approved
12394,1,debt_consolidation,0.16,527.36,10.81977828,6.19,667,3720.0,11819.0,75.8,0.0,0,0,0,Review
12395,1,debt_consolidation,0.0932,159.74,10.71441777,20.35,737,1950.0,4717.0,51.3,0.0,0,0,0,Approved
12396,1,small_business,0.1284,168.09,11.00209984,13,697,3840.041667,5878.0,52,0.0,0,0,1,Review
12397,1,debt_consolidation,0.1663,638.46,11.03811028,22.98,672,2310.0,18182.0,72.7,0.0,0,0,0,Review
12398,1,major_purchase,0.1442,171.92,10.08580911,13.5,692,2640.0,2109.0,42.2,1.0,0,0,0,Review
12399,1,all_other,0.1221,116.61,10.85892207,15.07,707,5580.0,12324.0,25.5,2.0,0,0,1,Approved
12400,1,all_other,0.0963,96.29,11.32659589,18.88,717,1950.0,5033.0,17.1,1.0,0,0,0,Approved
12401,1,all_other,0.0932,31.95,10.49127422,20.37,742,3690.0,8990.0,58,0.0,0,0,1,Approved
12402,1,debt_consolidation,0.1316,405.25,10.96819829,14.07,702,5850.0,14057.0,37.8,0.0,0,0,0,Approved
12403,1,home_improvement,0.1411,102.69,11.22524339,21.01,672,6120.041667,10025.0,57.8,1.0,1,0,0,Review
12404,1,credit_card,0.1221,266.52,9.903487553,0,772,4144.0,7405.0,18.5,0.0,0,0,0,Approved
12405,1,all_other,0.1189,530.63,11.22524339,3.06,752,3750.0,4498.0,5.3,0.0,0,0,1,Approved
12406,1,home_improvement,0.1505,693.83,11.08827754,9.76,692,4260.041667,0.0,0,1.0,0,0,0,Review
12407,1,debt_consolidation,0.0768,110.73,9.915663128,8.83,767,8280.041667,4120.0,5.7,1.0,0,0,0,Approved
12408,1,small_business,0.1284,504.27,11.15625052,0.26,762,4379.958333,186.0,0.7,2.0,0,0,0,Approved
12409,1,debt_consolidation,0.0963,288.85,11.08214255,22.45,737,6930.0,32820.0,73.4,0.0,0,0,0,Approved
12410,1,debt_consolidation,0.1442,515.74,11.1844214,12.25,697,5310.041667,35761.0,92.2,2.0,0,0,0,Review
12411,1,all_other,0.1284,134.48,9.798127037,9.73,712,1650.041667,13.0,1.3,1.0,0,0,0,Approved
12412,1,debt_consolidation,0.0932,357.81,11.09741002,5.8,747,4559.958333,19926.0,55.5,0.0,0,0,0,Approved
12413,1,small_business,0.1189,99.5,10.30895266,18.28,712,7020.0,14577.0,34.7,0.0,0,0,0,Approved
12414,1,debt_consolidation,0.1505,277.53,10.20536834,6.26,677,1830.0,7974.0,91.7,0.0,1,0,0,Review
12415,1,debt_consolidation,0.1379,340.76,11.08214255,18.2,687,2400.0,13875.0,37.2,0.0,0,0,0,Review
12416,1,debt_consolidation,0.1537,261.35,10.46321762,24.61,677,1393.0,1685.0,38.3,1.0,0,0,0,Review
12417,1,major_purchase,0.1284,302.57,11.2579816,18.83,702,3090.041667,1575.0,23.2,2.0,0,0,0,Approved
12418,1,educational,0.0963,208.62,10.37324115,3.75,742,3450.041667,883.0,13.8,1.0,0,0,0,Approved
12419,1,all_other,0.1221,533.04,11.33857208,17.8,737,4980.041667,24177.0,20.2,1.0,0,0,0,Approved
12420,1,debt_consolidation,0.1253,174.03,10.82972862,9.17,702,3780.0,5229.0,15.2,0.0,0,0,0,Approved
12421,1,major_purchase,0.1379,170.38,10.81985828,24.07,687,3030.0,4305.0,56.6,3.0,1,0,1,Review
12422,1,all_other,0.0737,69.86,11.36673138,6.83,777,4890.041667,103088.0,29.8,1.0,0,0,0,Approved
12423,1,home_improvement,0.1347,254.42,11.0814654,6.76,687,4680.0,9463.0,83.7,1.0,0,0,0,Review
12424,1,all_other,0.1663,638.46,10.8077057,10.91,667,2040.041667,6241.0,21,3.0,0,0,1,Review
12425,1,credit_card,0.1474,198.59,9.680344001,12.6,682,1263.0,5560.0,32.9,1.0,0,0,0,Review
12426,1,all_other,0.1284,50.43,11.02190247,17.65,687,2490.041667,13140.0,55.9,0.0,0,0,0,Review
12427,1,major_purchase,0.1442,206.3,11.02190247,14.75,672,2371.041667,9184.0,58.5,3.0,0,0,0,Review
12428,1,debt_consolidation,0.1411,410.75,11.40756495,13.73,682,5010.041667,9101.0,42.9,3.0,0,0,0,Review
12429,1,debt_consolidation,0.1568,420.02,11.28978191,14.21,672,4470.0,8664.0,93.2,1.0,0,0,0,Review
12430,1,all_other,0.1253,46.86,11.10495723,14.29,697,3945.0,13999.0,58.1,2.0,0,0,0,Review
12431,1,credit_card,0.1284,302.57,11.00209984,19.22,682,4179.958333,14309.0,57,1.0,0,0,0,Review
12432,1,debt_consolidation,0.1316,506.56,10.59663473,13.14,712,1950.0,2897.0,33.3,1.0,0,0,0,Approved
12433,1,debt_consolidation,0.0932,95.85,11.11988288,6.9,727,3180.041667,20863.0,52.8,0.0,0,0,0,Approved
12434,1,debt_consolidation,0.1568,700.04,10.81977828,15.1,677,2985.0,24738.0,50,2.0,0,0,0,Review
12435,1,home_improvement,0.1411,342.29,11.19134184,24.7,677,2078.0,45383.0,79.6,0.0,0,0,0,Review
12436,1,debt_consolidation,0.1253,535.46,10.74720759,21.7,727,13380.04167,15354.0,35.5,2.0,0,0,0,Approved
12437,1,all_other,0.0932,191.69,10.78931908,4.08,742,3600.041667,4014.0,25.9,0.0,0,0,0,Approved
12438,1,debt_consolidation,0.1347,227.29,11.18725073,14.21,687,5760.041667,53683.0,74.4,0.0,0,0,0,Review
12439,1,debt_consolidation,0.1284,100.86,11.51288546,18.58,692,7320.0,71161.0,60,1.0,0,0,0,Review
12440,1,small_business,0.1253,312.08,11.35040654,18.58,712,8970.041667,67614.0,49.2,0.0,0,0,1,Approved
12441,1,debt_consolidation,0.1284,672.36,10.71441777,19.12,767,5790.041667,14729.0,48.9,5.0,0,0,1,Approved
12442,1,all_other,0.08,47.01,10.12021054,14.73,767,3454.0,2130.0,12.3,4.0,0,0,1,Approved
12443,1,debt_consolidation,0.1316,202.63,10.49127422,23.77,692,4440.0,6581.0,39.6,1.0,0,0,1,Review
12444,1,debt_consolidation,0.1316,270.17,10.37349118,11.44,697,2040.041667,6389.0,58.1,2.0,0,0,0,Review
12445,1,all_other,0.1316,114.82,10.36646657,9.67,717,1260.041667,3967.0,48.9,0.0,0,0,0,Approved
12446,1,debt_consolidation,0.1632,370.8,10.73639668,9.97,662,1680.041667,10039.0,53.7,1.0,0,0,0,Review
12447,1,all_other,0.1347,237.46,11.42954386,4.73,692,8820.0,40479.0,8.4,3.0,0,0,0,Review
12448,1,debt_consolidation,0.1379,245.35,10.37173965,22.13,682,2310.0,7458.0,64.3,0.0,0,0,0,Review
12449,1,debt_consolidation,0.08,100.28,11.22524339,5.79,737,4800.0,4000.0,11,0.0,0,1,0,Approved
12450,1,debt_consolidation,0.1411,342.29,10.71441777,7.95,682,2340.041667,11816.0,47.6,0.0,0,0,0,Review
12451,1,all_other,0.1505,69.39,10.81977828,22.99,667,3930.0,6712.0,64.5,2.0,0,0,0,Review
12452,1,credit_card,0.0963,385.14,12.22587527,9.14,747,3960.0,25814.0,29.1,0.0,0,0,0,Approved
12453,1,debt_consolidation,0.1316,270.17,10.81977828,19.51,737,4513.958333,7936.0,50.9,0.0,0,0,0,Approved
12454,1,all_other,0.08,188.02,11.00209984,1.06,767,4756.958333,7161.0,16.4,0.0,0,0,0,Approved
12455,1,educational,0.1474,89.8,10.34161344,5.3,662,2737.0,4620.0,64.2,1.0,0,0,0,Review
12456,1,small_business,0.0963,318.54,10.77895629,24.52,742,3029.958333,39689.0,69.5,1.0,0,0,0,Approved
12457,1,small_business,0.1474,207.23,10.49127422,14,677,2730.0,20616.0,94.1,2.0,0,0,1,Review
12458,1,all_other,0.1347,339.23,10.91501573,5.59,692,3749.958333,2432.0,24.1,1.0,2,0,0,Review
12459,1,all_other,0.08,200.56,10.81977828,11.4,792,3960.0,339.0,1.1,0.0,0,0,0,Approved
12460,1,small_business,0.1474,172.69,10.81977828,6.79,692,1260.0,6165.0,79,1.0,0,0,0,Review
12461,1,credit_card,0.1316,472.79,11.44035477,19.24,717,14760.0,40761.0,65.6,0.0,0,0,0,Approved
12462,1,debt_consolidation,0.0963,584.92,10.46321762,22.76,782,5430.0,4407.0,9.2,0.0,0,0,0,Approved
12463,1,major_purchase,0.0932,127.79,10.87426647,0.59,742,3749.958333,630.0,7.9,1.0,0,0,0,Approved
12464,1,all_other,0.1221,159.92,11.06663836,16.72,712,7319.958333,9878.0,56.4,3.0,1,0,0,Approved
12465,1,debt_consolidation,0.1442,302.57,10.74281084,5.94,707,4379.958333,8134.0,80.2,0.0,0,0,0,Approved
12466,1,debt_consolidation,0.1474,241.76,10.47678644,17.28,672,3519.0,6547.0,56.9,0.0,0,0,0,Review
12467,1,major_purchase,0.1189,331.64,11.35040654,11.86,732,6481.0,35166.0,67.2,0.0,0,0,0,Approved
12468,1,small_business,0.1347,678.46,11.98292909,5.02,762,7080.0,5253.0,5.9,6.0,0,0,0,Approved
12469,1,all_other,0.0932,223.63,11.1844214,18.5,742,6569.958333,41059.0,51,0.0,0,0,0,Approved
12470,1,credit_card,0.1183,222.0,11.23511451,12.74,712,4164.0,71116.0,72.1,3.0,0,0,0,Approved
12471,1,all_other,0.1189,232.15,11.58988651,7.04,792,8640.0,2759.0,11,5.0,0,0,0,Approved
12472,1,debt_consolidation,0.0932,70.29,9.741203889,24.63,732,3810.0,5101.0,30.4,1.0,0,0,1,Approved
12473,1,debt_consolidation,0.1284,201.71,10.66886237,11.95,692,3420.0,3517.0,40.4,0.0,0,0,0,Review
12474,1,all_other,0.0932,268.36,12.1547583,1.05,777,3930.0,2009.0,9.1,0.0,0,0,0,Approved
12475,1,debt_consolidation,0.1442,550.13,11.15625052,20.54,687,2189.958333,16124.0,70.1,1.0,0,0,0,Review
12476,1,small_business,0.0963,449.32,11.7905572,14.59,787,5459.958333,152.0,1,1.0,0,0,0,Approved
12477,1,small_business,0.08,203.69,10.81977828,3.24,822,7260.0,35624.0,2.5,0.0,0,0,0,Approved
12478,1,small_business,0.1379,340.76,10.81985828,16.58,712,3060.0,757.0,22.9,1.0,0,0,0,Approved
12479,1,debt_consolidation,0.1474,690.74,11.64395373,15.27,702,2639.958333,52285.0,93.4,1.0,0,0,0,Approved
12480,1,debt_consolidation,0.1379,468.54,10.40426284,20.36,702,1800.0,19812.0,66.7,0.0,0,0,0,Approved
12481,1,small_business,0.1316,168.86,11.91839057,10.98,692,2189.958333,75454.0,72.4,1.0,0,0,0,Review
12482,1,debt_consolidation,0.1474,207.23,11.5211317,4.96,672,3930.0,3402.0,47.9,2.0,0,0,0,Review
12483,1,all_other,0.1442,618.89,11.15625052,7.89,722,3269.958333,18505.0,95.9,1.0,0,0,0,Approved
12484,1,debt_consolidation,0.1284,638.75,11.08214255,16.25,722,4049.958333,15923.0,56.3,0.0,0,0,0,Approved
12485,1,major_purchase,0.0768,124.77,10.37349118,5.7,772,7649.958333,7549.0,14.2,2.0,0,0,0,Approved
12486,1,all_other,0.1253,401.6,10.57131693,13.75,717,2370.0,8123.0,57.2,1.0,0,0,0,Approved
12487,1,all_other,0.1726,644.12,11.52584169,14.42,662,7170.0,3781.0,16.3,3.0,0,0,0,Review
12488,1,all_other,0.1505,156.12,10.40426284,11.78,662,3213.0,6063.0,49.3,1.0,1,0,0,Review
12489,1,small_business,0.1316,270.17,10.91508846,20.07,717,4455.958333,34260.0,77.5,0.0,0,0,0,Approved
12490,1,debt_consolidation,0.1379,408.91,10.79973883,11.7,687,4139.958333,17386.0,84.4,2.0,0,0,0,Review
12491,1,debt_consolidation,0.1347,678.46,12.12269104,7.28,732,7218.0,50381.0,68.5,1.0,0,0,1,Approved
12492,1,all_other,0.1221,199.89,10.46310334,15.22,717,4710.0,6881.0,27.3,0.0,1,0,0,Approved
12493,1,debt_consolidation,0.1442,515.74,11.40756495,8.21,687,8489.958333,5226.0,48.8,2.0,0,0,0,Review
12494,1,all_other,0.0737,77.62,11.63509885,0.39,772,7260.0,2498.0,10.6,0.0,0,0,0,Approved
12495,1,debt_consolidation,0.1632,565.02,11.1124479,10.39,667,7590.0,12736.0,70.4,2.0,2,0,0,Review
12496,1,debt_consolidation,0.074,155.3,11.35977429,7.92,822,11261.0,1874.0,5.5,0.0,0,0,0,Approved
12497,1,debt_consolidation,0.1411,308.06,10.858999,24.92,687,3240.0,28336.0,86.9,0.0,0,0,0,Review
12498,1,debt_consolidation,0.1284,268.95,10.6454249,14.2,717,1620.0,8687.0,54.6,0.0,0,0,0,Approved
12499,1,debt_consolidation,0.1347,407.08,10.81985828,13.7,692,2400.0,11442.0,52,0.0,0,0,0,Review
12500,1,debt_consolidation,0.1379,681.51,11.1844214,20.1,707,2430.0,27316.0,45.2,0.0,0,0,0,Approved
12501,1,home_improvement,0.1347,305.31,10.46595641,21.91,757,3419.958333,615.0,6.1,7.0,0,0,0,Approved
12502,1,all_other,0.0932,111.82,11.3736634,13.5,727,5011.0,18695.0,53.7,3.0,0,0,0,Approved
12503,1,home_improvement,0.1568,385.02,10.81985828,13.94,667,1770.0,11929.0,48.7,0.0,0,0,0,Review
12504,1,debt_consolidation,0.0963,320.95,10.30895266,15.88,762,3630.0,4532.0,33.6,0.0,0,0,1,Approved
12505,1,debt_consolidation,0.08,188.02,11.42958733,5.07,752,8162.958333,21365.0,39.4,0.0,0,0,1,Approved
12506,1,debt_consolidation,0.1474,414.45,10.89673933,4.62,697,5219.958333,7956.0,48.5,0.0,1,0,0,Review
12507,1,all_other,0.1253,301.2,10.59663473,0.9,732,15420.95833,114.0,2.8,0.0,0,0,0,Approved
12508,1,credit_card,0.0768,171.55,11.15625052,10.32,782,5549.958333,7537.0,17.9,0.0,0,0,0,Approved
12509,1,debt_consolidation,0.1537,174.24,10.53049493,22.92,662,4079.958333,7566.0,47.3,1.0,1,0,0,Review
12510,1,debt_consolidation,0.0963,320.95,11.00209984,9.44,747,5219.958333,23186.0,61.5,1.0,0,0,1,Approved
12511,1,small_business,0.1347,203.54,10.59663473,4.62,677,2249.958333,7110.0,58.3,0.0,0,1,0,Review
12512,1,debt_consolidation,0.1726,429.41,11.16764253,2.71,667,5969.958333,3505.0,33.4,2.0,0,0,0,Review
12513,1,debt_consolidation,0.1474,51.81,10.58405595,20.35,677,1380.0,7616.0,44.8,0.0,0,0,0,Review
12514,1,home_improvement,0.08,31.34,11.12726298,9.21,742,6480.0,4434.0,16.9,0.0,0,0,0,Approved
12515,1,small_business,0.1379,272.61,11.00209984,10.54,682,7049.958333,12927.0,33.1,0.0,0,0,0,Review
12516,1,major_purchase,0.0768,112.29,10.32548196,10.54,752,2190.958333,1859.0,11.4,0.0,0,0,0,Approved
12517,1,all_other,0.1253,184.07,10.23981692,22.72,702,2939.958333,3972.0,37.8,1.0,0,0,0,Approved
12518,1,debt_consolidation,0.1632,847.53,11.28973191,14.93,682,3689.958333,30564.0,78.6,2.0,0,0,0,Review
12519,1,debt_consolidation,0.1347,508.84,10.88743693,14.06,702,11460.0,7701.0,30.3,1.0,3,0,0,Approved
12520,1,credit_card,0.1347,488.49,11.03488966,10.35,702,1829.958333,17499.0,60,0.0,0,0,0,Approved
12521,1,all_other,0.1284,64.72,9.61580548,10.48,702,2321.958333,653.0,3.7,1.0,0,0,0,Approved
12522,1,debt_consolidation,0.08,172.35,10.95080655,18.76,747,3299.958333,40383.0,63,3.0,0,0,0,Approved
12523,1,all_other,0.1284,201.71,10.6454249,15.29,692,5219.958333,5826.0,31.5,0.0,1,0,0,Review
12524,1,credit_card,0.1505,520.37,10.6454249,15.43,687,4170.0,21980.0,51.5,2.0,0,0,0,Review
12525,1,all_other,0.1095,297.7,11.30471979,0.15,692,4379.958333,517.0,8.9,0.0,1,0,0,Review
12526,1,debt_consolidation,0.1411,342.29,11.1124479,6.86,682,5249.958333,9583.0,77.3,1.0,0,0,0,Review
12527,1,all_other,0.1095,261.71,10.59653473,22.98,692,7230.0,25336.0,48.5,1.0,0,0,1,Review
12528,1,debt_consolidation,0.1474,331.56,10.91516119,20.88,682,2880.0,19226.0,93.1,2.0,0,0,0,Review
12529,1,small_business,0.1537,48.79,10.49127422,5.07,712,2220.958333,0.0,,2.0,0,0,0,Approved
12530,1,debt_consolidation,0.1474,189.96,10.19555997,21.33,672,3450.0,12041.0,59.3,3.0,0,0,0,Review
12531,1,debt_consolidation,0.1505,529.05,10.7254676,11.76,682,1469.958333,10244.0,43.2,2.0,0,0,0,Review
12532,1,credit_card,0.1347,295.13,11.15961628,20.43,707,4680.0,19450.0,92.6,3.0,0,0,0,Approved
12533,1,home_improvement,0.1411,222.49,11.19821472,11.59,767,5522.958333,0.0,,1.0,0,0,1,Approved
12534,1,debt_consolidation,0.1347,398.6,11.49272276,16.4,697,4350.0,30993.0,71.2,0.0,0,0,0,Review
12535,1,home_improvement,0.0737,62.1,11.08214255,2.38,782,3749.958333,3630.0,10.1,0.0,0,0,0,Approved
12536,1,debt_consolidation,0.0963,224.66,10.08580911,7.85,727,5400.0,13197.0,22,2.0,0,0,0,Approved
12537,1,all_other,0.08,94.01,10.68051622,5.49,737,2490.0,2786.0,39.2,2.0,0,0,0,Approved
12538,1,all_other,0.0963,256.76,10.6454249,9.03,742,2969.958333,14894.0,48.1,3.0,0,0,0,Approved
12539,1,debt_consolidation,0.08,203.69,11.42954386,6.59,807,8190.0,713.0,3.9,0.0,0,0,0,Approved
12540,1,educational,0.1221,39.98,10.34817337,4.54,702,2309.958333,2317.0,27.3,0.0,0,0,0,Approved
12541,1,debt_consolidation,0.0963,320.95,11.53272809,2.47,742,3420.958333,11616.0,21.8,0.0,0,0,0,Approved
12542,1,all_other,0.0932,191.69,10.71441777,1.33,762,5340.0,2420.0,26.9,1.0,0,0,0,Approved
12543,1,home_improvement,0.1347,232.37,11.51292546,11.62,687,3120.0,10867.0,51.1,0.0,0,0,0,Review
12544,1,home_improvement,0.1284,181.54,10.30881932,1.72,702,3450.0,586.0,3.6,3.0,0,0,0,Approved
12545,1,credit_card,0.1379,315.2,10.80972795,15.85,682,2520.0,6012.0,74.2,1.0,0,0,0,Review
12546,1,all_other,0.1316,216.13,10.93310697,12.45,692,3749.958333,3981.0,62.2,1.0,0,0,0,Review
12547,1,debt_consolidation,0.0932,191.69,10.62132735,10.77,742,2730.0,1763.0,17.8,1.0,0,0,0,Approved
12548,1,credit_card,0.1379,272.61,11.22524339,12.78,682,6840.0,9287.0,61.9,1.0,0,0,0,Review
12549,1,debt_consolidation,0.1221,533.04,11.36210258,10.74,737,3749.958333,39622.0,47.3,1.0,0,0,0,Approved
12550,1,small_business,0.0963,356.25,10.1266311,17.71,742,4842.958333,6872.0,25.7,0.0,0,0,0,Approved
12551,1,small_business,0.1253,309.57,9.472704636,0.92,727,3425.958333,3498.0,47.9,1.0,0,0,1,Approved
12552,1,all_other,0.16,632.84,11.15625052,8.66,677,3810.0,12584.0,81.1,2.0,0,0,0,Review
12553,1,debt_consolidation,0.1379,340.76,10.59663473,21.66,692,4049.958333,11998.0,48.2,0.0,0,0,0,Review
12554,1,all_other,0.16,123.06,10.46310334,23.45,662,3810.0,5369.0,89.5,0.0,0,0,0,Review
12555,1,debt_consolidation,0.1148,167.32,9.903487553,19.68,712,1835.0,7058.0,45.5,0.0,0,0,1,Approved
12556,1,credit_card,0.1189,116.08,10.30895266,11.68,722,6870.0,4621.0,45.8,0.0,0,0,0,Approved
12557,1,debt_consolidation,0.1505,381.61,10.46310334,7.78,672,3030.958333,9778.0,77.6,0.0,0,0,0,Review
12558,1,all_other,0.0737,521.57,11.26446411,1.15,772,3000.958333,800.0,2.3,2.0,0,0,0,Approved
12559,1,debt_consolidation,0.1316,692.29,11.15625052,20.06,722,3659.958333,20450.0,60,1.0,0,0,0,Approved
12560,1,major_purchase,0.1379,272.61,9.952277717,11.43,682,3150.0,5142.0,46.3,2.0,0,0,0,Review
12561,1,debt_consolidation,0.1474,276.3,11.5228758,6.42,672,3779.958333,17588.0,47.8,0.0,2,0,0,Review
12562,1,debt_consolidation,0.1253,401.6,11.38509209,11.15,717,4837.958333,29755.0,77.9,2.0,0,0,0,Approved
12563,1,debt_consolidation,0.1189,331.64,10.71441777,21.95,752,3600.0,5811.0,32.1,1.0,0,0,0,Approved
12564,1,small_business,0.1695,534.41,10.75790288,0.38,687,5640.0,5330.0,82,0.0,0,0,0,Review
12565,1,debt_consolidation,0.0963,545.61,11.39643659,14.71,772,5219.958333,10359.0,21.1,0.0,0,0,0,Approved
12566,1,all_other,0.1347,373.15,10.08580911,13.65,697,1829.958333,8476.0,42.2,0.0,0,0,0,Review
12567,1,all_other,0.08,125.35,10.77895629,2.77,772,3150.0,703.0,2.3,0.0,0,0,0,Approved
12568,1,all_other,0.0963,160.48,10.71894086,11.12,732,2400.0,4637.0,12.6,1.0,0,0,0,Approved
12569,1,home_improvement,0.08,266.36,11.32659589,6.75,787,6299.958333,7439.0,6.5,0.0,0,0,0,Approved
12570,1,home_improvement,0.1316,168.86,11.86358234,23.26,687,5280.0,71053.0,83.4,2.0,0,1,0,Review
12571,1,credit_card,0.1316,312.38,10.858999,21.9,702,2040.0,9190.0,86.7,0.0,0,0,0,Approved
12572,1,all_other,0.0737,263.89,10.26813067,19.83,732,2219.958333,9321.0,27.2,2.0,0,0,0,Approved
12573,1,all_other,0.0768,31.2,11.41861479,9.77,752,4109.958333,21003.0,45.5,2.0,0,0,0,Approved
12574,1,home_improvement,0.16,421.89,10.49127422,0.33,662,13080.0,12683.0,34.8,0.0,1,1,0,Review
12575,1,credit_card,0.0932,351.42,11.0953983,19.15,747,3749.958333,4148.0,14.3,2.0,0,0,0,Approved
12576,1,debt_consolidation,0.1411,342.29,11.35040654,3.92,682,2850.0,3520.0,22.1,1.0,2,0,0,Review
12577,1,all_other,0.1221,333.15,10.94199592,19.2,762,5909.958333,2435.0,13.8,2.0,0,0,0,Approved
12578,1,small_business,0.1635,335.63,11.06663836,9.51,697,4562.958333,17105.0,38.8,1.0,0,0,0,Review
12579,1,small_business,0.1316,337.71,10.41930072,17.37,772,1139.958333,26.0,0.6,0.0,0,0,0,Approved
12580,1,all_other,0.1221,119.94,10.30895266,0.6,717,4469.958333,90.0,1.8,2.0,0,0,0,Approved
12581,1,all_other,0.1537,167.27,9.68009397,9.98,667,1529.958333,1101.0,61.2,1.0,0,0,0,Review
12582,1,major_purchase,0.0768,224.58,11.35040654,16.72,777,9630.958333,3712.0,38.3,2.0,0,0,0,Approved
12583,1,debt_consolidation,0.08,441.84,11.05089001,10.82,717,3210.0,10513.0,32,1.0,0,0,0,Approved
12584,1,debt_consolidation,0.1347,339.23,11.22524339,8.54,742,4290.0,24485.0,26.3,5.0,0,0,0,Approved
12585,1,all_other,0.1284,605.13,10.91508846,7.29,747,6331.958333,16955.0,22.8,5.0,0,0,0,Approved
12586,1,debt_consolidation,0.1189,331.64,10.90558894,21.54,732,3749.958333,11628.0,40.4,0.0,0,1,0,Approved
12587,1,educational,0.1316,81.05,11.26061054,19.1,677,3600.0,5396.0,23.1,2.0,0,1,0,Review
12588,1,debt_consolidation,0.1316,574.1,10.85892207,16.87,732,7799.958333,13429.0,61,0.0,0,0,1,Approved
12589,1,all_other,0.1379,340.76,10.75790288,23.69,692,4590.0,1400.0,77.8,0.0,1,1,0,Review
12590,1,all_other,0.1347,135.7,9.903487553,15.06,702,1469.958333,1067.0,19.4,2.0,1,0,0,Approved
12591,1,all_other,0.0737,322.88,10.77895629,12.07,727,3299.958333,21326.0,37.9,1.0,0,0,0,Approved
12592,1,home_improvement,0.08,313.37,11.61863592,0.49,787,4232.0,7195.0,6.3,1.0,0,0,0,Approved
12593,1,small_business,0.0963,385.14,11.00209984,6.76,807,7079.958333,1977.0,3.3,3.0,0,0,0,Approved
12594,1,all_other,0.1253,334.67,10.54006438,10.38,672,3270.0,26788.0,65.2,3.0,0,0,1,Review
12595,1,educational,0.1253,836.66,11.35040654,16.24,762,5849.958333,93559.0,22.1,1.0,0,0,0,Approved
12596,1,major_purchase,0.1537,193.4,10.72106231,8.26,667,4050.958333,260.0,3.3,3.0,0,1,0,Review
12597,1,small_business,0.1253,669.33,11.40756495,0.68,792,4469.958333,3719.0,15.2,1.0,0,0,0,Approved
12598,1,credit_card,0.1316,405.25,10.66895539,7.14,722,1741.0,7879.0,29,2.0,0,0,0,Approved
12599,1,debt_consolidation,0.1253,435.07,11.08220409,17.11,712,5010.0,13407.0,44.8,0.0,0,0,0,Approved
12600,1,small_business,0.1379,255.57,10.37349118,9.86,712,2999.958333,1805.0,10.1,2.0,1,0,0,Approved
12601,1,debt_consolidation,0.0963,192.57,10.69194491,4.99,732,4260.0,11741.0,14.6,0.0,0,0,0,Approved
12602,1,home_improvement,0.1568,350.02,10.95080655,7.62,682,2850.0,1815.0,34.2,2.0,0,0,1,Review
12603,1,credit_card,0.1663,780.34,11.09741002,14.96,677,4980.0,27302.0,34.8,0.0,0,0,0,Review
12604,1,debt_consolidation,0.1442,412.6,10.51867319,7.91,682,4049.958333,8748.0,85.8,1.0,0,0,1,Review
12605,1,all_other,0.08,188.02,10.05182135,8.95,757,4109.958333,1112.0,25.3,0.0,0,0,0,Approved
12606,1,debt_consolidation,0.1411,405.62,10.78931908,20.96,682,3659.958333,15677.0,49.9,3.0,0,0,0,Review
12607,1,debt_consolidation,0.1253,401.6,10.87812266,16.26,717,2730.0,7464.0,41.2,2.0,0,0,1,Approved
12608,1,major_purchase,0.1189,165.82,10.77895629,18.13,722,3150.0,15155.0,42.3,2.0,0,0,0,Approved
12609,1,all_other,0.16,147.67,10.16585182,21.69,712,2012.0,6154.0,99.3,0.0,0,0,0,Approved
12610,1,debt_consolidation,0.1474,86.35,9.779963066,19.08,672,1771.0,5002.0,32.1,3.0,0,0,0,Review
12611,1,debt_consolidation,0.1284,504.27,10.30895266,12.92,717,10440.0,20105.0,33.4,3.0,0,0,0,Approved
12612,1,all_other,0.0963,185.35,10.51596683,7.15,732,2370.0,9619.0,65.9,0.0,0,0,1,Approved
12613,1,all_other,0.1379,221.5,10.5454467,23.37,687,5849.958333,12518.0,49.1,0.0,1,0,0,Review
12614,1,debt_consolidation,0.1474,276.3,10.71441777,24.08,672,1921.958333,8441.0,66.5,1.0,0,1,0,Review
12615,1,home_improvement,0.1442,292.26,11.35040654,6.11,677,9300.0,7429.0,91.1,1.0,0,0,0,Review
12616,1,debt_consolidation,0.1253,87.02,9.680344001,19.2,697,1949.958333,7155.0,38.3,1.0,0,0,0,Review
12617,1,debt_consolidation,0.1411,167.73,10.87804719,3.22,682,6060.0,4341.0,90.4,2.0,0,0,0,Review
12618,1,credit_card,0.0963,224.66,11.56171563,3.19,762,3210.0,8035.0,30,1.0,0,0,0,Approved
12619,1,debt_consolidation,0.1537,374.6,10.62132735,23.33,667,3391.958333,21765.0,78.9,0.0,0,0,0,Review
12620,1,debt_consolidation,0.1316,168.86,10.96819829,0.12,722,2070.0,5176.0,45.6,0.0,0,0,0,Approved
12621,1,home_improvement,0.1411,290.95,10.91501573,1,707,1229.958333,3441.0,49.2,0.0,0,0,1,Approved
12622,1,debt_consolidation,0.1411,171.15,10.15580148,6.2,697,3389.958333,4852.0,57.8,2.0,1,0,0,Review
12623,1,all_other,0.1758,718.84,11.5229154,16.93,667,3659.958333,18606.0,67.5,0.0,1,0,0,Review
12624,1,debt_consolidation,0.1189,198.99,10.5454467,22.58,722,4680.0,17511.0,47.7,3.0,0,0,0,Approved
12625,1,debt_consolidation,0.1663,532.05,10.73639668,7.93,672,3029.958333,14608.0,94.9,1.0,0,0,0,Review
12626,1,small_business,0.1221,166.58,11.21182037,17.56,712,7170.0,13344.0,28.4,2.0,0,0,0,Approved
12627,1,credit_card,0.1189,298.48,11.35040654,8.84,732,5519.958333,5390.0,27.2,0.0,0,1,0,Approved
12628,1,home_improvement,0.1411,143.77,9.836332277,4.62,677,4783.958333,2255.0,37.6,1.0,0,0,0,Review
12629,1,debt_consolidation,0.0932,207.66,10.35456317,12.08,747,3450.0,2530.0,63.2,0.0,0,0,1,Approved
12630,1,debt_consolidation,0.1284,504.27,11.53272809,12.46,722,3329.958333,2.0,0.1,2.0,0,0,0,Approved
12631,1,all_other,0.1221,399.78,10.49127422,20.33,677,3090.0,24029.0,70.3,1.0,0,0,0,Review
12632,1,major_purchase,0.0932,63.9,10.94192512,5.71,787,3570.0,21.0,0.4,2.0,0,0,0,Approved
12633,1,all_other,0.1411,684.58,11.35035948,19.27,702,5489.958333,17811.0,79.2,1.0,0,0,0,Approved
12634,1,all_other,0.1221,499.73,11.91839057,17.84,752,8069.958333,0.0,0,1.0,0,0,0,Approved
12635,1,debt_consolidation,0.1426,240.15,10.37349118,13.35,682,1410.0,5999.0,27.6,1.0,0,0,1,Review
12636,1,all_other,0.0963,248.74,10.79957558,11.36,737,5601.958333,6720.0,19,0.0,0,0,0,Approved
12637,1,all_other,0.16,281.26,10.55581274,2.31,667,1800.0,3292.0,58.8,1.0,1,0,0,Review
12638,1,debt_consolidation,0.16,527.36,11.03488966,7.88,687,2520.0,15896.0,83.2,1.0,0,0,1,Review
12639,1,small_business,0.1663,567.52,11.15625052,0.26,667,3329.958333,438.0,4.6,3.0,0,0,0,Review
12640,1,debt_consolidation,0.1505,693.83,11.28230402,15.32,682,4379.958333,18636.0,81.1,3.0,0,0,0,Review
12641,1,debt_consolidation,0.1474,552.59,10.9040459,9.13,682,7620.0,17436.0,71.9,1.0,0,0,0,Review
12642,1,home_improvement,0.1253,836.66,11.91839057,2.86,762,3389.958333,14911.0,34,1.0,0,0,0,Approved
12643,1,debt_consolidation,0.1442,498.55,10.30895266,18.04,697,8910.958333,20392.0,94,1.0,0,0,0,Review
12644,1,debt_consolidation,0.1316,287.05,11.22524339,12.27,697,8069.958333,30532.0,53.7,3.0,0,0,1,Review
12645,1,all_other,0.0737,248.37,11.08220409,2.77,727,5219.958333,31939.0,53.2,1.0,0,0,1,Approved
12646,1,debt_consolidation,0.08,188.02,10.70324447,6.44,752,5340.0,5970.0,12.7,1.0,0,0,0,Approved
12647,1,debt_consolidation,0.1347,447.78,10.59663473,12.72,727,1499.958333,9721.0,30.9,2.0,0,0,0,Approved
12648,1,credit_card,0.0963,160.48,11.46167427,15.4,727,3090.0,9347.0,41,2.0,0,0,0,Approved
12649,1,credit_card,0.1189,348.23,11.6351431,6.02,727,6719.958333,13610.0,43.1,0.0,0,0,0,Approved
12650,1,all_other,0.1474,51.81,10.5454467,1.04,667,2130.0,1781.0,59.4,3.0,0,0,1,Review
12651,1,small_business,0.0932,159.74,10.81977828,17.57,737,2669.958333,7170.0,67,1.0,0,0,0,Approved
12652,1,small_business,0.1189,530.63,11.35040654,2.61,757,5041.0,29204.0,51.9,2.0,0,0,0,Approved
12653,1,small_business,0.1426,274.45,10.57387775,21.88,737,2681.0,16090.0,25,3.0,0,0,1,Approved
12654,1,major_purchase,0.0768,49.91,10.04324949,4.64,757,12391.0,2753.0,9.3,0.0,0,0,0,Approved
12655,1,all_other,0.0737,372.55,10.81985828,10.1,742,7769.958333,56348.0,33.7,0.0,0,0,0,Approved
12656,1,small_business,0.0963,417.23,10.6454249,16.14,787,3840.0,0.0,0,1.0,0,0,0,Approved
12657,1,debt_consolidation,0.1316,379.92,11.22524339,18.69,702,3150.0,11197.0,81.7,2.0,0,0,0,Approved
12658,1,all_other,0.0932,319.47,10.91508846,0.39,782,4710.0,99.0,0.2,1.0,0,0,0,Approved
12659,1,small_business,0.1253,251.0,10.59663473,12.87,787,2249.958333,298.0,1,0.0,0,0,1,Approved
12660,1,all_other,0.1189,331.64,10.87804719,17.12,727,2790.0,4435.0,59.1,0.0,0,0,0,Approved
12661,1,educational,0.1568,113.76,9.392661929,11.8,672,1499.958333,3352.0,79.8,0.0,0,0,1,Review
12662,1,debt_consolidation,0.1347,407.08,11.12726298,21.9,697,5408.0,43863.0,63.7,2.0,0,0,0,Review
12663,1,all_other,0.1284,235.33,11.01039864,10.27,682,4202.958333,3706.0,45.2,0.0,0,0,0,Review
12664,1,major_purchase,0.1316,405.25,10.91508846,13.16,707,13681.0,9030.0,37.5,2.0,0,0,0,Approved
12665,1,all_other,0.08,313.37,11.35035948,1.06,772,6780.0,2227.0,5.4,0.0,0,0,0,Approved
12666,1,debt_consolidation,0.1379,286.24,10.71441777,24.75,697,4829.958333,1924.0,91.6,1.0,0,0,1,Review
12667,1,small_business,0.0963,481.42,11.51292546,4.81,802,9637.958333,21267.0,33.9,1.0,0,0,0,Approved
12668,1,all_other,0.0963,160.48,11.24300472,8.63,722,5189.958333,2602.0,51,1.0,0,0,0,Approved
12669,one,all_other,0.1632,529.71,11.08214255,16.39,672,5310.0,7467.0,48.8,2.0,0,0,0,Review
12670,1,all_other,0.1221,158.25,10.71894086,20.95,747,5760.0,26272.0,33.7,1.0,0,0,0,Approved
12671,1,debt_consolidation,0.1568,280.02,11.28978191,16.3,662,4499.958333,10702.0,59.8,0.0,0,0,0,Review
12672,1,all_other,0.0768,311.91,10.08580911,0,737,1650.0,400.0,6.7,1.0,0,0,0,Approved
12673,1,small_business,0.1221,666.3,11.35040654,3.04,787,6510.0,13893.0,18.7,4.0,0,0,0,Approved
12674,1,all_other,0.0932,527.13,11.05885818,8.35,732,4079.958333,41921.0,85.2,0.0,0,0,1,Approved
12675,1,debt_consolidation,0.0932,233.22,10.30895266,10.52,737,3243.0,8351.0,22.1,3.0,0,0,0,Approved
12676,1,small_business,0.1505,416.3,10.27505111,2.48,672,4019.958333,4770.0,52.4,2.0,0,2,0,Review
12677,1,debt_consolidation,0.1568,525.03,11.6351431,13.12,757,7560.0,50910.0,32.6,0.0,0,0,0,Approved
12678,1,small_business,0.1411,232.76,10.53209621,10.3,707,3779.958333,1356.0,17.4,2.0,1,0,0,Approved
12679,1,debt_consolidation,0.1253,669.33,11.12726298,18.23,732,5070.0,25313.0,43.4,2.0,0,0,0,Approved
12680,1,debt_consolidation,0.1221,599.67,10.86906356,13.36,742,5640.0,17064.0,56.7,0.0,0,0,0,Approved
12681,1,credit_card,0.1253,117.14,10.46310334,13.39,707,4889.958333,7730.0,33.6,1.0,0,0,0,Approved
12682,1,credit_card,0.1316,362.19,10.91508846,12.09,702,2219.958333,20854.0,49.3,2.0,0,0,0,Approved
12683,1,debt_consolidation,0.1347,101.77,11.09741002,14.6,687,5978.958333,15093.0,95.5,1.0,0,0,1,Review
12684,1,all_other,0.1474,120.88,11.49264112,19.94,672,6180.0,36162.0,89.5,3.0,0,0,1,Review
12685,1,small_business,0.08,100.28,10.69194491,17.92,742,1949.958333,849.0,10.7,0.0,0,0,0,Approved
12686,1,all_other,0.08,470.05,11.16336799,17.11,727,3450.0,8952.0,22.3,1.0,0,0,0,Approved
12687,1,small_business,0.1284,806.83,11.22524339,18.51,772,6780.0,7815.0,6.1,0.0,0,0,0,Approved
12688,1,all_other,0.1474,386.82,11.06350847,16.21,687,4320.0,10673.0,93.6,0.0,0,0,0,Review
12689,1,debt_consolidation,0.1568,245.02,10.73639668,20.87,677,2339.958333,5546.0,97.3,0.0,0,0,0,Review
12690,1,debt_consolidation,0.0963,320.95,10.54442628,15.05,737,4079.958333,1571.0,11.9,0.0,0,0,0,Approved
12691,1,debt_consolidation,0.1632,247.2,10.91508846,3.99,662,2189.958333,4747.0,93.1,1.0,1,0,0,Review
12692,1,debt_consolidation,0.08,172.35,10.37361617,19.2,757,3749.958333,6860.0,29.4,0.0,0,0,0,Approved
12693,1,debt_consolidation,0.1316,168.86,10.40426284,14,697,1710.0,4536.0,33.1,0.0,0,1,0,Review
12694,1,all_other,0.1568,245.02,10.13459927,5.57,662,1499.958333,4748.0,53.3,2.0,0,0,0,Review
12695,1,credit_card,0.1316,844.26,11.73606902,8.24,727,5549.958333,14323.0,50.3,1.0,0,0,1,Approved
12696,1,small_business,0.1221,632.99,11.56171563,15.51,752,11520.0,49836.0,42.1,1.0,0,0,0,Approved
12697,1,debt_consolidation,0.1821,290.07,11.22524339,13.92,662,4889.958333,8111.0,57.9,2.0,0,0,0,Review
12698,1,all_other,0.1189,198.99,11.09741002,21.07,722,4769.958333,18136.0,44.7,0.0,0,0,0,Approved
12699,1,debt_consolidation,0.16,404.31,10.46104751,21.09,662,4529.958333,22416.0,67,1.0,0,0,0,Review
12700,1,debt_consolidation,0.1284,537.89,10.64304111,10.37,717,3719.958333,16016.0,84.7,0.0,0,0,0,Approved
12701,1,debt_consolidation,0.1347,237.46,10.52191119,14.71,707,3810.0,3915.0,93.2,0.0,0,0,0,Approved
12702,1,credit_card,0.1221,258.2,10.63825641,17.78,717,2520.0,14610.0,76.9,0.0,0,0,1,Approved
12703,1,all_other,0.08,263.23,11.15625052,3.05,777,4020.958333,1506.0,6.6,0.0,0,0,0,Approved
12704,1,all_other,0.08,172.35,11.30220443,9.87,782,5730.0,4590.0,14.7,0.0,0,0,0,Approved
12705,1,all_other,0.1284,168.09,10.30895266,2.6,757,4590.0,724.0,2.8,1.0,0,0,0,Approved
12706,1,major_purchase,0.1505,346.92,10.75798798,20.19,752,4621.0,0.0,,2.0,0,0,0,Approved
12707,1,all_other,0.1316,337.71,10.71441777,3.97,732,2789.0,2025.0,15.6,1.0,0,0,1,Approved
12708,1,all_other,0.0768,374.29,11.15619338,12.62,722,2911.0,16810.0,32.3,2.0,0,0,1,Approved
12709,1,major_purchase,0.0963,215.04,9.510444964,6.4,807,9209.958333,35.0,1.7,0.0,0,0,0,Approved
12710,1,home_improvement,0.08,125.35,11.15619338,8.78,757,2790.0,3008.0,8.7,0.0,0,0,0,Approved
12711,1,debt_consolidation,0.1347,407.08,11.00209984,15.12,697,2520.0,12540.0,54.3,1.0,0,0,0,Review
12712,1,credit_card,0.0963,385.14,10.91567011,21.17,757,10739.95833,25133.0,38.8,1.0,0,0,0,Approved
12713,1,all_other,0.1632,331.95,10.81977828,1.46,692,1620.0,4700.0,51.6,1.0,0,0,0,Review
12714,1,all_other,0.1411,342.29,11.98292909,9.27,677,5189.958333,10843.0,68.6,0.0,1,0,1,Review
12715,1,debt_consolidation,0.1347,407.08,10.14909685,9.2,722,11339.95833,11377.0,94.8,1.0,0,0,1,Approved
12716,1,debt_consolidation,0.0963,320.95,10.82536266,13.77,737,5400.0,1251.0,5.5,1.0,0,1,0,Approved
12717,1,small_business,0.1505,477.01,10.30895266,17.96,687,1441.0,5269.0,15.1,3.0,0,0,1,Review
12718,1,small_business,0.1221,499.73,11.54600234,8.57,772,4109.958333,11700.0,42.5,0.0,0,0,0,Approved
12719,1,debt_consolidation,0.1284,84.05,10.66895539,8.76,687,5670.0,1580.0,14,1.0,0,0,0,Review
12720,1,debt_consolidation,0.1347,339.23,11.22524339,14.91,732,3737.958333,26694.0,98.9,3.0,0,0,0,Approved
12721,1,credit_card,0.1284,504.27,11.08214255,6.65,717,2190.958333,27201.0,57.4,0.0,0,0,0,Approved
12722,1,debt_consolidation,0.0963,320.95,10.59663473,12.81,742,8370.0,7108.0,18.3,2.0,0,0,0,Approved
12723,1,major_purchase,0.1442,687.66,12.46458334,16.97,697,7799.958333,58981.0,84.9,2.0,0,0,0,Review
12724,1,all_other,0.08,156.69,10.91508846,9.05,757,2490.0,1012.0,10.1,0.0,0,0,0,Approved
12725,1,all_other,0.1221,666.3,10.84933709,3.1,782,2850.0,99.0,0.4,0.0,0,0,0,Approved
12726,1,all_other,0.1537,104.54,11.00209984,1,672,1800.0,1048.0,31.8,1.0,0,0,1,Review
12727,1,debt_consolidation,0.1474,276.3,10.30895266,15.44,677,8617.0,21202.0,88,0.0,1,0,0,Review
12728,1,debt_consolidation,0.0932,313.08,10.4341158,22.62,747,6725.958333,16248.0,23.9,0.0,0,0,0,Approved
12729,1,home_improvement,0.0932,159.74,10.1266311,3.89,777,3419.958333,3901.0,10.6,2.0,0,0,0,Approved
12730,1,all_other,0.1284,672.36,11.38495936,1.95,787,2730.0,45210.0,3.8,1.0,0,0,0,Approved
12731,1,debt_consolidation,0.1726,894.61,12.4874851,12.76,692,6599.958333,35172.0,95.3,0.0,0,0,1,Review
12732,1,debt_consolidation,0.1442,687.66,11.1844214,23.25,697,6659.958333,18789.0,52,3.0,0,0,0,Review
12733,1,credit_card,0.1221,399.78,11.00209984,16.16,742,4379.958333,24904.0,66.4,2.0,0,0,0,Approved
12734,1,debt_consolidation,0.1411,410.75,11.03817459,22.03,682,3150.0,4532.0,32.4,0.0,0,0,0,Review
12735,1,debt_consolidation,0.1632,474.97,11.38287373,18.64,662,7920.0,6021.0,57.9,0.0,1,0,0,Review
12736,1,debt_consolidation,0.1379,391.87,10.7342204,10.3,697,3659.958333,11361.0,35.3,0.0,3,0,0,Review
12737,1,home_improvement,0.0963,224.66,11.42958733,8.05,757,4799.958333,962.0,4.6,0.0,1,0,0,Approved
12738,1,all_other,0.1474,690.74,10.71441777,9.31,697,3374.958333,1483.0,4.2,0.0,0,0,0,Review
12739,1,educational,0.06,91.27,9.793449447,5.69,727,4320.0,859.0,10.7,0.0,0,0,0,Approved
12740,1,small_business,0.1695,356.27,11.00209984,11.18,662,3336.958333,6070.0,88,1.0,0,0,0,Review
12741,1,credit_card,0.1379,340.76,10.4487146,14.71,692,2520.0,8316.0,52.6,0.0,0,0,0,Review
12742,1,all_other,0.1218,399.6,11.04852212,9.03,712,7321.0,16353.0,31.9,0.0,0,0,0,Approved
12743,1,all_other,0.1347,67.85,9.884916167,16.32,692,2189.958333,6191.0,72,1.0,0,0,0,Review
12744,1,small_business,0.0963,513.51,11.69524702,2.5,802,12330.0,8823.0,7.4,1.0,0,0,0,Approved
12745,1,debt_consolidation,0.1284,242.05,10.81985828,13.17,702,10259.95833,19434.0,43.2,2.0,0,0,0,Approved
12746,1,home_improvement,0.1253,301.2,11.4294569,20.3,722,4446.958333,42813.0,0,2.0,0,0,1,Approved
12747,1,all_other,0.1496,207.87,11.20504069,18.43,662,5517.0,14417.0,82.9,0.0,0,0,0,Review
12748,1,home_improvement,0.1347,542.77,12.25486281,14.93,707,6359.958333,46392.0,81.1,1.0,0,0,0,Approved
12749,1,all_other,0.1505,190.81,10.66904841,12.7,667,3719.958333,1953.0,57.4,2.0,1,0,0,Review
12750,1,credit_card,0.0932,191.69,11.1124479,19.45,747,7409.958333,42518.0,68.9,2.0,0,0,0,Approved
12751,1,all_other,0.0932,191.69,10.95080655,11.56,777,6810.0,14650.0,24.5,5.0,0,0,0,Approved
12752,1,small_business,0.1253,167.34,11.56171563,23.9,707,7500.0,70432.0,89.3,0.0,0,0,0,Approved
12753,1,small_business,0.1221,666.3,11.69524702,8.22,782,6450.0,3606.0,4.5,0.0,0,0,0,Approved
12754,1,all_other,0.1505,260.19,12.36563722,15.01,672,7500.0,82153.0,88.1,0.0,0,0,0,Review
12755,1,all_other,0.1442,51.58,11.23537852,11.4,677,3510.0,457.0,18,0.0,0,0,0,Review
12756,1,debt_consolidation,0.1505,294.88,9.998797732,13.75,672,1740.0,11131.0,57.7,1.0,0,0,1,Review
12757,1,major_purchase,0.1253,187.42,10.46310334,14.43,702,8130.958333,15341.0,40.2,1.0,0,0,1,Approved
12758,1,all_other,0.1126,312.21,11.1844214,3.73,747,2070.0,700.0,14.6,7.0,0,0,0,Approved
12759,1,all_other,0.1316,303.94,10.59663473,9.66,727,4019.958333,1813.0,27.1,1.0,0,1,0,Approved
12760,1,debt_consolidation,0.1347,244.25,11.39075783,12.83,687,3510.0,28767.0,74.9,1.0,0,0,0,Review
12761,1,major_purchase,0.1505,156.12,11.31447453,11.56,667,3630.0,0.0,0,1.0,2,1,0,Review
12762,1,debt_consolidation,0.1411,329.46,10.71441777,22.48,682,2309.958333,13575.0,73.8,0.0,0,0,1,Review
12763,1,debt_consolidation,0.1347,284.95,11.03488966,13.53,692,3990.0,9631.0,74.7,3.0,0,0,0,Review
12764,1,small_business,0.1347,814.15,11.51292546,7.25,737,2160.0,5.0,0.2,3.0,0,0,0,Approved
12765,1,credit_card,0.1379,511.14,10.96819829,11.07,707,3120.0,15166.0,94.8,2.0,0,0,0,Approved
12766,1,home_improvement,0.1442,55.02,10.15424627,12.98,692,1260.0,0.0,0,0.0,0,1,0,Review
12767,1,all_other,0.1221,333.15,9.952277717,8.46,717,1829.958333,6711.0,53.3,1.0,0,0,0,Approved
12768,1,small_business,0.1316,413.69,10.08580911,11.35,707,2130.0,4850.0,53.9,1.0,0,0,1,Approved
12769,1,all_other,0.1158,528.22,12.61153775,7.6,697,4214.0,41491.0,60.9,0.0,0,0,0,Review
12770,1,debt_consolidation,0.1379,238.53,10.20359214,21.91,697,3180.0,7494.0,94.9,0.0,0,0,0,Review
12771,1,debt_consolidation,0.1411,676.02,11.08214255,18.85,702,8250.0,11667.0,33.1,1.0,0,0,1,Approved
12772,1,all_other,0.1347,169.62,11.28983191,3.67,697,5100.0,3048.0,33.9,0.0,1,0,0,Review
12773,1,credit_card,0.1316,506.56,11.20504069,18.87,727,9450.0,49542.0,54.6,2.0,0,0,0,Approved
12774,1,debt_consolidation,0.0932,319.47,10.47344963,19.88,762,2760.0,12255.0,24.2,0.0,0,0,0,Approved
12775,1,small_business,0.0932,63.9,11.06663836,12.04,742,2760.0,0.0,0,0.0,0,0,0,Approved
12776,1,small_business,0.1442,171.92,11.58084576,1.96,697,2669.958333,4233.0,46,0.0,0,0,1,Review
12777,1,debt_consolidation,0.1411,164.3,10.50232405,14.67,672,1394.0,8038.0,51.5,0.0,0,0,0,Review
12778,1,all_other,0.0932,255.58,11.81303006,5.18,752,5010.0,79821.0,37.1,0.0,0,0,0,Approved
12779,1,all_other,0.1189,663.28,10.70548914,17.33,772,9119.958333,22828.0,21.4,1.0,0,0,0,Approved
12780,1,all_other,0.1379,681.51,11.84220043,7.12,712,5100.0,7629.0,25.3,0.0,0,0,0,Approved
12781,1,debt_consolidation,0.0768,124.77,10.54534144,13.45,802,4560.0,3199.0,7.4,0.0,0,0,0,Approved
12782,1,all_other,0.1253,836.66,11.65268741,1.39,762,2160.0,30215.0,49.6,1.0,0,0,1,Approved
12783,1,debt_consolidation,0.1379,170.38,10.43857643,5.69,692,5159.958333,445.0,89,2.0,0,0,0,Review
12784,1,all_other,0.08,313.37,11.00209984,0.36,792,2520.0,1858.0,12.7,0.0,0,0,0,Approved
12785,1,debt_consolidation,0.1568,420.02,10.73630972,4.04,667,3389.958333,7805.0,41.9,0.0,0,0,0,Review
12786,1,all_other,0.0963,385.14,11.22524339,14.93,757,4109.958333,2300.0,11.3,0.0,0,0,0,Approved
12787,1,credit_card,0.1379,436.17,11.59910316,24.88,702,5280.0,39311.0,85.8,0.0,0,0,0,Approved
12788,1,small_business,0.0768,194.95,10.66895539,21.43,797,4049.958333,2094.0,7.7,1.0,0,0,0,Approved
12789,1,debt_consolidation,0.1632,353.14,10.77895629,20.55,672,4799.958333,3996.0,97.5,0.0,0,1,1,Review
12790,1,all_other,0.1095,170.12,11.30220443,10.34,692,8948.0,25972.0,89.6,1.0,0,0,0,Review
12791,1,small_business,0.16,527.36,10.81977828,7.92,702,4139.958333,5918.0,98.6,1.0,0,0,1,Approved
12792,1,credit_card,0.1189,238.79,10.69203582,6.98,712,5040.0,9144.0,25.5,0.0,0,0,0,Approved
12793,1,all_other,0.1189,198.99,11.15625052,7.23,722,2249.958333,4965.0,53.4,0.0,0,0,0,Approved
12794,1,credit_card,0.1284,336.18,11.7905572,2,712,9209.958333,3462.0,21.6,0.0,0,0,0,Approved
12795,1,educational,0.1474,172.69,10.95080655,9.81,687,6120.0,3335.0,45.1,2.0,0,0,1,Review
12796,1,major_purchase,0.1221,199.89,10.59663473,0.6,747,3779.958333,297.0,5.8,0.0,0,0,0,Approved
12797,1,debt_consolidation,0.1568,210.01,10.858999,23.35,667,3870.0,7160.0,62.3,1.0,0,0,0,Review
12798,1,debt_consolidation,0.1316,432.26,11.03488966,3.74,707,2339.958333,6214.0,20.8,0.0,0,0,0,Approved
12799,1,debt_consolidation,0.1253,560.56,10.71441777,22.45,712,4139.958333,11860.0,45.1,1.0,0,0,0,Approved
12800,1,debt_consolidation,0.1379,170.38,10.4487146,7.41,697,12390.0,693.0,23.1,1.0,0,0,0,Review
12801,1,debt_consolidation,0.1632,141.26,11.48246626,20.89,667,5669.958333,34008.0,98.3,0.0,0,0,0,Review
12802,1,debt_consolidation,0.1474,414.45,10.93489109,3.87,677,1829.958333,7810.0,37.5,1.0,0,0,0,Review
12803,1,debt_consolidation,0.1316,405.25,11.33857208,9.4,702,3299.958333,15127.0,45.6,0.0,0,1,0,Approved
12804,1,debt_consolidation,0.1316,324.2,10.69194491,5.21,702,13770.0,7491.0,71.3,0.0,1,0,0,Approved
12805,1,credit_card,0.1537,684.73,10.84534856,11.72,687,5939.958333,43620.0,92.9,0.0,0,0,0,Review
12806,1,credit_card,0.1474,442.08,11.22524339,14.96,692,3270.0,24769.0,90.1,2.0,1,0,0,Review
12807,1,debt_consolidation,0.08,222.49,11.08220409,13.25,757,6510.0,4409.0,12.4,3.0,0,0,0,Approved
12808,1,debt_consolidation,0.1411,313.2,11.51292546,24.34,692,13410.0,46268.0,92.9,1.0,1,0,1,Review
12809,1,credit_card,0.1189,414.55,11.00209984,14.68,737,4230.0,12663.0,34.4,1.0,0,0,0,Approved
12810,1,debt_consolidation,0.1537,139.39,10.23995979,23.83,672,1139.958333,4071.0,78.3,0.0,0,0,0,Review
12811,1,debt_consolidation,0.1682,533.43,11.98292909,22.57,682,3600.041667,15214.0,68.7,0.0,2,0,0,Review
12812,1,home_improvement,0.1095,654.28,11.11167148,18.89,777,8909.958333,12683.0,18.1,0.0,0,0,0,Approved
12813,1,home_improvement,0.1568,385.02,11.15625052,14.97,662,12539.95833,9649.0,50.5,0.0,0,0,1,Review
12814,1,debt_consolidation,0.1635,706.59,11.51288546,20.93,677,4863.0,22739.0,59.5,0.0,0,0,0,Review
12815,1,home_improvement,0.08,150.42,11.03488966,1.2,787,6689.958333,3473.0,10.7,4.0,0,0,0,Approved
12816,1,all_other,0.1284,336.18,10.77895629,4,707,3181.0,7350.0,13.8,3.0,1,0,0,Approved
12817,1,debt_consolidation,0.1474,690.74,11.26446411,15.51,687,8580.0,19367.0,49.9,2.0,0,0,0,Review
12818,1,all_other,0.1253,401.6,10.49127422,24.6,712,4109.958333,13376.0,33.9,2.0,0,0,0,Approved
12819,1,educational,0.1347,379.94,11.71095632,14.28,722,5601.958333,0.0,0,1.0,1,0,1,Approved
12820,1,small_business,0.0963,433.28,10.89673933,18.2,757,4431.958333,18116.0,40.7,0.0,0,0,0,Approved
12821,1,debt_consolidation,0.0768,165.32,10.33946893,0.58,812,6959.958333,1674.0,8.8,1.0,0,0,0,Approved
12822,1,all_other,0.1316,50.66,10.30895266,10.44,682,8220.0,10926.0,72.4,2.0,1,0,0,Review
12823,1,all_other,0.1442,192.55,10.38899537,6.09,672,2279.958333,3805.0,48.8,2.0,0,0,0,Review
12824,1,credit_card,0.1221,333.15,11.22524339,11.02,712,5760.0,9484.0,83.9,0.0,0,0,0,Approved
12825,1,debt_consolidation,0.1726,150.3,10.66895539,12.31,662,2669.958333,9753.0,95.9,1.0,0,0,0,Review
12826,1,small_business,0.1411,410.75,11.42954386,7.63,692,1979.958333,752.0,2.5,2.0,2,0,1,Review
12827,1,all_other,0.1505,138.77,9.998797732,19.75,667,2341.958333,555.0,3.9,2.0,1,0,0,Review
12828,1,all_other,0.1568,328.14,10.59663473,14.1,662,2669.958333,4485.0,25.8,0.0,2,0,1,Review
12829,1,credit_card,0.0932,263.57,10.5865844,24.45,757,8970.0,29576.0,41.1,2.0,0,0,0,Approved
12830,1,debt_consolidation,0.1442,481.36,10.52268675,22.13,682,3329.958333,1840.0,26.7,1.0,0,0,0,Review
12831,1,home_improvement,0.1253,560.56,11.00209984,8.56,727,6599.958333,25409.0,38.1,0.0,0,0,0,Approved
12832,1,debt_consolidation,0.1726,687.06,10.97934285,9.78,677,3482.0,20732.0,96,0.0,0,0,0,Review
12833,1,debt_consolidation,0.1221,266.52,11.1844214,9.87,782,4829.958333,54855.0,10.8,0.0,0,0,0,Approved
12834,1,all_other,0.08,156.69,11.27720313,0.5,782,7622.0,33.0,0.2,2.0,0,0,0,Approved
12835,1,all_other,0.0737,543.3,11.67419361,8.61,762,3570.0,3524.0,8.7,2.0,0,0,0,Approved
12836,1,major_purchase,0.1221,149.92,10.78931908,16.7,712,2430.0,5198.0,41.6,2.0,0,0,0,Approved
12837,1,all_other,0.0932,255.58,10.81408209,14.99,762,3600.0,1575.0,21.9,0.0,0,0,0,Approved
12838,1,debt_consolidation,0.1682,675.68,10.81977828,18.41,667,4890.041667,9246.0,85.6,2.0,0,1,0,Review
12839,1,debt_consolidation,0.1537,209.08,11.38531934,13.24,662,5489.958333,24214.0,68,0.0,0,0,0,Review
12840,1,all_other,0.0932,159.74,10.75363848,5.05,792,5430.0,1767.0,14.7,0.0,0,0,0,Approved
12841,1,debt_consolidation,0.0788,375.37,11.60823564,16.27,762,4793.0,12311.0,24.9,2.0,0,0,0,Approved
12842,1,small_business,0.1347,407.08,11.28978191,23.83,692,6390.0,8762.0,31.9,3.0,0,0,0,Review
12843,1,small_business,0.1316,290.43,10.73639668,7.98,702,3881.0,553.0,2.8,1.0,0,0,0,Approved
12844,1,credit_card,0.1379,68.16,10.88025231,18.07,692,3329.958333,16306.0,95.9,0.0,0,0,0,Review
12845,1,all_other,0.1442,55.02,8.998136761,19.14,682,3779.958333,2816.0,93.9,2.0,0,0,0,Review
12846,1,all_other,0.0963,144.43,10.54534144,0.82,747,6870.0,752.0,27.9,1.0,0,0,1,Approved
12847,1,debt_consolidation,0.1442,524.34,11.00209984,20.64,712,4529.958333,51790.0,96.1,1.0,0,0,1,Approved
12848,1,debt_consolidation,0.1537,519.21,10.59653473,16.89,662,3809.958333,15586.0,83.3,0.0,0,0,0,Review
12849,1,all_other,0.16,140.63,9.775654181,1.7,677,1350.0,301.0,8.9,0.0,0,0,0,Review
12850,1,debt_consolidation,0.1189,596.96,11.1844214,22.3,747,3689.958333,23518.0,32.9,2.0,0,0,0,Approved
12851,1,all_other,0.1537,174.24,10.54534144,0.32,702,3090.0,260.0,10.4,1.0,0,0,0,Approved
12852,1,all_other,0.1505,867.29,11.69524702,3.26,712,3844.0,3173.0,6.2,1.0,1,0,0,Approved
12853,1,all_other,0.1537,313.62,10.46310334,6.27,712,1199.958333,8534.0,29.3,2.0,0,0,0,Approved
12854,1,debt_consolidation,0.1253,234.27,10.12647109,21.08,717,3299.958333,4702.0,61.9,1.0,0,0,0,Approved
12855,1,debt_consolidation,0.16,457.05,10.67359577,11.08,672,2939.958333,2350.0,63.5,0.0,0,0,0,Review
12856,1,small_business,0.0932,287.53,11.62625415,0.43,802,5460.0,1074.0,3.9,1.0,0,0,0,Approved
12857,1,debt_consolidation,0.1474,138.15,10.16600565,14.72,672,3480.0,2229.0,58.7,3.0,0,0,0,Review
12858,1,home_improvement,0.0963,320.95,10.6454249,1.14,752,1859.958333,974.0,4.5,1.0,0,0,0,Approved
12859,1,all_other,0.16,351.58,11.38504664,11.85,662,2639.958333,12125.0,69.3,2.0,0,0,0,Review
12860,1,small_business,0.1565,699.73,11.00209984,20.74,742,6692.0,24030.0,82.9,3.0,0,0,0,Approved
12861,1,all_other,0.1663,354.7,10.16585182,4.62,687,1229.958333,5785.0,54.6,1.0,0,0,1,Review
12862,1,all_other,0.1442,51.58,11.00209984,12.04,667,3719.958333,2287.0,47.6,1.0,0,0,1,Review
12863,1,credit_card,0.1316,216.13,11.28978191,17.16,697,4950.0,22630.0,53.9,1.0,0,0,0,Review
12864,1,all_other,0.1379,306.68,11.28978191,0.09,697,2853.0,3230.0,10.3,0.0,1,0,0,Review
12865,1,all_other,0.08,313.37,12.10071213,7.26,772,13830.0,22141.0,15.2,1.0,0,0,0,Approved
12866,1,debt_consolidation,0.0963,449.32,11.73606902,7.81,747,7530.0,17649.0,58.1,0.0,0,0,0,Approved
12867,1,all_other,0.0963,307.31,10.95073637,10.72,717,1440.0,8305.0,26.9,0.0,0,0,0,Approved
12868,1,credit_card,0.1411,684.58,11.60823564,13.18,702,5579.958333,25277.0,80.8,0.0,1,0,0,Approved
12869,1,debt_consolidation,0.0768,86.56,9.823361508,4.55,762,4590.0,1223.0,6.6,1.0,0,0,0,Approved
12870,1,debt_consolidation,0.1411,123.23,10.51867319,3.31,697,3659.958333,3437.0,90.4,1.0,1,0,0,Review
12871,1,small_business,0.1284,504.27,11.35040654,11.92,722,5489.958333,27662.0,73.4,0.0,0,0,0,Approved
12872,1,debt_consolidation,0.1505,143.97,9.392661929,5.8,682,1260.0,1950.0,67.2,0.0,0,0,0,Review
12873,1,small_business,0.1411,123.23,10.30895266,0.04,727,6239.958333,1.0,0,0.0,0,1,0,Approved
12874,1,debt_consolidation,0.1316,67.55,10.1266311,9.55,687,5249.958333,635.0,42.3,0.0,0,0,1,Review
12875,1,debt_consolidation,0.1537,334.53,11.15625052,17.04,667,5580.958333,22875.0,86,0.0,0,0,0,Review
12876,1,credit_card,0.0963,320.95,10.77895629,13.8,742,5249.958333,9660.0,60.4,2.0,0,0,0,Approved
12877,1,debt_consolidation,0.0768,249.53,10.81977828,11.59,722,2130.0,9287.0,27.9,2.0,0,0,0,Approved
12878,1,debt_consolidation,0.0932,255.58,10.69194491,15.16,762,9300.0,24142.0,49.4,0.0,0,0,0,Approved
12879,1,home_improvement,0.1347,223.89,10.54534144,11.34,687,1650.0,2415.0,14.3,2.0,0,0,0,Review
12880,1,debt_consolidation,0.08,313.37,11.3736634,4.9,797,5899.958333,33850.0,57.9,3.0,0,0,0,Approved
12881,1,home_improvement,0.0774,280.97,11.77535127,1.68,777,5352.958333,6638.0,40.7,0.0,0,0,0,Approved
12882,1,major_purchase,0.1537,95.83,11.28978191,3.55,687,1410.0,64.0,1.2,1.0,0,0,0,Review
12883,1,small_business,0.1663,425.64,11.47210347,15.46,672,5219.958333,24249.0,97,1.0,1,0,0,Review
12884,1,all_other,0.08,282.03,10.95080655,9.62,772,5969.958333,57033.0,29.8,0.0,0,0,0,Approved
12885,1,educational,0.0963,48.15,10.08580911,9.8,757,1619.958333,0.0,0,0.0,0,0,0,Approved
12886,1,all_other,0.1253,117.14,11.75978554,19.28,702,11309.95833,16146.0,54.4,3.0,0,0,1,Approved
12887,1,major_purchase,0.1189,198.99,10.46321762,11.55,737,1889.958333,1003.0,43.6,2.0,0,0,0,Approved
12888,1,all_other,0.1284,201.71,10.35774282,5.83,742,11069.95833,7699.0,69.4,1.0,0,0,1,Approved
12889,1,debt_consolidation,0.1442,226.93,10.30895266,11.08,697,1199.958333,6593.0,55.9,2.0,0,0,0,Review
12890,1,major_purchase,0.1505,104.08,10.63585545,18.95,662,2370.0,4285.0,44.6,3.0,1,0,0,Review
12891,1,debt_consolidation,0.1322,676.02,11.26446411,0.65,727,1698.958333,5142.0,27.2,0.0,0,0,1,Approved
12892,1,debt_consolidation,0.1253,127.18,10.51856508,12.36,732,3749.958333,168.0,56,0.0,0,0,0,Approved
12893,1,debt_consolidation,0.1284,215.16,10.1266311,15.07,702,2430.0,4072.0,23.8,0.0,0,0,0,Approved
12894,1,debt_consolidation,0.1632,439.66,10.66886237,12.5,667,1470.0,7722.0,82.1,2.0,0,0,0,Review
12895,1,home_improvement,0.1284,672.36,10.6454249,1.49,752,3900.0,1954.0,6.4,5.0,0,0,0,Approved
12896,1,debt_consolidation,0.1253,133.87,11.31442574,20.91,702,4590.0,36462.0,81,1.0,0,0,0,Approved
12897,1,educational,0.1253,602.4,11.58988651,11.67,727,8220.0,14191.0,61.2,1.0,0,0,0,Approved
12898,1,all_other,0.0737,111.77,10.694079,12.38,772,2010.0,1060.0,8.6,2.0,0,0,0,Approved
12899,1,debt_consolidation,0.08,188.02,10.57131693,6.65,752,2880.0,4487.0,11.1,0.0,0,0,0,Approved
12900,1,debt_consolidation,0.1189,281.9,10.71441777,17.04,732,3719.958333,14439.0,32.2,1.0,0,0,0,Approved
12901,1,all_other,0.1189,50.58,11.5002049,8.12,677,3359.958333,36192.0,84.6,0.0,0,0,1,Review
12902,1,all_other,0.1284,168.09,10.97002421,0.23,767,3630.0,11.0,0.1,0.0,0,0,1,Approved
12903,1,debt_consolidation,0.1221,333.15,10.46310334,9.53,717,3540.0,9985.0,52.3,0.0,0,0,0,Approved
12904,1,home_improvement,0.1379,272.61,12.06155541,2.44,687,5377.0,14324.0,53.4,2.0,0,0,0,Review
12905,1,major_purchase,0.1442,51.58,10.93596004,19.85,672,4320.0,15198.0,84,0.0,0,0,0,Review
12906,1,all_other,0.0963,481.42,10.77895629,12.57,712,8159.958333,10.0,0.1,0.0,0,0,0,Approved
12907,1,debt_consolidation,0.1663,141.0,11.47210347,18.46,682,11490.0,39502.0,87.6,0.0,0,0,0,Review
12908,1,debt_consolidation,0.1284,504.27,10.91508846,14.99,712,6629.958333,9483.0,57.8,0.0,0,0,0,Approved
12909,1,all_other,0.0963,304.9,10.91508846,9.16,747,7049.958333,28962.0,66.9,0.0,0,0,0,Approved
12910,1,all_other,0.0768,124.77,10.49957302,0.93,742,1919.958333,1410.0,67.1,0.0,0,0,0,Approved
12911,1,all_other,0.1442,110.03,10.57131693,3.82,687,1859.958333,6039.0,28.1,2.0,0,0,0,Review
12912,1,debt_consolidation,0.16,421.89,10.81985828,11.33,662,2730.0,11660.0,67,2.0,0,0,0,Review
12913,1,all_other,0.1189,497.46,11.77528973,7.31,747,3150.0,9642.0,30,0.0,0,0,0,Approved
12914,1,all_other,0.08,31.34,10.1266311,9.26,742,1979.958333,3106.0,31.4,0.0,0,0,0,Approved
12915,1,all_other,0.08,175.49,11.22524339,13.31,782,5490.0,0.0,0,1.0,0,0,0,Approved
12916,1,debt_consolidation,0.1221,399.78,11.00209984,17.32,727,3990.0,19817.0,61.4,2.0,0,0,0,Approved
12917,1,credit_card,0.1221,326.49,11.17043516,10.48,722,6390.0,9630.0,36.6,0.0,0,1,0,Approved
12918,1,all_other,0.1411,246.45,10.66886237,13.62,702,3449.958333,1621.0,40.5,1.0,0,0,0,Approved
12919,1,all_other,0.1189,212.25,11.00209984,1.62,797,9120.958333,3391.0,6.2,2.0,0,0,0,Approved
12920,1,all_other,0.08,188.02,11.28978191,7.75,757,3059.958333,12454.0,29.8,0.0,0,0,0,Approved
12921,1,small_business,0.1221,116.61,11.12732181,17.82,727,6719.958333,53059.0,89.9,3.0,0,0,0,Approved
12922,1,debt_consolidation,0.1474,345.37,11.73610102,9.34,677,5762.0,12403.0,39.8,2.0,1,0,0,Review
12923,1,all_other,0.0768,155.96,10.37349118,15,782,3485.0,695.0,8.2,0.0,0,0,0,Approved
12924,1,small_business,0.1221,273.19,10.4341158,8.72,732,3480.0,6383.0,48.7,1.0,0,0,0,Approved
12925,1,all_other,0.1392,109.24,11.1844214,2.2,677,5550.0,2596.0,12.5,3.0,0,0,0,Review
12926,1,debt_consolidation,0.1284,252.14,10.46321762,21.36,707,3419.958333,10638.0,61.8,0.0,0,0,0,Approved
12927,1,all_other,0.1474,41.45,9.814656339,2.56,687,1470.0,1716.0,71.5,0.0,0,0,0,Review
12928,1,all_other,0.1379,85.19,10.15812977,14.93,677,5430.0,1838.0,73.5,0.0,0,0,0,Review
12929,1,home_improvement,0.0932,319.47,12.01971897,15.02,752,12033.0,56153.0,44.3,1.0,0,0,0,Approved
12930,1,debt_consolidation,0.1316,287.05,10.37349118,3.9,697,2250.958333,9172.0,44.7,0.0,0,0,0,Review
12931,1,debt_consolidation,0.1316,202.63,11.15625052,23.91,692,2130.0,22713.0,43.1,1.0,0,0,0,Review
12932,1,all_other,0.1284,33.62,10.08580911,24.35,687,3480.0,2533.0,38.4,0.0,0,1,0,Review
12933,1,small_business,0.0932,95.85,10.08580911,0.95,762,6544.0,1870.0,5.5,0.0,0,0,0,Approved
12934,1,all_other,0.0768,187.15,12.20609265,5.61,712,3840.0,7926.0,49.8,3.0,0,0,0,Approved
12935,1,all_other,0.08,250.69,10.52002363,12.63,712,5219.958333,12269.0,19.3,2.0,0,0,0,Approved
12936,1,debt_consolidation,0.1284,181.54,10.46310334,23.07,707,1499.958333,7828.0,23.9,2.0,0,0,0,Approved
12937,1,debt_consolidation,0.1347,305.31,11.1844214,12.85,687,3510.0,8081.0,58.1,0.0,1,0,0,Review
12938,1,debt_consolidation,0.0932,255.58,11.08214255,1.94,782,4650.0,3845.0,25.6,0.0,0,0,0,Approved
12939,1,debt_consolidation,0.1221,499.73,11.29725393,3.48,742,6780.0,11774.0,44.4,0.0,0,0,0,Approved
12940,1,debt_consolidation,0.16,285.66,11.08214255,15.88,702,5549.958333,21438.0,90.6,1.0,0,1,1,Approved
12941,1,debt_consolidation,0.08,156.69,10.91501573,7.53,762,5219.958333,6576.0,25.2,0.0,0,0,0,Approved
12942,1,home_improvement,0.1568,192.51,11.12726298,11.42,662,3779.958333,10311.0,88.9,0.0,1,1,0,Review
12943,1,debt_consolidation,0.1411,198.53,11.35040654,4.62,687,2010.0,6419.0,45.5,0.0,0,0,0,Review
12944,1,home_improvement,0.1221,666.3,11.66137995,9.22,807,7439.958333,0.0,0,2.0,0,0,0,Approved
12945,1,debt_consolidation,0.1284,605.13,10.31374118,12.74,727,3510.0,22099.0,84.7,0.0,0,0,0,Approved
12946,1,credit_card,0.2086,902.54,11.69065315,20.92,667,6300.041667,45414.0,98.3,0.0,1,0,0,Review
12947,1,all_other,0.0768,77.98,11.05089001,14.74,747,7079.958333,27222.0,42.9,1.0,0,0,0,Approved
12948,1,debt_consolidation,0.0963,346.62,11.58058411,9.41,737,10170.0,4229.0,7.1,0.0,0,0,0,Approved
12949,1,small_business,0.1474,268.53,10.4341158,13.59,677,2040.0,22556.0,73,0.0,0,0,0,Review
12950,1,credit_card,0.1221,506.39,10.858999,19.32,737,3991.0,32709.0,53.6,0.0,0,0,0,Approved
12951,1,all_other,0.1221,263.19,10.81977828,7.25,737,4109.958333,2140.0,6,3.0,0,0,0,Approved
12952,1,all_other,0.0963,192.57,11.17883639,9.49,777,3419.958333,257.0,3.6,0.0,0,0,0,Approved
12953,1,all_other,0.1379,238.53,11.15625052,21.53,682,1890.958333,8299.0,58.9,0.0,0,0,0,Review
12954,1,debt_consolidation,0.0932,325.86,11.57119437,0.17,767,4409.958333,9943.0,10.9,0.0,0,0,0,Approved
12955,1,debt_consolidation,0.08,313.37,10.34817337,7.62,772,3510.0,944.0,19.7,2.0,0,0,1,Approved
12956,1,debt_consolidation,0.1537,139.39,9.996431298,1.91,662,2760.0,370.0,21.8,1.0,0,0,0,Review
12957,1,debt_consolidation,0.1189,464.3,10.37349118,17.81,737,5790.0,4577.0,16.2,2.0,0,0,0,Approved
12958,1,debt_consolidation,0.16,215.34,11.1123882,16.25,667,4859.958333,5636.0,49.9,2.0,1,0,0,Review
12959,1,debt_consolidation,0.1316,202.63,10.7701888,20.02,687,3240.0,18634.0,70.6,1.0,0,0,0,Review
12960,1,credit_card,0.1379,115.86,11.05089001,20.11,692,3990.0,18212.0,56.4,1.0,0,0,0,Review
12961,1,all_other,0.0963,115.54,11.31812639,0.58,762,1499.958333,849.0,1.9,0.0,0,0,0,Approved
12962,1,educational,0.1221,233.21,9.210340372,0,717,1334.0,0.0,0,2.0,0,0,0,Approved
12963,1,all_other,0.1253,200.8,10.89673933,6.36,742,2790.0,1510.0,50.3,1.0,0,0,0,Approved
12964,1,all_other,0.0737,111.77,10.6454249,6.57,772,4529.958333,2521.0,22.1,0.0,0,0,0,Approved
12965,1,debt_consolidation,0.08,238.16,10.40426284,12.29,777,8310.0,1805.0,8.7,2.0,0,0,0,Approved
12966,1,debt_consolidation,0.0963,481.42,11.22524339,24.5,787,6540.0,5544.0,11.3,0.0,0,0,0,Approved
12967,1,debt_consolidation,0.1758,790.73,12.21602298,14.03,667,3540.0,31008.0,79.8,3.0,0,0,1,Review
12968,1,small_business,0.1221,266.52,10.46310334,1.3,732,1652.0,2722.0,36.8,2.0,0,0,0,Approved
12969,1,debt_consolidation,0.1189,397.97,11.46154796,1.92,742,6904.0,14989.0,25,1.0,0,0,0,Approved
12970,1,home_improvement,0.1379,340.76,10.49127422,12.3,732,8130.958333,6729.0,97.5,1.0,0,0,1,Approved
12971,1,debt_consolidation,0.1474,448.98,10.46310334,16.39,677,2790.0,21124.0,87.3,3.0,0,0,0,Review
12972,1,all_other,0.1568,367.52,11.00209984,14.42,677,5490.0,24151.0,61.1,3.0,0,0,0,Review
12973,1,debt_consolidation,0.1316,506.56,10.34174248,13.16,757,6450.0,4923.0,70.3,2.0,0,0,0,Approved
12974,1,debt_consolidation,0.1411,513.44,11.05089001,22.67,702,3150.0,26803.0,92.7,0.0,0,0,0,Approved
12975,1,educational,0.1284,228.61,9.903487553,14.58,687,2249.0,7783.0,84.6,0.0,0,0,0,Review
12976,1,debt_consolidation,0.0932,415.31,11.40756495,8.51,782,4230.0,9957.0,29.6,0.0,0,0,0,Approved
12977,1,all_other,0.08,250.69,11.51288546,4.32,712,7109.958333,5262.0,28.4,0.0,1,0,0,Approved
12978,1,small_business,0.1221,533.04,10.96819829,7.49,772,3719.958333,10144.0,15.6,0.0,0,0,0,Approved
12979,1,all_other,0.0963,256.76,10.83958091,0.24,792,3389.958333,132.0,6.6,3.0,0,0,0,Approved
12980,1,small_business,0.1316,515.0,11.1844214,17.68,722,5310.0,6759.0,0,3.0,0,0,0,Approved
12981,1,credit_card,0.0932,76.68,10.90595598,4.69,737,5609.958333,2184.0,72.1,1.0,0,0,0,Approved
12982,1,home_improvement,0.1347,508.84,10.6454249,14.34,712,4559.958333,8644.0,47,0.0,0,0,0,Approved
12983,1,credit_card,0.0963,102.71,10.63933496,19.58,717,8340.0,6479.0,38.1,1.0,0,0,0,Approved
12984,1,home_improvement,0.08,338.43,11.81303006,6.82,792,4710.0,10232.0,19.1,2.0,0,0,0,Approved
12985,1,debt_consolidation,0.1442,343.83,10.91508846,23.41,682,3419.958333,20344.0,86,0.0,0,0,0,Review
12986,1,small_business,0.1316,378.23,11.06350847,4.25,732,5219.958333,8897.0,19.1,3.0,0,0,1,Approved
12987,1,credit_card,0.1442,469.33,11.06563786,22.43,682,3510.0,34847.0,68.1,1.0,1,0,0,Review
12988,1,home_improvement,0.1316,324.2,9.998797732,16.36,732,4139.958333,11246.0,93.7,0.0,0,0,0,Approved
12989,1,credit_card,0.1379,163.57,11.25609586,16.93,677,4980.0,19146.0,33.9,3.0,0,0,0,Review
12990,1,all_other,0.1253,334.67,11.40756495,20.4,762,12209.95833,28872.0,21.1,1.0,0,0,0,Approved
12991,1,all_other,0.1189,149.24,10.87221892,13.03,722,2729.958333,850.0,14.2,0.0,1,0,0,Approved
12992,1,all_other,0.0963,449.32,11.22524339,1.94,812,3389.958333,45050.0,6.4,0.0,0,0,0,Approved
12993,1,educational,0.16,112.51,9.903487553,6.3,677,1259.958333,1715.0,39.9,0.0,0,0,0,Review
12994,1,credit_card,0.08,156.69,10.4341158,15.85,767,10170.0,5748.0,12.3,0.0,1,0,0,Approved
12995,1,all_other,0.1189,165.82,10.11633831,6.69,717,8489.958333,9764.0,22.7,3.0,0,0,0,Approved
12996,1,debt_consolidation,0.0932,95.85,10.87804719,11.34,782,5279.958333,722.0,3.2,0.0,0,0,0,Approved
12997,1,credit_card,0.1474,621.67,10.93310697,16.33,682,3270.0,18451.0,65.2,2.0,0,0,0,Review
12998,1,educational,0.1411,136.92,11.22524339,15.63,672,4469.958333,6855.0,53.6,0.0,0,0,0,Review
12999,1,credit_card,0.1221,346.48,11.32962743,13.81,722,3150.0,17610.0,76.9,0.0,0,0,0,Approved
13000,1,credit_card,0.1189,58.04,10.8620712,2.65,712,8819.958333,3002.0,5.1,3.0,1,0,0,Approved
13001,1,credit_card,0.0932,247.59,11.30220443,13.11,757,6090.0,18540.0,29.6,0.0,0,0,0,Approved
13002,1,debt_consolidation,0.1758,503.19,11.36210258,21.93,662,3570.0,18991.0,95,0.0,0,1,0,Review
13003,1,debt_consolidation,0.1347,165.38,10.53209621,21.09,692,3510.0,10800.0,54.3,1.0,0,0,0,Review
13004,1,home_improvement,0.1189,464.3,11.58988651,11.34,732,3719.958333,47016.0,37.1,0.0,0,0,0,Approved
13005,1,debt_consolidation,0.1347,254.42,11.08214255,13.75,722,7140.0,40310.0,66.7,1.0,0,0,0,Approved
13006,1,all_other,0.1347,409.62,11.63539085,10.02,707,4169.958333,20460.0,39.8,1.0,0,0,0,Approved
13007,1,home_improvement,0.0963,256.76,10.71441777,1.28,777,2550.0,25.0,0.1,0.0,0,0,0,Approved
13008,1,educational,0.1568,87.51,10.3768605,23.88,667,1499.958333,8072.0,92.8,1.0,0,0,1,Review
13009,1,debt_consolidation,0.1726,521.56,12.10071213,12.12,677,6961.0,67579.0,61,0.0,1,0,0,Review
13010,1,credit_card,0.1347,271.39,10.55093105,12.59,687,3420.958333,5545.0,60.9,3.0,0,1,1,Review
13011,1,debt_consolidation,0.1347,106.01,10.81977828,21.62,682,11429.95833,13427.0,30,0.0,0,0,0,Review
13012,1,debt_consolidation,0.1316,324.2,10.46310334,16.15,697,4204.0,14852.0,79.4,0.0,0,0,0,Review
13013,1,credit_card,0.0963,481.42,10.6666271,10.49,777,6329.958333,4963.0,15.8,0.0,0,0,0,Approved
13014,1,all_other,0.1379,67.3,11.33260191,13.42,677,5579.958333,11386.0,55,2.0,2,1,0,Review
13015,1,debt_consolidation,0.0932,223.63,10.30895266,11.8,737,2160.0,5842.0,30.9,1.0,0,0,0,Approved
13016,1,debt_consolidation,0.1316,317.44,10.96812932,24.31,712,6359.958333,23802.0,59.2,1.0,0,0,1,Approved
13017,1,small_business,0.1158,594.25,11.49272276,5.08,752,3994.0,7921.0,14.2,0.0,0,0,0,Approved
13018,1,credit_card,0.1474,55.26,9.210340372,18.12,667,1710.0,5704.0,80.3,0.0,0,0,0,Review
13019,1,all_other,0.0963,224.66,10.77895629,10.35,757,5519.958333,2108.0,10.9,1.0,0,0,0,Approved
13020,1,all_other,0.1284,67.24,9.61580548,15.28,707,1290.0,1545.0,18.6,1.0,0,0,0,Approved
13021,1,debt_consolidation,0.1316,405.25,10.44278401,23.06,687,3719.958333,5244.0,27.5,1.0,1,0,0,Review
13022,1,credit_card,0.0932,383.37,10.89673933,6.58,787,5340.0,5300.0,31.2,0.0,0,0,0,Approved
13023,1,debt_consolidation,0.1347,678.46,10.6454249,19.89,722,4169.958333,20563.0,97,0.0,0,0,0,Approved
13024,1,all_other,0.0932,95.85,10.71441777,17.04,737,4950.0,2009.0,14.3,0.0,0,0,0,Approved
13025,1,home_improvement,0.1253,167.34,10.87804719,14.08,707,3809.958333,12053.0,87.3,3.0,0,0,0,Approved
13026,1,home_improvement,0.0932,239.61,10.858999,22.83,757,5010.0,1447.0,6.9,3.0,0,0,0,Approved
13027,1,credit_card,0.0963,417.23,10.93310697,6.81,747,3719.958333,21456.0,27.7,1.0,0,0,0,Approved
13028,1,small_business,0.1095,327.14,11.08214255,11.72,737,2766.958333,1208.0,3.5,2.0,0,0,0,Approved
13029,1,credit_card,0.16,878.94,12.06681058,15.43,687,5249.958333,35010.0,65.7,1.0,0,1,0,Review
13030,1,debt_consolidation,0.1379,579.29,10.81977828,16,707,3210.0,17613.0,76.6,2.0,0,0,0,Approved
13031,1,small_business,0.16,158.21,10.37349118,17.48,672,1320.0,1404.0,93.6,3.0,0,0,0,Review
13032,1,credit_card,0.08,172.35,11.00874438,22.45,752,4234.0,14026.0,51.4,0.0,0,0,0,Approved
13033,1,all_other,0.0963,32.1,8.612503371,3.71,767,1650.0,566.0,8.6,0.0,0,0,0,Approved
13034,1,debt_consolidation,0.1411,616.12,10.91508846,14.49,692,2580.958333,19976.0,81.2,2.0,0,0,0,Review
13035,1,all_other,0.0963,96.29,10.30895266,0.68,717,2820.0,893.0,38.8,0.0,0,0,0,Approved
13036,1,all_other,0.1379,170.38,10.79949394,0.73,687,8549.958333,2987.0,49.8,0.0,0,0,0,Review
13037,1,all_other,0.1189,198.99,11.3736634,19.38,727,5609.958333,42987.0,89,1.0,0,0,1,Approved
13038,1,debt_consolidation,0.1726,629.81,11.17717297,11.65,667,4799.958333,27914.0,88.6,0.0,2,0,0,Review
13039,1,credit_card,0.08,101.85,10.59663473,10.26,747,7560.0,18467.0,30.9,3.0,0,0,0,Approved
13040,1,all_other,0.1537,348.47,11.23848862,12.55,667,1407.0,5466.0,42.4,2.0,0,0,0,Review
13041,1,all_other,0.1316,324.2,11.6351431,0,737,8429.958333,17533.0,95.8,0.0,0,0,0,Approved
13042,1,all_other,0.0768,99.81,10.95960979,9.24,747,3120.0,3176.0,22.7,1.0,0,0,0,Approved
13043,1,credit_card,0.1158,792.33,11.39184199,22.69,752,4889.958333,27806.0,32.3,1.0,0,0,0,Approved
13044,1,all_other,0.08,282.03,11.31208142,8.98,777,10019.95833,38216.0,50.4,0.0,0,0,0,Approved
13045,1,all_other,0.1287,807.2,12.10342002,15.35,722,2940.0,89832.0,43.6,1.0,0,0,0,Approved
13046,1,all_other,0.0932,185.3,10.6454249,9.97,712,5639.958333,2953.0,88,0.0,0,0,0,Approved
13047,1,home_improvement,0.1126,690.13,12.50617724,7.26,757,7739.958333,129705.0,62,2.0,0,0,0,Approved
13048,1,small_business,0.1189,472.59,11.38452375,12.2,752,4889.958333,39.0,0.3,3.0,0,0,0,Approved
13049,1,home_improvement,0.0768,109.17,11.05089001,18.46,752,7799.958333,2733.0,7.6,0.0,0,0,0,Approved
13050,1,debt_consolidation,0.1253,359.77,10.12647109,14.74,697,1979.958333,15175.0,53.2,3.0,0,0,0,Review
13051,1,all_other,0.1379,136.31,9.903487553,24.72,682,2579.958333,7231.0,95.1,0.0,0,0,0,Review
13052,1,major_purchase,0.0768,46.79,10.04342339,4.33,747,4620.0,2413.0,10.3,2.0,0,0,0,Approved
13053,1,debt_consolidation,0.1221,99.95,10.30895266,9.88,702,5040.0,5431.0,86.2,2.0,0,0,1,Approved
13054,1,debt_consolidation,0.1426,140.66,10.30895266,15.84,667,4709.958333,3825.0,83.2,3.0,0,0,0,Review
13055,1,debt_consolidation,0.0963,385.14,11.5228758,15.15,752,4350.0,19326.0,25,2.0,0,0,0,Approved
13056,1,debt_consolidation,0.1411,684.58,12.15477935,21.4,682,5430.0,12531.0,30.1,2.0,0,0,0,Review
13057,1,credit_card,0.0963,224.66,11.54334797,16.33,732,6218.0,28365.0,44.7,1.0,0,0,0,Approved
13058,1,home_improvement,0.1253,133.87,10.858999,1.34,742,1770.0,2386.0,11.3,4.0,0,0,1,Approved
13059,1,small_business,0.1221,359.81,10.30895266,0.4,762,1800.0,256.0,0.4,2.0,0,0,0,Approved
13060,1,debt_consolidation,0.1218,319.68,10.71441777,3.84,752,1982.041667,0.0,0,5.0,0,0,0,Approved
13061,1,all_other,0.1221,283.18,10.1266311,18.48,702,3313.0,2284.0,4.7,2.0,2,0,1,Approved
13062,1,home_improvement,0.1253,93.71,10.77895629,10.63,752,2070.0,185.0,1.3,1.0,0,0,0,Approved
13063,1,credit_card,0.0768,109.17,11.49272276,10.1,752,4414.0,78031.0,44.1,0.0,0,0,0,Approved
13064,1,small_business,0.1126,492.95,11.42954386,9.57,732,6090.0,13119.0,11.8,0.0,0,0,0,Approved
13065,1,all_other,0.1158,825.34,11.1844214,5.88,752,3480.0,8898.0,29.1,1.0,0,0,1,Approved
13066,1,debt_consolidation,0.1126,279.34,10.1266311,18.82,712,2850.0,10579.0,47.2,1.0,0,0,0,Approved
13067,1,all_other,0.0963,96.29,10.858999,6.83,722,5040.0,2936.0,43.2,1.0,1,0,0,Approved
13068,1,debt_consolidation,0.1284,268.95,11.08980542,17.11,702,5173.958333,7095.0,54.6,2.0,0,0,0,Approved
13069,1,small_business,0.16,281.26,11.15625052,17.21,752,4380.0,26596.0,35.6,7.0,0,0,0,Approved
13070,1,all_other,0.0932,95.85,10.37361617,2.92,732,6126.0,1836.0,27,1.0,0,0,0,Approved
13071,1,debt_consolidation,0.1158,792.33,10.75798798,14.53,747,5370.0,17524.0,32.4,2.0,0,0,0,Approved
13072,1,credit_card,0.0963,192.57,11.22524339,18.67,732,5700.0,7849.0,40.5,1.0,0,0,0,Approved
13073,1,small_business,0.1126,65.73,10.51867319,0.91,742,1559.958333,1219.0,10.3,2.0,0,0,0,Approved
13074,1,educational,0.1158,290.52,11.53566495,10.71,707,4680.0,52141.0,73.3,1.0,0,0,0,Approved
13075,1,debt_consolidation,0.1158,297.13,10.68510338,14.03,707,6090.0,7693.0,72.6,3.0,0,0,1,Approved
13076,1,credit_card,0.0963,96.29,11.22524339,6.18,722,3600.0,25055.0,78.1,1.0,0,0,0,Approved
13077,1,debt_consolidation,0.0932,223.63,11.00209984,8.34,747,3960.0,3337.0,20.2,1.0,0,0,0,Approved
13078,1,debt_consolidation,0.1347,237.46,10.858999,9.65,692,3678.0,17349.0,63.3,0.0,0,0,0,Review
13079,1,home_improvement,0.0963,80.24,10.49127422,22.1,717,3990.0,2307.0,46.1,0.0,0,0,0,Approved
13080,1,debt_consolidation,0.1537,871.16,11.16902571,17.69,697,5639.958333,25700.0,92.2,0.0,0,0,0,Review
13081,1,debt_consolidation,0.1316,337.71,11.81303006,9.98,682,5760.0,24810.0,71.3,3.0,1,0,0,Review
13082,1,debt_consolidation,0.1095,425.28,10.84099168,5.69,757,6810.0,13625.0,41.2,0.0,0,0,0,Approved
13083,1,all_other,0.1126,32.87,10.96819829,15.41,707,5279.958333,16302.0,71.8,3.0,0,0,0,Approved
13084,1,home_improvement,0.1095,163.57,11.35035948,6.54,712,1979.958333,1496.0,17.2,2.0,0,0,0,Approved
13085,1,debt_consolidation,0.0932,364.2,11.58988651,5.48,787,4499.958333,22602.0,36.3,1.0,0,0,0,Approved
13086,1,all_other,0.1158,99.05,10.81977828,3.89,732,1650.0,9.0,0.2,1.0,0,0,0,Approved
13087,1,debt_consolidation,0.1253,184.07,10.34161344,15.21,687,1800.0,3795.0,32.7,0.0,0,0,0,Review
13088,1,small_business,0.1221,283.18,10.91508846,23.26,697,3029.958333,6130.0,37.6,0.0,0,0,0,Review
13089,1,credit_card,0.1474,797.8,12.01370075,20.67,697,6719.958333,80602.0,91.7,0.0,0,0,1,Review
13090,1,home_improvement,0.1379,681.51,11.65268741,16.57,687,3329.958333,71046.0,51.7,0.0,0,0,0,Review
13091,1,debt_consolidation,0.1221,166.58,10.08580911,14.05,692,8769.0,5122.0,73.2,0.0,0,1,1,Review
13092,1,all_other,0.1095,49.08,11.48242502,7.56,707,5130.0,9906.0,46.1,0.0,0,0,0,Approved
13093,1,credit_card,0.1126,492.95,11.8493977,13.52,747,4919.958333,29790.0,15.6,0.0,0,0,0,Approved
13094,1,all_other,0.1221,299.84,10.46310334,23.17,697,4620.0,3723.0,39.4,0.0,0,1,1,Review
13095,1,debt_consolidation,0.1221,333.15,10.93310697,12.64,702,7500.0,5745.0,35.9,2.0,0,1,0,Approved
13096,1,credit_card,0.1253,334.67,10.97164063,22.95,697,2609.958333,16047.0,78.7,0.0,0,0,0,Review
13097,1,small_business,0.1347,305.31,10.4392204,9.83,702,7290.0,4475.0,87.7,3.0,0,1,0,Approved
13098,1,home_improvement,0.08,313.37,10.81985828,1.03,807,3390.958333,2161.0,13.2,0.0,0,0,0,Approved
13099,1,major_purchase,0.1316,121.58,10.1266311,9.79,697,1680.0,1898.0,34.5,3.0,0,0,0,Review
13100,1,debt_consolidation,0.1158,429.18,10.96819829,9.43,722,4320.0,12174.0,59.6,1.0,0,0,0,Approved
13101,1,all_other,0.0963,385.14,11.19547123,9.26,752,2969.958333,4087.0,23.4,0.0,0,0,1,Approved
13102,1,all_other,0.08,188.02,10.91508846,13.11,787,4321.0,66430.0,3.2,0.0,0,0,0,Approved
13103,1,home_improvement,0.1253,259.37,10.71441777,11.01,767,2580.0,1786.0,4.3,7.0,0,0,0,Approved
13104,1,all_other,0.1221,233.21,9.61580548,2.4,717,1320.0,3956.0,38.8,0.0,0,0,0,Approved
13105,1,debt_consolidation,0.1126,607.98,11.21446552,8.73,742,3570.0,19892.0,17.3,0.0,0,0,0,Approved
13106,1,major_purchase,0.08,219.36,10.69098991,16.27,757,5249.958333,14335.0,35.3,0.0,0,0,1,Approved
13107,1,debt_consolidation,0.1095,327.14,10.40092394,24.88,727,3726.958333,10462.0,33.9,1.0,0,0,0,Approved
13108,1,debt_consolidation,0.1474,697.65,10.32127641,10.19,692,2940.0,20167.0,89.6,0.0,0,0,0,Review
13109,1,all_other,0.0963,160.48,11.15619338,16.17,732,7680.0,9604.0,38.1,0.0,1,0,0,Approved
13110,1,all_other,0.1189,165.82,10.77895629,10.25,702,2940.0,723.0,30.1,3.0,0,1,0,Approved
13111,1,debt_consolidation,0.1253,435.07,11.33857208,17,702,4950.0,14750.0,66.1,1.0,0,0,0,Approved
13112,1,debt_consolidation,0.0963,38.52,10.95080655,16.67,717,2190.0,1203.0,14.9,3.0,0,0,1,Approved
13113,1,major_purchase,0.1284,235.33,10.59653473,8.52,707,3150.0,311.0,6.8,1.0,0,0,0,Approved
13114,1,credit_card,0.1189,414.55,11.1844214,0.25,767,7409.958333,193.0,0.5,2.0,0,0,0,Approved
13115,1,all_other,0.1253,167.34,11.04285783,8.95,687,2790.0,3730.0,66.6,1.0,0,0,0,Review
13116,1,all_other,0.0768,265.13,10.25765937,2.23,712,1499.958333,2204.0,19.2,0.0,0,0,0,Approved
13117,1,debt_consolidation,0.1221,106.61,10.22557105,14,687,3981.0,3243.0,24,2.0,0,0,0,Review
13118,1,small_business,0.0963,481.42,11.8493977,10.13,782,15089.95833,3991.0,9.5,1.0,0,0,1,Approved
13119,1,small_business,0.1158,396.17,10.59663473,11.07,717,7230.0,17495.0,60.3,0.0,1,0,0,Approved
13120,1,debt_consolidation,0.1221,266.52,10.97780715,4.94,692,4079.958333,8232.0,42.4,3.0,0,0,0,Review
13121,1,all_other,0.1126,460.09,10.86650919,18.16,727,2910.0,17558.0,52.7,0.0,0,0,0,Approved
13122,1,all_other,0.0932,332.25,11.35040654,5.41,757,5549.958333,21244.0,24.7,0.0,2,0,0,Approved
13123,1,debt_consolidation,0.0963,104.31,8.987196821,13.8,722,4380.0,5136.0,34.9,2.0,0,0,1,Approved
13124,1,credit_card,0.1126,410.8,10.858999,12.21,732,3180.0,12568.0,57.7,2.0,0,0,0,Approved
13125,1,all_other,0.1253,334.67,10.818177,3.37,717,2626.0,8158.0,31.5,0.0,0,0,0,Approved
13126,1,debt_consolidation,0.1253,281.12,10.77895629,17.95,687,4590.0,12964.0,72.4,1.0,0,0,0,Review
13127,1,debt_consolidation,0.1537,296.2,10.29282328,20.65,682,4351.0,11987.0,98.3,1.0,0,1,0,Review
13128,1,debt_consolidation,0.1126,295.77,10.08163374,13.76,722,5400.0,6255.0,34.4,0.0,0,0,0,Approved
13129,1,all_other,0.1095,261.71,10.04966366,14.46,727,3510.0,7251.0,25.6,1.0,0,0,1,Approved
13130,1,all_other,0.1221,106.61,9.61580548,16.88,692,2070.0,6115.0,43.1,3.0,0,0,1,Review
13131,1,debt_consolidation,0.1284,605.13,11.20504069,7.69,717,3217.0,4724.0,78.7,0.0,0,0,0,Approved
13132,1,home_improvement,0.1316,229.64,11.69107165,3.07,692,9929.958333,4820.0,67.9,1.0,0,1,0,Review
13133,1,educational,0.1189,99.5,11.00209984,12.06,692,3749.958333,7482.0,59.9,1.0,1,0,0,Review
13134,1,small_business,0.1221,666.3,11.15625052,18.46,737,9840.0,5801.0,11.8,0.0,0,0,0,Approved
13135,1,debt_consolidation,0.1284,336.18,11.03495418,19.49,692,5219.958333,10890.0,57,2.0,0,0,0,Review
13136,1,debt_consolidation,0.1126,591.54,11.69524702,5.99,767,6689.958333,15371.0,41.7,4.0,0,0,1,Approved
13137,1,small_business,0.1411,855.73,12.07254125,17.75,707,4260.0,76237.0,44.5,2.0,0,0,1,Approved
13138,1,home_improvement,0.1284,53.79,10.56100756,2.46,682,3180.0,2076.0,83,1.0,0,0,0,Review
13139,1,educational,0.1253,209.17,11.69524702,6.73,687,7869.958333,8186.0,65,2.0,3,0,0,Review
13140,1,credit_card,0.08,156.69,11.68687877,15.76,767,11099.95833,54960.0,24.4,3.0,0,0,0,Approved
13141,1,all_other,0.1126,402.58,10.23981692,14.7,682,1619.958333,7120.0,31.9,0.0,0,0,0,Review
13142,1,all_other,0.1537,501.79,10.70772878,12.59,722,6840.0,19887.0,99.4,0.0,0,0,0,Approved
13143,1,debt_consolidation,0.1392,408.79,11.00209984,23.14,702,7889.958333,15481.0,96.1,1.0,0,0,0,Approved
13144,1,credit_card,0.1347,288.35,11.73606902,14.86,692,8010.0,27648.0,95.5,0.0,0,0,0,Review
13145,1,debt_consolidation,0.1221,373.13,10.41930072,5.55,702,2130.0,14499.0,33.4,1.0,0,0,0,Approved
13146,1,home_improvement,0.1095,490.71,11.08214255,5.7,762,3809.958333,2471.0,15.1,0.0,0,0,0,Approved
13147,1,all_other,0.1126,262.91,10.12647109,0.34,747,6689.958333,350.0,1.7,1.0,0,0,1,Approved
13148,1,major_purchase,0.1221,149.92,9.798127037,9.27,727,7560.0,2143.0,85.7,1.0,0,0,0,Approved
13149,1,home_improvement,0.1158,825.34,11.56171563,13.36,752,4980.0,16101.0,36.9,2.0,0,0,0,Approved
13150,1,debt_consolidation,0.1284,484.1,11.01856357,10.21,697,5310.0,4057.0,28.4,0.0,0,0,0,Review
13151,1,home_improvement,0.1347,325.66,11.70006042,13.99,677,5817.0,19358.0,31.4,2.0,0,0,0,Review
13152,1,home_improvement,0.0768,112.29,11.00209984,0.5,757,3029.958333,2599.0,9.9,2.0,0,0,0,Approved
13153,1,credit_card,0.1221,199.89,10.81134281,23.11,692,3540.0,22811.0,59.9,1.0,0,0,1,Review
13154,1,debt_consolidation,0.1379,613.36,10.81977828,12.91,687,5430.0,6072.0,83.2,3.0,0,1,0,Review
13155,1,educational,0.0751,217.77,10.54534144,17.43,747,1681.041667,2701.0,9.1,0.0,0,0,0,Approved
13156,1,all_other,0.1158,528.22,11.44678566,8.64,727,8789.958333,67595.0,68.8,0.0,0,0,0,Approved
13157,1,all_other,0.0963,256.76,11.15630766,7.56,737,3359.958333,9226.0,58,1.0,0,0,0,Approved
13158,1,all_other,0.1316,50.66,10.6454249,17.26,672,3457.958333,2694.0,72.8,1.0,0,1,1,Review
13159,1,debt_consolidation,0.1284,268.95,10.49127422,8.8,692,1979.958333,3756.0,85.4,0.0,0,0,0,Review
13160,1,credit_card,0.0963,96.29,10.858999,12,742,4020.0,5689.0,30,5.0,0,0,0,Approved
13161,1,debt_consolidation,0.1253,174.03,10.1266311,12.34,697,4529.958333,7548.0,53.9,1.0,0,0,0,Review
13162,1,all_other,0.1221,99.95,10.91501573,11.89,697,2651.958333,3503.0,30.5,0.0,0,0,0,Review
13163,1,debt_consolidation,0.1158,396.17,10.82972862,17.8,717,3329.958333,6908.0,51.9,1.0,0,0,0,Approved
13164,1,home_improvement,0.1474,690.74,11.70501582,15.58,687,10619.95833,33287.0,44.6,1.0,1,0,0,Review
13165,1,all_other,0.1189,636.75,11.46163217,7.58,732,3720.958333,14006.0,20.3,0.0,0,0,0,Approved
13166,1,major_purchase,0.1126,131.46,10.91508846,2.62,742,1537.958333,4109.0,23.2,0.0,0,0,0,Approved
13167,1,all_other,0.1189,397.97,11.07293102,0.41,742,3119.958333,411.0,1.9,1.0,0,0,0,Approved
13168,1,all_other,0.0963,96.29,10.71441777,5.36,742,2279.958333,10222.0,75.3,2.0,0,0,0,Approved
13169,1,all_other,0.1221,183.24,10.4341158,18,697,1710.0,5931.0,31.2,0.0,0,0,0,Review
13170,1,educational,0.1095,91.6,10.08580911,4.15,737,2669.958333,1085.0,4.1,2.0,0,0,0,Approved
13171,1,small_business,0.1189,505.76,11.40756495,9.44,737,3029.958333,5137.0,24.2,0.0,0,0,1,Approved
13172,1,debt_consolidation,0.1126,476.52,11.28983191,10.18,732,4799.958333,25807.0,48.1,0.0,0,0,0,Approved
13173,1,all_other,0.16,84.38,8.476371197,5,702,1320.0,299.0,99.7,0.0,0,0,0,Approved
13174,1,credit_card,0.1221,692.95,11.15625052,16.94,752,6467.0,14337.0,46.7,0.0,0,0,0,Approved
13175,1,all_other,0.0932,89.46,10.1266311,23.28,742,2279.958333,2426.0,21.3,1.0,0,0,0,Approved
13176,1,home_improvement,0.1461,34.48,10.6593278,17.75,677,11217.95833,12161.0,95.8,1.0,0,0,0,Review
13177,1,debt_consolidation,0.1253,184.07,10.91348718,17.55,682,7590.0,19279.0,59.5,1.0,0,0,0,Review
13178,1,debt_consolidation,0.1189,306.77,11.08214255,16.28,747,5204.958333,10111.0,23.7,6.0,1,0,0,Approved
13179,1,small_business,0.1442,171.92,10.46310334,3.26,677,1229.958333,4685.0,27.6,0.0,0,0,0,Review
13180,1,all_other,0.1505,69.39,9.67501734,20.51,687,2040.0,4898.0,98,0.0,0,0,0,Review
13181,1,all_other,0.0963,96.29,10.95080655,8.21,727,6029.958333,2239.0,4.3,1.0,0,0,0,Approved
13182,1,credit_card,0.0768,155.96,11.69524702,7.03,782,5707.0,2660.0,23.7,0.0,0,0,0,Approved
13183,1,small_business,0.1411,367.97,10.3072846,14.98,672,3389.958333,26333.0,77.2,0.0,0,0,0,Review
13184,1,credit_card,0.1347,101.77,10.77895629,7.08,682,1320.0,2660.0,66.5,0.0,0,0,0,Review
13185,1,all_other,0.1284,255.5,10.71441777,0,757,1410.0,0.0,0,0.0,0,0,1,Approved
13186,1,all_other,0.1189,378.07,11.08214255,16.52,712,3150.0,2324.0,16.4,3.0,1,0,0,Approved
13187,1,home_improvement,0.1158,82.54,10.95080655,19.87,697,4590.0,17125.0,39.1,3.0,0,0,0,Review
13188,1,credit_card,0.1379,654.25,11.74799759,11.43,687,5310.0,11043.0,55.8,0.0,2,0,0,Review
13189,1,all_other,0.08,125.35,11.46163217,5.99,777,11970.0,31270.0,48.1,0.0,0,0,0,Approved
13190,1,all_other,0.1379,170.38,10.91508846,19.11,672,2309.958333,21391.0,87.6,1.0,0,0,0,Review
13191,1,debt_consolidation,0.1158,495.21,11.22524339,21.06,722,4919.958333,44880.0,61,3.0,0,0,0,Approved
13192,1,debt_consolidation,0.1189,716.35,10.98529272,6.69,747,2580.0,2357.0,3.4,2.0,0,0,0,Approved
13193,1,educational,0.0932,319.47,10.59663473,5.37,767,4290.0,9580.0,31.5,0.0,0,0,0,Approved
13194,1,major_purchase,0.1158,118.85,10.40426284,23.6,712,1651.958333,10018.0,48.2,2.0,0,0,0,Approved
13195,1,debt_consolidation,0.0963,385.14,11.71993963,8.52,752,4079.958333,14732.0,26,1.0,0,0,0,Approved
13196,1,all_other,0.1158,396.17,11.46167427,3.57,717,2160.0,14927.0,39.4,0.0,0,0,0,Approved
13197,1,credit_card,0.1158,184.88,10.5454467,17.78,712,2460.0,4440.0,87.1,1.0,0,0,0,Approved
13198,1,debt_consolidation,0.1379,306.68,10.74720759,6.76,672,10471.0,7589.0,51.6,0.0,0,0,0,Review
13199,1,debt_consolidation,0.1126,407.51,10.69638957,7.96,722,3749.958333,12656.0,71.9,0.0,0,0,0,Approved
13200,1,small_business,0.1316,506.56,10.81977828,15.36,707,4559.958333,11078.0,50.6,0.0,0,0,0,Approved
13201,1,debt_consolidation,0.0768,212.1,10.54828447,22.98,772,3686.0,3041.0,7.7,3.0,0,0,0,Approved
13202,1,home_improvement,0.08,313.37,11.12197846,6.72,782,6299.958333,3022.0,16.4,1.0,0,0,0,Approved
13203,1,major_purchase,0.0768,112.29,10.71441777,2,762,2940.0,3309.0,14.3,2.0,0,0,0,Approved
13204,1,all_other,0.1095,98.15,10.30895266,13.32,707,3059.958333,7099.0,36,0.0,0,0,0,Approved
13205,1,all_other,0.0932,191.69,10.858999,12.48,742,3420.958333,9608.0,26.8,0.0,0,0,0,Approved
13206,1,home_improvement,0.1126,328.64,10.4341158,14.93,722,4980.0,9528.0,35.8,1.0,0,0,0,Approved
13207,1,all_other,0.0932,223.63,10.59653473,0.3,747,1649.958333,1127.0,11.7,0.0,0,0,0,Approved
13208,1,debt_consolidation,0.0932,204.46,10.59663473,24,737,5430.0,30540.0,54.3,0.0,0,0,0,Approved
13209,1,all_other,0.1158,297.13,11.00209984,15.72,732,1680.0,23.0,0.1,1.0,0,0,0,Approved
13210,1,debt_consolidation,0.1347,576.69,11.08214255,7.03,687,2880.0,18053.0,40.6,2.0,0,0,0,Review
13211,1,debt_consolidation,0.08,206.82,10.59663473,12.39,757,7980.0,11092.0,39.6,0.0,0,0,0,Approved
13212,1,home_improvement,0.1635,254.37,11.31447453,8.97,662,6329.958333,10085.0,33.5,3.0,0,0,0,Review
13213,1,debt_consolidation,0.1126,105.17,10.59653473,0.72,797,4949.958333,24.0,8,5.0,0,0,0,Approved
13214,1,debt_consolidation,0.1316,159.57,9.680344001,14.55,697,3449.958333,8085.0,93.5,0.0,0,0,0,Review
13215,1,debt_consolidation,0.1411,308.06,10.81985828,8.21,672,3449.958333,19696.0,86.8,1.0,0,0,1,Review
13216,1,credit_card,0.0932,159.74,11.21182037,14.43,742,4590.0,1082.0,32.8,0.0,0,0,0,Approved
13217,1,all_other,0.1253,234.27,11.13750448,6.2,722,4139.958333,0.0,0,0.0,1,0,0,Approved
13218,1,all_other,0.1095,147.22,10.62132735,13.26,717,2190.0,3596.0,33,3.0,0,0,0,Approved
13219,1,debt_consolidation,0.1316,506.56,11.12732181,7.01,697,4650.0,14380.0,48.9,1.0,0,0,0,Review
13220,1,debt_consolidation,0.1311,506.18,11.35040654,8.24,697,3205.041667,10670.0,82.7,0.0,0,0,0,Review
13221,1,credit_card,0.1411,684.58,11.1844214,23.62,687,2622.958333,30738.0,76.8,0.0,0,0,0,Review
13222,1,home_improvement,0.1126,821.59,11.33857208,7,772,7170.0,6024.0,39.9,3.0,0,0,1,Approved
13223,1,debt_consolidation,0.1189,198.99,10.81977828,9.77,697,4590.0,15377.0,50.6,1.0,0,0,0,Review
13224,1,credit_card,0.1158,184.88,11.08214255,16.84,707,3749.958333,31983.0,58.3,0.0,0,0,0,Approved
13225,1,small_business,0.1189,663.28,10.78103746,10.55,792,5022.0,53287.0,0.2,5.0,0,0,1,Approved
13226,1,all_other,0.1126,315.49,10.59653473,23.52,717,3359.958333,8405.0,42.6,2.0,0,0,1,Approved
13227,1,debt_consolidation,0.1379,306.68,11.00209984,20.5,682,6810.0,18454.0,83.9,1.0,0,0,0,Review
13228,1,all_other,0.1095,327.14,11.35035948,3.81,777,9420.0,0.0,0,1.0,0,0,0,Approved
13229,1,credit_card,0.1221,199.89,11.77528973,15.14,687,13140.0,1000.0,71.4,2.0,3,0,0,Review
13230,1,debt_consolidation,0.1126,558.68,11.08220409,4.41,762,6570.0,1878.0,7.2,0.0,0,0,0,Approved
13231,1,educational,0.1442,221.77,10.34174248,20.48,672,2070.0,18065.0,87.7,0.0,0,0,0,Review
13232,1,debt_consolidation,0.1284,487.46,10.54534144,18.66,697,4921.958333,13168.0,76.6,1.0,0,0,0,Review
13233,1,credit_card,0.1189,530.63,11.12726298,4.29,712,3059.958333,10601.0,75.7,2.0,0,0,0,Approved
13234,1,all_other,0.1189,315.06,11.08214255,13.85,707,2190.0,10468.0,52.3,1.0,0,0,0,Approved
13235,1,debt_consolidation,0.1189,563.79,10.71441777,19.44,722,3660.0,9583.0,38.5,3.0,0,0,0,Approved
13236,1,credit_card,0.0963,96.29,10.99036458,9.59,717,2969.958333,3221.0,10.1,1.0,2,0,0,Approved
13237,1,educational,0.1126,591.54,11.95632841,7.34,762,3749.958333,70526.0,14.3,1.0,0,0,0,Approved
13238,1,educational,0.0932,151.75,9.740968623,18.28,737,2430.0,842.0,6.4,2.0,0,0,0,Approved
13239,1,all_other,0.08,156.69,11.08214255,3.77,752,4230.0,8946.0,44.1,1.0,0,0,0,Approved
13240,1,debt_consolidation,0.1316,108.07,10.75790288,11,672,3900.0,3371.0,48.2,1.0,0,0,1,Review
13241,1,all_other,0.0963,385.14,10.49127422,15,752,5880.0,20328.0,38.1,0.0,0,0,1,Approved
13242,1,educational,0.1253,117.14,10.49127422,16.23,692,1559.958333,3146.0,40.3,2.0,0,0,0,Review
13243,1,small_business,0.1158,237.7,11.35040654,0.41,757,4770.0,1533.0,16.3,2.0,0,0,0,Approved
13244,1,credit_card,0.1474,189.96,11.50962001,14.35,667,3330.0,18659.0,91,0.0,0,0,0,Review
13245,1,debt_consolidation,0.1158,330.14,11.03488966,24.62,727,9091.0,22607.0,57.4,0.0,0,0,0,Approved
13246,1,major_purchase,0.0932,143.77,11.52682837,6.86,737,6031.958333,2061.0,5,0.0,1,0,0,Approved
13247,1,debt_consolidation,0.16,351.58,10.49127422,20.2,662,4169.958333,25274.0,93.6,0.0,0,0,0,Review
13248,1,all_other,0.08,188.02,10.59663473,13.23,752,3960.0,11965.0,58.9,0.0,0,0,0,Approved
13249,1,debt_consolidation,0.0932,319.47,10.07323033,10.08,747,3540.0,8596.0,29.7,0.0,0,0,0,Approved
13250,1,all_other,0.1221,133.26,9.271999752,13.54,747,1289.958333,21.0,0.2,0.0,0,0,0,Approved
13251,1,debt_consolidation,0.1411,444.98,11.06663836,19.03,687,4020.0,17902.0,94.7,0.0,0,0,0,Review
13252,1,debt_consolidation,0.1126,394.36,11.44518181,15.38,727,5370.0,79083.0,67.3,2.0,0,0,0,Approved
13253,1,home_improvement,0.1158,132.06,10.89673933,3.44,707,3540.0,4833.0,27.6,1.0,0,0,0,Approved
13254,1,small_business,0.1632,346.08,10.81977828,12.41,677,2850.0,13840.0,80.9,2.0,0,0,0,Review
13255,1,debt_consolidation,0.1189,596.96,11.3736634,19.71,717,3089.958333,25525.0,58.4,0.0,0,0,0,Approved
13256,1,debt_consolidation,0.0768,155.96,10.30895266,7.72,777,8250.0,14263.0,21,0.0,0,0,0,Approved
13257,1,home_improvement,0.1158,495.21,10.37349118,4.8,762,2369.958333,15531.0,43.1,5.0,0,0,0,Approved
13258,1,all_other,0.0932,287.53,11.56171563,20.33,762,5340.0,18590.0,22.2,0.0,0,0,0,Approved
13259,1,debt_consolidation,0.1095,327.14,12.34583459,5.4,727,11910.0,10501.0,33,0.0,0,1,0,Approved
13260,1,debt_consolidation,0.0963,449.32,11.59910316,13.06,762,7739.958333,46017.0,9.4,3.0,1,0,0,Approved
13261,1,all_other,0.1158,165.07,10.77895629,0.38,747,3510.0,536.0,7.8,3.0,0,0,0,Approved
13262,1,credit_card,0.1284,201.71,10.46310334,24.27,687,1619.958333,6088.0,40.3,1.0,0,0,0,Review
13263,1,all_other,0.0768,187.15,10.73639668,16.43,777,3839.958333,6694.0,8.7,2.0,0,0,0,Approved
13264,1,debt_consolidation,0.0963,465.37,11.23321156,15.41,747,5669.958333,5270.0,27.6,0.0,0,0,0,Approved
13265,1,home_improvement,0.1284,403.42,11.56171563,9.77,687,5048.0,2670.0,33.4,2.0,0,0,0,Review
13266,1,debt_consolidation,0.1726,465.2,10.81977828,16.08,662,3180.0,27431.0,83.1,1.0,0,0,0,Review
13267,1,all_other,0.1379,102.23,11.00209984,2.18,697,8766.0,5824.0,64.7,1.0,1,0,0,Review
13268,1,debt_consolidation,0.1347,542.77,11.60827201,21.82,687,5015.0,64362.0,47.7,0.0,0,0,0,Review
13269,1,all_other,0.0932,204.46,11.60823564,0,802,7260.0,3006.0,6.8,0.0,0,0,0,Approved
13270,1,debt_consolidation,0.1221,666.3,11.00209984,23.44,717,4949.958333,44887.0,82.1,1.0,0,0,0,Approved
13271,1,small_business,0.1126,315.49,10.91508846,2.9,742,7019.958333,7832.0,75.3,3.0,0,0,0,Approved
13272,1,home_improvement,0.1284,672.36,11.91839057,10.18,707,6629.958333,22139.0,43.8,1.0,0,0,0,Approved
13273,1,all_other,0.1284,188.27,10.30895266,2.08,687,4139.958333,3859.0,38.6,3.0,0,0,1,Review
13274,1,small_business,0.1158,396.17,12.52452638,8.2,717,7469.958333,71644.0,73.3,0.0,0,0,0,Approved
13275,1,all_other,0.0932,159.74,10.20359214,1.56,782,7829.958333,1303.0,23.7,0.0,0,0,0,Approved
13276,1,major_purchase,0.1253,160.64,10.1266311,12.53,692,2850.0,19939.0,69.7,2.0,0,0,0,Review
13277,1,debt_consolidation,0.1095,376.21,10.64026877,20.42,737,3119.958333,5989.0,33.6,0.0,0,0,0,Approved
13278,1,credit_card,0.08,250.69,10.91508846,13.51,772,3089.958333,8507.0,13,2.0,0,0,0,Approved
13279,1,all_other,0.0963,128.38,11.46163217,7.87,722,7890.0,5961.0,13.4,2.0,1,0,0,Approved
13280,1,all_other,0.1316,607.87,10.71774556,18.82,692,1979.958333,17833.0,66.1,1.0,0,0,0,Review
13281,1,all_other,0.1316,236.4,10.50506754,22.32,702,4859.958333,15394.0,95.8,1.0,0,0,0,Approved
13282,1,all_other,0.0894,222.41,9.621787552,12.17,757,4470.0,6103.0,34.5,2.0,0,0,1,Approved
13283,1,debt_consolidation,0.1537,348.47,10.59663473,24.21,662,1728.0,13212.0,71,1.0,0,0,0,Review
13284,1,educational,0.1189,66.33,10.06845099,1.27,702,2884.0,1610.0,19.9,2.0,0,1,1,Approved
13285,1,home_improvement,0.1442,82.52,12.07823927,9.69,662,7680.0,85359.0,72,0.0,1,0,0,Review
13286,1,educational,0.08,75.21,10.89673933,12.42,747,3059.958333,3501.0,7.6,1.0,0,0,0,Approved
13287,1,educational,0.08,31.34,10.30895266,9.04,742,3449.958333,1928.0,7.4,2.0,0,0,0,Approved
13288,1,home_improvement,0.1316,506.56,12.3883942,0.94,742,8459.958333,15083.0,45.7,2.0,0,0,0,Approved
13289,1,credit_card,0.1379,224.9,10.57131693,23.19,667,2279.958333,8799.0,55.1,0.0,0,0,0,Review
13290,1,home_improvement,0.0932,89.46,11.00209984,10.1,782,5613.958333,3185.0,2.9,1.0,0,0,0,Approved
13291,1,small_business,0.1316,151.97,10.96819829,2.13,692,2040.0,4824.0,38.3,0.0,0,0,0,Review
13292,1,all_other,0.1316,135.09,10.71441777,20.64,692,1440.0,13708.0,76.6,1.0,0,0,0,Review
13293,1,all_other,0.1189,198.99,9.998797732,14.73,712,1619.958333,3001.0,53.6,1.0,0,0,0,Approved
13294,1,debt_consolidation,0.1158,759.31,11.19547123,6.38,752,5309.958333,25051.0,30.1,0.0,0,0,0,Approved
13295,1,major_purchase,0.1189,497.46,11.12431747,10.69,717,2880.0,9111.0,27.4,2.0,0,0,0,Approved
13296,1,debt_consolidation,0.1347,508.84,11.21753375,11.24,687,3270.0,7432.0,53.9,0.0,0,0,0,Review
13297,1,debt_consolidation,0.1568,189.01,10.94130541,20.87,677,4050.0,10249.0,96.7,0.0,0,0,0,Review
13298,1,small_business,0.1411,205.38,11.51292546,2.48,667,2999.958333,4148.0,54.6,2.0,0,0,0,Review
13299,1,debt_consolidation,0.1158,726.3,11.35040654,19.82,742,5790.0,36112.0,71.2,3.0,0,0,0,Approved
13300,1,home_improvement,0.1568,533.78,11.02190247,10.98,717,9870.0,27174.0,39.3,1.0,0,0,1,Approved
13301,1,debt_consolidation,0.1189,198.99,10.91508846,6.81,697,4559.958333,9720.0,40.3,0.0,0,0,0,Review
13302,1,small_business,0.1126,492.95,11.15625052,13.39,792,5669.958333,0.0,0,0.0,0,0,0,Approved
13303,1,debt_consolidation,0.1379,408.91,10.79949394,18.64,682,4350.0,46817.0,92.3,1.0,0,1,1,Review
13304,1,educational,0.1126,59.16,10.08580911,8.6,722,1559.958333,2297.0,26.1,1.0,0,0,0,Approved
13305,1,small_business,0.1379,558.84,11.19670673,17.43,682,3839.958333,23831.0,62.7,2.0,0,0,0,Review
13306,1,home_improvement,0.1189,431.14,11.40756495,2.64,727,3540.0,6040.0,27.1,2.0,0,0,0,Approved
13307,1,debt_consolidation,0.0963,189.36,10.04324949,8.19,727,2309.958333,5898.0,57.8,0.0,0,0,0,Approved
13308,1,home_improvement,0.1347,508.84,11.17049149,18.84,682,7920.0,34645.0,61,0.0,0,0,0,Review
13309,1,home_improvement,0.1253,502.0,11.56171563,13.78,707,4410.0,21702.0,46.7,3.0,0,0,0,Approved
13310,1,debt_consolidation,0.1284,268.95,10.71441777,22.51,697,3540.0,13450.0,82,1.0,0,0,0,Review
13311,1,debt_consolidation,0.08,225.62,10.66886237,9.55,752,3180.0,9866.0,58.7,1.0,0,0,0,Approved
13312,1,debt_consolidation,0.1095,163.57,10.08580911,13.45,742,9395.0,5274.0,65.9,0.0,0,0,0,Approved
13313,1,debt_consolidation,0.1316,337.71,10.91537933,15.94,697,5340.0,14588.0,94.1,2.0,0,0,0,Review
13314,1,credit_card,0.1253,100.4,11.00049856,7.97,682,5370.0,24876.0,86.4,1.0,2,0,0,Review
13315,1,debt_consolidation,0.1426,686.12,11.40756495,22.81,687,4505.0,28619.0,74.3,1.0,0,1,1,Review
13316,1,credit_card,0.1126,328.64,11.19821472,6.94,737,6900.0,11821.0,33,0.0,0,0,0,Approved
13317,1,debt_consolidation,0.1347,101.77,10.62132735,5.21,697,5639.958333,5805.0,80.6,0.0,0,1,0,Review
13318,1,debt_consolidation,0.1253,502.0,11.87059991,16.75,702,4799.958333,23252.0,68.6,1.0,0,0,0,Approved
13319,1,major_purchase,0.0932,159.74,12.14950229,7.69,742,5999.958333,15732.0,38,1.0,0,0,0,Approved
13320,1,credit_card,0.1442,388.53,10.94150022,22.29,667,3270.0,16672.0,72.5,0.0,0,0,0,Review
13321,1,debt_consolidation,0.1568,700.04,11.66992921,22.02,702,4889.958333,21873.0,75.2,0.0,0,0,0,Approved
13322,1,all_other,0.1158,396.17,10.46307477,15.39,712,3930.0,16862.0,54.7,2.0,0,0,0,Approved
13323,1,debt_consolidation,0.08,94.01,11.28978191,14.63,757,2040.0,2238.0,3,2.0,0,0,0,Approved
13324,1,home_improvement,0.1221,399.78,11.01856357,18.89,707,4109.958333,17710.0,60.7,1.0,0,0,0,Approved
13325,1,educational,0.0963,160.48,11.60823564,11.81,732,5309.958333,23658.0,46.8,2.0,0,0,0,Approved
13326,1,all_other,0.0932,127.79,11.49272276,2.77,737,3479.958333,12535.0,20,0.0,0,0,0,Approved
13327,1,all_other,0.1095,327.14,9.903887473,0,742,11146.95833,0.0,0,1.0,1,0,0,Approved
13328,1,all_other,0.0963,320.95,10.97678203,24.57,762,8849.958333,23607.0,37.5,4.0,0,0,1,Approved
13329,1,educational,0.0963,102.71,9.811372264,20.26,772,1771.0,6.0,0.3,0.0,0,0,0,Approved
13330,1,credit_card,0.1158,115.55,10.46310334,14.47,702,2160.0,8716.0,51,0.0,0,0,0,Approved
13331,1,all_other,0.1253,334.67,10.43399815,22.56,697,9629.958333,18212.0,72.6,1.0,0,0,1,Review
13332,1,all_other,0.1095,130.86,10.51867319,6.36,722,3690.0,15830.0,52.8,2.0,0,0,0,Approved
13333,1,debt_consolidation,0.0932,319.47,10.6454249,22.18,762,9120.0,4022.0,20.6,0.0,0,0,0,Approved
13334,1,all_other,0.1095,327.14,11.10495723,19.87,732,3419.958333,20545.0,43.2,2.0,0,0,0,Approved
13335,1,all_other,0.1316,84.43,10.49127422,2.2,697,3570.0,2196.0,35.4,1.0,0,0,1,Review
13336,1,educational,0.0932,191.69,10.62132735,17.5,732,7049.958333,19391.0,68,0.0,0,0,0,Approved
13337,1,debt_consolidation,0.1347,678.46,11.69524702,12.8,697,5639.958333,35214.0,81,2.0,0,0,0,Review
13338,1,all_other,0.1221,165.75,10.91508846,14.2,692,1830.0,5284.0,60,0.0,0,0,0,Review
13339,1,all_other,0.1189,198.99,10.1266311,12.67,727,1710.0,6371.0,23.1,1.0,0,0,0,Approved
13340,1,debt_consolidation,0.0963,401.18,11.43820192,2.83,752,4799.958333,12363.0,17.8,1.0,0,0,0,Approved
13341,1,debt_consolidation,0.1221,533.04,11.69524702,7,757,5880.0,9323.0,31.8,6.0,0,0,0,Approved
13342,1,debt_consolidation,0.1284,319.38,11.25208005,8.57,692,2790.0,10573.0,39.7,2.0,0,0,0,Review
13343,1,all_other,0.1189,281.9,11.06657586,18.06,702,3349.958333,3948.0,11.2,3.0,0,0,0,Approved
13344,1,all_other,0.1189,49.75,10.82972862,16.87,687,2314.958333,962.0,64.1,0.0,0,0,0,Review
13345,1,debt_consolidation,0.0932,319.47,11.09741002,13.73,752,4230.0,9956.0,27.1,0.0,0,0,0,Approved
13346,1,major_purchase,0.1158,59.43,10.73630972,17.3,712,2369.958333,7634.0,89.8,0.0,0,0,0,Approved
13347,1,home_improvement,0.1221,666.3,11.08214255,13.85,717,5730.0,5119.0,17.7,1.0,2,0,0,Approved
13348,1,debt_consolidation,0.1253,502.0,11.36214909,9.45,702,9360.0,32239.0,55.5,0.0,1,0,0,Approved
13349,1,credit_card,0.1126,377.93,11.00209984,24.22,732,4933.958333,21354.0,30.5,1.0,0,0,0,Approved
13350,1,debt_consolidation,0.1253,836.66,13.45883561,9.64,727,6810.0,49139.0,86,0.0,0,0,0,Approved
13351,1,educational,0.1505,60.71,9.210340372,15.84,677,2070.0,0.0,,1.0,0,0,0,Review
13352,1,debt_consolidation,0.1126,492.95,11.00209984,14.86,732,4169.958333,16439.0,57.9,0.0,0,0,0,Approved
13353,1,debt_consolidation,0.0963,308.11,10.62132735,6.85,762,4499.958333,12865.0,18.8,2.0,0,0,0,Approved
13354,1,debt_consolidation,0.1411,82.15,9.998615898,10.47,672,4620.0,5873.0,93.2,1.0,0,0,0,Review
13355,1,debt_consolidation,0.1442,247.56,10.87804719,13.86,662,2970.0,16364.0,54.5,0.0,1,0,0,Review
13356,1,credit_card,0.1316,357.97,10.6454249,19.49,692,3479.958333,30869.0,60.1,0.0,0,0,0,Review
13357,1,debt_consolidation,0.1379,340.76,10.62132735,15.78,682,3180.0,8826.0,86.3,0.0,0,0,0,Review
13358,1,all_other,0.1322,40.57,11.21182037,9.75,672,4457.0,8396.0,55.2,0.0,1,0,0,Review
13359,1,all_other,0.1158,528.22,11.12136326,2.2,732,4740.0,6476.0,40.7,1.0,0,0,0,Approved
13360,1,credit_card,0.1095,212.64,10.98529272,13.38,717,2070.0,6678.0,48.4,1.0,0,0,0,Approved
13361,1,all_other,0.1316,118.2,9.83734775,20.83,672,4199.958333,11740.0,83.3,3.0,0,0,0,Review
13362,1,debt_consolidation,0.0932,319.47,10.6214249,7.43,752,4079.958333,11314.0,37.1,2.0,0,0,0,Approved
13363,1,educational,0.1284,336.18,11.51292546,17.26,687,3243.0,6435.0,23,2.0,0,1,0,Review
13364,1,home_improvement,0.1095,588.85,10.89302875,6.69,797,3690.0,77.0,0.7,0.0,0,0,1,Approved
13365,1,educational,0.1347,84.81,9.574983486,16.33,672,3150.0,1159.0,38.6,1.0,0,0,0,Review
13366,1,credit_card,0.1158,660.27,11.49935378,3.93,752,4229.958333,9873.0,9.2,1.0,0,0,1,Approved
13367,1,all_other,0.1189,182.41,10.84941475,18.45,697,3419.958333,11812.0,67.9,1.0,0,0,0,Review
13368,1,debt_consolidation,0.0963,478.21,11.05089001,17.54,767,4589.958333,7504.0,14.9,0.0,0,0,0,Approved
13369,1,debt_consolidation,0.0963,115.54,10.91501573,1.24,722,6359.958333,1919.0,19.8,2.0,0,1,0,Approved
13370,1,major_purchase,0.1114,98.42,10.30895266,1.48,752,2010.041667,471.0,5.2,1.0,0,0,0,Approved
13371,1,debt_consolidation,0.1474,207.23,11.35040654,15.02,667,5939.958333,36120.0,91.2,1.0,0,0,0,Review
13372,1,debt_consolidation,0.1537,317.11,10.55581274,4.97,662,2639.958333,10971.0,67.7,0.0,0,0,0,Review
13373,1,major_purchase,0.1253,257.69,11.47634446,13.43,692,3990.0,16343.0,81.3,2.0,0,0,0,Review
13374,1,small_business,0.1095,471.08,11.28983191,12.4,762,3065.958333,9.0,0,1.0,0,0,0,Approved
13375,1,debt_consolidation,0.1221,374.8,11.15619338,19.01,717,4949.958333,16842.0,81.8,1.0,0,0,0,Approved
13376,1,debt_consolidation,0.0963,417.23,10.95080655,20.74,777,6060.0,59544.0,26.5,2.0,0,0,0,Approved
13377,1,all_other,0.1189,278.58,11.98292909,10.78,702,6990.0,62083.0,43.8,0.0,0,0,0,Approved
13378,1,debt_consolidation,0.0932,191.69,11.00209984,11.32,777,3479.958333,0.0,0,1.0,0,0,0,Approved
13379,1,educational,0.1253,83.67,9.903487553,1.62,707,1740.0,1371.0,21.4,2.0,0,0,0,Approved
13380,1,all_other,0.1221,69.97,10.41930072,0.39,692,2312.958333,569.0,17.2,3.0,0,0,0,Review
13381,1,debt_consolidation,0.1379,190.83,10.46321762,12.89,687,1770.0,8364.0,48.1,1.0,0,0,1,Review
13382,1,all_other,0.1189,215.57,10.58456215,8.47,702,2160.0,7763.0,33.2,1.0,0,1,0,Approved
13383,1,all_other,0.1253,267.73,10.4341158,21.85,687,2084.0,12806.0,38.6,1.0,0,0,1,Review
13384,1,all_other,0.1095,130.86,10.4341158,9,772,5969.958333,16142.0,38.1,0.0,0,0,0,Approved
13385,1,debt_consolidation,0.1316,624.75,10.91508846,21.67,702,4229.958333,24983.0,63.7,1.0,0,0,1,Approved
13386,1,all_other,0.1095,229.0,10.51867319,9.76,717,2160.0,9724.0,50.4,0.0,0,0,0,Approved
13387,1,all_other,0.1126,39.44,11.00209984,5.38,717,5669.958333,27524.0,94.3,1.0,0,0,0,Approved
13388,1,home_improvement,0.0932,319.47,10.96819829,0,797,4559.958333,87.0,0.5,0.0,0,0,0,Approved
13389,1,debt_consolidation,0.1357,679.37,11.49272276,7.8,702,7746.0,24918.0,29.7,1.0,0,0,0,Approved
13390,1,credit_card,0.1189,82.91,11.65268741,8.86,687,11789.95833,32812.0,48.3,0.0,0,0,0,Review
13391,1,all_other,0.1253,267.74,11.00209984,6.26,707,1776.0,0.0,0,0.0,0,0,0,Approved
13392,1,debt_consolidation,0.1158,379.66,10.76308094,23.7,712,3330.0,12050.0,63.1,1.0,0,0,1,Approved
13393,1,home_improvement,0.08,219.36,9.917390458,8.64,767,4529.958333,6332.0,24.3,0.0,0,0,0,Approved
13394,1,educational,0.1253,60.24,10.40571633,13.62,677,3150.0,921.0,51.2,1.0,0,0,0,Review
13395,1,debt_consolidation,0.1126,328.64,11.22524339,20.06,717,4529.958333,3404.0,72.4,2.0,0,0,0,Approved
13396,1,credit_card,0.08,225.62,10.98529272,8.95,757,8819.958333,14824.0,30.5,3.0,0,0,0,Approved
13397,1,debt_consolidation,0.1221,299.84,11.28978191,11.4,692,2399.958333,22014.0,51.9,0.0,0,0,0,Review
13398,1,home_improvement,0.1496,866.16,11.69524702,16.28,702,7020.0,73257.0,60,0.0,0,0,0,Approved
13399,1,debt_consolidation,0.0963,192.57,10.16585182,8.35,757,11297.0,17737.0,23.6,0.0,0,0,0,Approved
13400,1,all_other,0.0963,282.43,11.09358453,4.89,757,4620.0,6055.0,31.9,0.0,0,0,0,Approved
13401,1,debt_consolidation,0.1442,96.28,10.89673933,7.47,667,1492.0,3831.0,58,2.0,0,0,0,Review
13402,1,major_purchase,0.1379,51.12,10.87812266,9.51,662,4949.958333,22189.0,83.7,3.0,0,0,0,Review
13403,1,debt_consolidation,0.1221,333.15,10.77895629,18.35,707,3065.958333,11389.0,80.8,0.0,0,0,0,Approved
13404,1,debt_consolidation,0.1221,333.15,10.56885235,8.3,717,2759.958333,7880.0,78.8,0.0,0,0,0,Approved
13405,1,debt_consolidation,0.1221,519.72,10.81977828,4.06,707,3165.0,16594.0,55.3,1.0,0,0,0,Approved
13406,1,debt_consolidation,0.1126,328.64,11.22524339,12.16,722,7859.958333,5389.0,28.1,0.0,0,1,0,Approved
13407,1,debt_consolidation,0.1379,333.94,11.03488966,23.92,682,8969.958333,29330.0,57.3,0.0,0,0,1,Review
13408,1,all_other,0.1347,72.94,11.33857208,15.01,667,4050.0,27385.0,51.4,0.0,0,0,0,Review
13409,1,debt_consolidation,0.0932,255.58,11.60823564,0.46,792,6719.958333,2373.0,4.1,0.0,0,0,0,Approved
13410,1,debt_consolidation,0.1442,343.83,11.00209984,3.68,667,14133.0,6383.0,30.1,1.0,2,0,0,Review
13411,1,debt_consolidation,0.1095,490.71,11.35040654,5.73,777,9240.958333,1842.0,2.3,0.0,0,0,0,Approved
13412,1,all_other,0.1189,119.4,10.858999,15.02,697,2460.0,4689.0,47.4,3.0,0,0,0,Review
13413,1,debt_consolidation,0.1221,319.83,11.28978191,9.48,702,2399.958333,14612.0,78.1,2.0,0,0,0,Approved
13414,1,debt_consolidation,0.1392,491.58,11.22524339,16.24,682,4140.041667,9950.0,58.9,3.0,0,0,0,Review
13415,1,debt_consolidation,0.1253,200.8,10.71441777,18.05,682,3210.0,5791.0,39.1,0.0,0,0,0,Review
13416,1,debt_consolidation,0.1158,478.7,10.51867319,21.7,712,5382.0,20680.0,25.5,0.0,0,0,1,Approved
13417,1,debt_consolidation,0.1189,829.1,11.1844214,5.47,742,7200.0,8546.0,17.4,0.0,0,0,0,Approved
13418,1,debt_consolidation,0.1221,466.41,10.81985828,14.66,722,4139.958333,11212.0,35.8,0.0,1,0,0,Approved
13419,1,debt_consolidation,0.1284,430.31,10.83958091,8.85,697,3900.0,4759.0,21.2,0.0,0,0,0,Review
13420,1,all_other,0.1284,84.05,10.27505111,17.17,692,2940.0,1687.0,39.2,0.0,0,1,1,Review
13421,1,debt_consolidation,0.1347,468.14,10.40535315,13.98,697,3719.958333,15670.0,80.8,0.0,0,0,1,Review
13422,1,credit_card,0.1411,410.75,10.71441777,7.23,672,3900.0,13018.0,81.4,3.0,1,0,1,Review
13423,1,debt_consolidation,0.1253,635.86,11.33499426,10.54,717,7739.958333,30092.0,85,1.0,1,0,0,Approved
13424,1,debt_consolidation,0.0768,187.15,11.09741002,8.04,777,11099.95833,53625.0,13.4,0.0,0,0,0,Approved
13425,1,debt_consolidation,0.1284,361.4,10.59663473,13.2,692,3822.958333,21196.0,63.8,3.0,0,0,0,Review
13426,1,debt_consolidation,0.1189,198.99,11.15625052,7.15,692,2669.958333,5217.0,44.6,3.0,0,0,0,Review
13427,1,debt_consolidation,0.1347,237.46,9.85198371,14.66,672,2070.0,8896.0,80.1,0.0,0,0,0,Review
13428,1,credit_card,0.1284,524.44,11.13201637,6.73,697,2199.0,15712.0,84.3,0.0,0,0,0,Review
13429,1,debt_consolidation,0.1253,185.74,10.08580911,16.95,697,2759.958333,10192.0,92.7,0.0,0,0,0,Review
13430,1,all_other,0.1379,204.46,10.81985828,17.59,707,2100.0,8523.0,54.6,2.0,0,0,0,Approved
13431,1,debt_consolidation,0.1189,497.46,11.15625052,19.61,717,3540.0,21694.0,82.2,0.0,0,0,0,Approved
13432,1,major_purchase,0.1537,871.16,11.9251416,23.85,677,6419.958333,40741.0,50.3,3.0,0,0,1,Review
13433,1,debt_consolidation,0.1221,759.58,10.66895539,15.49,727,3330.0,19226.0,70.9,1.0,1,0,0,Approved
13434,1,home_improvement,0.0932,191.69,9.85198371,17.94,737,7262.0,8962.0,40.7,1.0,0,0,0,Approved
13435,1,debt_consolidation,0.1158,231.1,10.59663473,17.37,737,3029.958333,1089.0,13.8,0.0,0,1,0,Approved
13436,1,debt_consolidation,0.1095,261.71,11.8493977,10.91,732,4980.0,40685.0,50.6,0.0,0,0,0,Approved
13437,1,educational,0.1158,280.62,11.50764153,18.87,747,8340.0,57168.0,16.6,4.0,0,0,0,Approved
13438,1,all_other,0.1158,165.07,10.30895266,19.96,712,1830.0,1833.0,41.7,0.0,0,0,0,Approved
13439,1,credit_card,0.0963,320.95,11.00209984,15.7,742,5460.0,34679.0,57.6,0.0,0,0,0,Approved
13440,1,debt_consolidation,0.1095,556.14,10.96819829,8.13,797,4800.0,18001.0,3.4,0.0,0,0,0,Approved
13441,1,credit_card,0.1189,145.93,10.6454249,14.09,707,2745.958333,2759.0,14.6,2.0,0,0,1,Approved
13442,1,debt_consolidation,0.0963,231.08,11.30220443,9.17,762,6299.958333,2392.0,47.8,2.0,0,0,0,Approved
13443,1,credit_card,0.1442,385.09,11.14186178,16.42,672,2430.0,18514.0,82.3,0.0,0,0,0,Review
13444,1,all_other,0.1442,68.77,11.00209984,13.42,722,3930.0,26719.0,99.4,1.0,0,0,0,Approved
13445,1,all_other,0.1474,863.42,13.30468493,1.03,702,5669.958333,26856.0,0,3.0,1,0,0,Approved
13446,1,debt_consolidation,0.1316,303.94,11.28978191,12.71,682,1680.0,12641.0,55.7,3.0,0,0,0,Review
13447,1,debt_consolidation,0.1284,309.29,10.81985828,20.69,707,2970.0,22473.0,50.4,0.0,0,0,1,Approved
13448,1,debt_consolidation,0.1189,99.5,10.34817337,7.35,687,2399.958333,2572.0,30.3,0.0,0,0,0,Review
13449,1,home_improvement,0.0737,46.57,10.91508846,13.57,787,4469.958333,14105.0,18.8,0.0,0,0,0,Approved
13450,1,all_other,0.1411,111.25,10.04324949,23.65,677,3510.0,545.0,90.8,2.0,0,2,0,Review
13451,1,debt_consolidation,0.1726,536.77,12.10071213,9.49,672,2520.0,12108.0,57.1,0.0,0,0,1,Review
13452,1,home_improvement,0.0768,187.15,11.35035948,6.62,772,7200.0,20104.0,29.6,0.0,0,0,0,Approved
13453,1,debt_consolidation,0.1189,79.6,10.96812932,24.39,692,5279.958333,18430.0,63.3,2.0,0,0,0,Review
13454,1,debt_consolidation,0.1095,314.06,11.03495418,15.21,732,4559.958333,6376.0,18.9,1.0,0,1,0,Approved
13455,1,debt_consolidation,0.1126,558.68,11.21446552,22.5,742,5850.0,42106.0,56.3,3.0,0,0,0,Approved
13456,1,credit_card,0.1322,202.81,10.30895266,5.2,682,1684.958333,6001.0,31.8,0.0,0,0,0,Review
13457,1,home_improvement,0.1442,859.57,12.61153775,1.48,702,5279.958333,28367.0,66.5,2.0,1,0,0,Approved
13458,1,all_other,0.0768,187.15,11.46163217,9.61,777,10200.0,35306.0,28.2,2.0,0,0,0,Approved
13459,1,debt_consolidation,0.1095,392.57,11.1844214,9.32,737,3669.0,22636.0,67.6,0.0,0,0,0,Approved
13460,1,all_other,0.1347,84.81,11.5228758,13.76,682,10742.95833,45304.0,96.6,1.0,0,0,0,Review
13461,1,major_purchase,0.08,200.56,10.95416931,1.57,767,4020.0,4521.0,10.1,0.0,0,0,0,Approved
13462,1,credit_card,0.1316,81.05,11.1844214,1.05,697,3630.0,1229.0,30,1.0,0,3,0,Review
13463,1,credit_card,0.1221,133.26,10.08580911,3.6,717,4139.958333,3155.0,67.1,0.0,0,0,0,Approved
13464,1,credit_card,0.0963,224.66,10.62132735,13.79,732,2850.0,20571.0,49.6,0.0,0,0,0,Approved
13465,1,debt_consolidation,0.1316,337.71,10.66895539,24.47,682,3180.0,10193.0,44.9,0.0,1,0,0,Review
13466,1,debt_consolidation,0.1474,207.23,11.13683468,12.57,682,7230.0,17133.0,66.7,2.0,1,0,1,Review
13467,1,all_other,0.1316,67.55,10.27518903,15.39,722,1140.0,604.0,30.2,2.0,0,0,0,Approved
13468,1,debt_consolidation,0.1126,447.77,10.30895266,16.8,727,3330.0,15286.0,41.7,1.0,0,0,0,Approved
13469,1,home_improvement,0.0932,159.74,11.54248427,6.56,737,8159.958333,27226.0,49.8,0.0,0,0,0,Approved
13470,1,debt_consolidation,0.1284,268.95,11.15619338,17.3,687,2502.0,17461.0,61.1,2.0,0,0,0,Review
13471,1,debt_consolidation,0.1189,198.99,11.15625052,15.87,697,4499.958333,37138.0,73.4,1.0,0,0,1,Review
13472,1,credit_card,0.1189,143.44,10.71441777,13.73,737,7139.958333,4357.0,87.1,0.0,0,0,0,Approved
13473,1,major_purchase,0.1095,130.86,11.02679245,18.15,717,3210.0,21885.0,34,1.0,0,0,0,Approved
13474,1,debt_consolidation,0.1632,741.59,11.2771525,13.61,667,3389.958333,9090.0,72.7,1.0,0,0,0,Review
13475,1,debt_consolidation,0.1442,275.07,10.858999,6.88,667,3960.0,9760.0,66.8,0.0,0,0,1,Review
13476,1,all_other,0.0768,93.58,10.91508846,0.65,792,3479.958333,332.0,0.5,0.0,0,0,0,Approved
13477,1,all_other,0.1189,198.99,11.40756495,22.03,692,11429.95833,58780.0,75.1,0.0,0,0,0,Review
13478,1,debt_consolidation,0.1221,253.2,11.00209984,2.08,727,2820.0,1763.0,25.2,1.0,0,0,0,Approved
13479,1,educational,0.1316,57.41,9.546812609,10.11,697,3660.0,2246.0,97.7,2.0,0,0,0,Review
13480,1,small_business,0.1126,105.17,10.46310334,7.51,732,2070.0,997.0,24.3,0.0,0,0,0,Approved
13481,1,home_improvement,0.1442,268.19,10.51856508,8.82,667,3240.0,9288.0,56.3,1.0,0,0,0,Review
13482,1,debt_consolidation,0.1379,136.31,10.71441777,13.6,687,1380.0,4318.0,86.4,3.0,0,0,0,Review
13483,1,all_other,0.0932,319.47,11.37600548,6.4,767,4380.0,1513.0,5.2,2.0,0,0,0,Approved
13484,1,credit_card,0.1095,441.64,10.66895539,9.18,742,3690.0,28075.0,57.8,1.0,0,0,0,Approved
13485,1,all_other,0.08,188.02,11.13453063,3.63,757,2790.0,508.0,6.1,0.0,0,0,0,Approved
13486,1,debt_consolidation,0.1189,159.19,11.00209984,15.32,697,4949.958333,52275.0,33.7,0.0,0,0,0,Review
13487,1,all_other,0.1189,198.99,10.46310334,9.81,762,1140.0,147.0,2.4,0.0,0,0,0,Approved
13488,1,small_business,0.0932,230.02,10.59663473,15.56,737,3540.0,1138.0,9.5,0.0,0,0,0,Approved
13489,1,all_other,0.08,188.02,10.95080655,14.04,762,5609.958333,2081.0,10.1,1.0,0,0,0,Approved
13490,1,educational,0.1221,199.89,11.29734077,21.17,687,4020.0,34866.0,70.1,1.0,0,0,0,Review
13491,1,home_improvement,0.0932,319.47,10.30895266,2.56,782,2339.958333,473.0,1.9,0.0,0,0,0,Approved
13492,1,debt_consolidation,0.1189,159.19,10.62861778,18.65,707,5579.958333,4224.0,40.2,1.0,0,1,0,Approved
13493,1,debt_consolidation,0.1221,666.3,11.1844214,14.63,727,4320.0,28585.0,60.8,0.0,0,0,1,Approved
13494,1,debt_consolidation,0.1411,102.69,10.44348355,1.22,662,3449.958333,443.0,15.8,1.0,1,0,0,Review
13495,1,credit_card,0.1095,212.64,11.03488966,14.13,722,3089.958333,5339.0,20.1,0.0,0,0,0,Approved
13496,1,credit_card,0.1505,346.92,12.07254125,5.99,662,3840.958333,6204.0,27.8,1.0,0,0,0,Review
13497,1,credit_card,0.1442,515.74,11.68687877,16.89,677,14191.0,71663.0,83.2,2.0,0,0,0,Review
13498,1,debt_consolidation,0.0894,95.32,9.903487553,1.8,747,3252.0,2087.0,50.9,1.0,0,0,0,Approved
13499,1,debt_consolidation,0.0932,204.46,10.34894231,23.83,737,3960.0,6729.0,64.7,0.0,0,0,0,Approved
13500,1,debt_consolidation,0.1158,396.17,10.56212093,14.47,712,2759.958333,10913.0,69.5,0.0,0,0,0,Approved
13501,1,all_other,0.0768,155.96,11.69524702,1.27,772,4499.958333,5081.0,5.1,3.0,0,0,0,Approved
13502,1,credit_card,0.1221,283.18,10.20359214,19.42,702,1800.0,12920.0,72.2,0.0,0,0,0,Approved
13503,1,all_other,0.1158,165.07,9.687816016,10.57,722,1710.0,5308.0,40.2,0.0,0,0,0,Approved
13504,1,credit_card,0.1189,132.66,9.903487553,24.54,697,3029.958333,14460.0,71.6,0.0,0,0,0,Review
13505,1,debt_consolidation,0.1316,337.71,9.952277717,3.89,697,1529.958333,10090.0,29.7,1.0,0,0,0,Review
13506,1,debt_consolidation,0.1284,537.89,11.28978191,17.16,702,5490.0,19306.0,70.2,2.0,0,1,0,Approved
13507,1,home_improvement,0.0768,124.77,11.54481165,0.87,777,4410.0,5220.0,12.7,3.0,0,0,0,Approved
13508,1,credit_card,0.1379,238.53,10.71441777,18.35,707,7170.0,12197.0,95.3,1.0,0,0,1,Approved
13509,1,home_improvement,0.0932,293.91,10.86902549,19.63,782,7079.958333,1492.0,16.8,0.0,0,0,0,Approved
13510,1,debt_consolidation,0.1095,235.54,11.46167427,7.01,717,12060.0,10147.0,31.7,3.0,0,0,0,Approved
13511,1,all_other,0.1189,132.66,9.546812609,8.23,697,2100.0,3347.0,79.7,1.0,0,0,0,Review
13512,1,all_other,0.1379,136.31,11.16336799,8.19,712,4049.0,11352.0,98.7,2.0,0,0,1,Approved
13513,1,debt_consolidation,0.1095,209.37,10.08580911,6.15,742,8370.0,8810.0,23.2,1.0,0,0,0,Approved
13514,1,all_other,0.1357,154.56,11.77528973,17.46,682,4800.0,66461.0,90.1,0.0,0,0,0,Review
13515,1,small_business,0.1221,166.58,10.89673933,12.84,722,13020.0,5867.0,70.7,0.0,0,0,0,Approved
13516,1,all_other,0.1221,113.28,11.89818787,22.56,702,4380.0,67843.0,91.8,0.0,0,0,1,Approved
13517,1,home_improvement,0.0932,159.74,11.69194156,8.45,762,5609.958333,20334.0,25.5,4.0,0,0,0,Approved
13518,1,educational,0.1189,82.91,9.809396629,19.18,697,1830.0,483.0,4.6,1.0,1,0,0,Review
13519,1,educational,0.0932,159.74,9.825526011,19.14,752,8640.0,11096.0,10.4,0.0,1,0,0,Approved
13520,1,all_other,0.1284,235.33,9.574983486,3,707,1199.958333,3449.0,19.7,2.0,0,0,1,Approved
13521,1,small_business,0.1474,552.59,10.81977828,18.53,672,4229.958333,3364.0,44.9,1.0,1,0,1,Review
13522,1,debt_consolidation,0.1316,445.77,11.00209984,7.26,697,3792.958333,10965.0,85.7,0.0,0,0,0,Review
13523,1,credit_card,0.1347,441.0,10.69194491,13.88,692,2554.0,21199.0,90.2,0.0,0,0,0,Review
13524,1,educational,0.1632,130.66,10.51867319,13.07,662,1501.0,5635.0,97.2,0.0,0,0,0,Review
13525,1,credit_card,0.1316,309.0,10.66895539,21.66,692,3089.958333,14299.0,79.4,0.0,0,0,0,Review
13526,1,debt_consolidation,0.0768,218.34,11.00209984,13.36,782,7739.958333,21054.0,21.4,1.0,0,0,0,Approved
13527,1,credit_card,0.0932,383.37,10.81977828,6.84,777,7230.0,26050.0,26.1,0.0,0,0,0,Approved
13528,1,major_purchase,0.08,156.69,10.6454249,5.09,807,6511.0,112.0,1.1,0.0,0,0,0,Approved
13529,1,major_purchase,0.1126,312.21,10.6933984,19.04,757,7049.958333,336.0,4.7,1.0,0,0,0,Approved
13530,1,all_other,0.1189,149.24,10.81977828,4.37,702,3571.0,1961.0,55.7,0.0,0,0,0,Approved
13531,1,debt_consolidation,0.0963,320.95,11.51292546,18.23,737,4589.958333,21578.0,68.5,1.0,0,0,0,Approved
13532,1,credit_card,0.1284,117.67,10.43998092,8.42,687,2399.958333,5174.0,89.2,1.0,0,0,0,Review
13533,1,debt_consolidation,0.1189,305.11,10.71441777,22.37,712,1890.0,8558.0,27.3,3.0,0,0,0,Approved
13534,1,debt_consolidation,0.0932,223.63,11.42954386,7.12,732,4410.0,21477.0,84.9,0.0,0,0,0,Approved
13535,1,debt_consolidation,0.1221,666.3,11.00209984,20.54,717,3749.958333,16777.0,63.3,0.0,0,0,0,Approved
13536,1,all_other,0.0963,128.38,11.08201946,10.99,747,6689.958333,28817.0,66.6,0.0,0,0,0,Approved
13537,1,small_business,0.0963,320.95,11.09133097,1.04,742,5700.958333,4435.0,36.2,2.0,0,0,0,Approved
13538,1,small_business,0.1284,403.42,11.35040654,11.87,727,1559.958333,7951.0,41.8,2.0,0,0,0,Approved
13539,1,all_other,0.08,188.02,11.2515607,6.51,767,7799.958333,20991.0,47,2.0,0,0,0,Approved
13540,1,all_other,0.1183,364.48,11.81303006,19.67,717,11400.0,32818.0,87.1,0.0,0,1,0,Approved
13541,1,all_other,0.1379,340.76,10.37361617,15.49,677,2339.958333,15968.0,47.8,3.0,0,0,1,Review
13542,1,debt_consolidation,0.1126,394.36,11.15625052,11.38,732,3660.0,6789.0,16.3,1.0,1,0,0,Approved
13543,1,debt_consolidation,0.1126,492.95,10.6454249,12.06,742,6059.958333,24651.0,42.4,1.0,0,0,0,Approved
13544,1,all_other,0.1189,278.58,10.30895266,5.4,717,6360.958333,6291.0,81.7,1.0,0,0,0,Approved
13545,1,debt_consolidation,0.1158,343.34,10.82009823,8.09,727,3960.0,10167.0,89.2,0.0,0,0,0,Approved
13546,1,credit_card,0.0963,211.83,11.48246626,18.68,752,12810.0,22329.0,40.2,1.0,0,0,0,Approved
13547,1,credit_card,0.1158,825.34,12.30138283,10.07,747,9810.0,33697.0,51.5,2.0,1,0,0,Approved
13548,1,debt_consolidation,0.1253,200.8,10.66895539,18.89,682,5130.0,6334.0,68.1,2.0,0,1,1,Review
13549,1,debt_consolidation,0.1347,542.77,11.05980255,24.09,697,4469.958333,21180.0,81.5,0.0,0,0,0,Review
13550,1,credit_card,0.1221,266.52,11.00209984,19.23,702,3240.0,30140.0,89.4,1.0,0,0,0,Approved
13551,1,all_other,0.0859,379.33,11.06663836,9.45,792,8430.041667,2910.0,5.8,1.0,0,0,0,Approved
13552,1,educational,0.0894,476.58,11.1844214,10.2,782,13334.95833,4254.0,23.9,0.0,0,0,0,Approved
13553,1,small_business,0.1843,363.7,11.81303006,21.85,682,3600.0,68276.0,88,0.0,0,0,0,Review
13554,1,home_improvement,0.1284,672.36,11.19547123,9.92,712,4859.958333,11440.0,27.7,1.0,0,0,0,Approved
13555,1,all_other,0.1126,246.48,10.87993221,16.97,722,5189.958333,9200.0,42.8,0.0,0,0,0,Approved
13556,1,all_other,0.08,219.36,10.43399815,15.21,752,5880.0,17576.0,36.3,0.0,0,0,1,Approved
13557,1,all_other,0.0932,159.74,11.00209984,13.62,742,5910.0,21305.0,35.4,0.0,0,0,0,Approved
13558,1,debt_consolidation,0.1189,663.28,11.87409031,7.32,732,8370.0,27062.0,79.6,0.0,0,0,0,Approved
13559,1,debt_consolidation,0.1253,281.12,11.22524339,4.16,687,5699.958333,13573.0,30.8,2.0,0,0,0,Review
13560,1,major_purchase,0.0768,93.58,10.66886237,3.77,807,4711.0,133.0,0.3,0.0,0,0,0,Approved
13561,1,debt_consolidation,0.1221,499.73,10.7464331,7.88,717,2460.0,22197.0,37.8,1.0,0,0,0,Approved
13562,1,all_other,0.1189,139.29,10.95080655,12.32,702,2190.0,2094.0,20.7,1.0,2,0,0,Approved
13563,1,debt_consolidation,0.1695,748.17,11.44035477,14.76,662,7637.0,23738.0,71.3,1.0,0,0,1,Review
13564,1,educational,0.08,156.69,11.36210258,6.39,777,3509.958333,0.0,0,0.0,0,0,0,Approved
13565,1,home_improvement,0.1221,666.3,12.02754389,1.56,747,3089.958333,9787.0,52.3,1.0,0,0,0,Approved
13566,1,home_improvement,0.0932,99.04,10.9331784,23.89,727,7439.958333,28774.0,71.4,0.0,0,0,0,Approved
13567,1,credit_card,0.1505,402.42,11.79981723,16.79,682,11190.0,54194.0,85.7,0.0,0,1,1,Review
13568,1,debt_consolidation,0.1284,403.42,10.87804719,22.85,702,2496.0,17385.0,71.2,0.0,0,0,0,Approved
13569,1,home_improvement,0.1189,116.08,11.46053683,16.46,697,5730.0,12032.0,56.8,0.0,1,0,0,Review
13570,1,all_other,0.1284,295.84,10.73630972,12.58,732,5910.0,24621.0,94,1.0,0,0,0,Approved
13571,1,small_business,0.1158,825.34,11.40756495,0.13,787,2279.958333,1068.0,3.1,3.0,0,0,0,Approved
13572,1,all_other,0.0932,159.74,10.6454249,19.31,742,6719.958333,7160.0,39.3,0.0,0,0,0,Approved
13573,1,all_other,0.1253,836.66,12.36734079,11.73,717,7230.0,5509.0,10.6,3.0,0,0,0,Approved
13574,1,credit_card,0.0932,255.58,11.73606902,3.35,752,7650.0,5752.0,30.3,0.0,0,0,0,Approved
13575,1,credit_card,0.1189,397.97,10.71441777,22.77,717,2729.958333,36261.0,67.1,1.0,0,0,0,Approved
13576,1,all_other,0.1158,165.07,10.54534144,13.52,807,4589.958333,323.0,1.8,0.0,0,0,0,Approved
13577,1,debt_consolidation,0.1316,405.25,11.17043516,7.42,682,3839.958333,38963.0,79.4,1.0,0,0,0,Review
13578,1,credit_card,0.1316,108.07,11.05089001,12.06,697,3509.958333,10678.0,97.1,0.0,0,0,0,Review
13579,1,debt_consolidation,0.08,131.62,10.37349118,17.48,767,8222.958333,1127.0,40.2,0.0,0,0,0,Approved
13580,1,credit_card,0.0894,381.26,11.01039864,7.78,762,12266.95833,12893.0,14.1,1.0,0,0,0,Approved
13581,1,debt_consolidation,0.1411,342.29,10.30895266,13.96,672,4620.0,12022.0,20,3.0,0,0,0,Review
13582,1,all_other,0.1411,205.38,10.4341158,7.98,662,2009.958333,2122.0,58.9,1.0,2,0,0,Review
13583,1,home_improvement,0.0932,383.37,11.35040654,9.15,787,7469.958333,9825.0,24.3,0.0,0,0,0,Approved
13584,1,debt_consolidation,0.1379,340.76,10.51867319,18.16,682,6659.958333,17473.0,47.9,0.0,0,0,0,Review
13585,1,all_other,0.1126,98.59,10.81977828,9.05,707,2490.0,6371.0,37.9,2.0,0,0,0,Approved
13586,1,debt_consolidation,0.1158,297.13,11.15619338,14.52,722,3809.958333,1778.0,88.9,1.0,0,0,0,Approved
13587,1,all_other,0.1221,506.39,11.69524702,8.91,742,4453.958333,10750.0,76.8,5.0,0,0,0,Approved
13588,1,all_other,0.1284,94.14,10.81069718,2.35,697,3270.0,3511.0,40.4,1.0,0,0,0,Review
13589,1,educational,0.1253,267.73,10.71441777,11.17,687,3479.958333,1150.0,13.9,0.0,0,0,0,Review
13590,1,debt_consolidation,0.1347,101.77,11.05089001,17.48,672,3479.958333,3848.0,75.5,1.0,0,0,0,Review
13591,1,all_other,0.1284,188.27,9.680344001,10.2,722,1440.0,3183.0,66.3,2.0,0,0,0,Approved
13592,1,debt_consolidation,0.0768,40.55,10.83958091,19.19,757,3479.958333,2513.0,9.6,1.0,0,0,0,Approved
13593,1,debt_consolidation,0.1189,497.46,10.77895629,20.27,712,4020.0,6478.0,35.2,0.0,0,0,0,Approved
13594,1,all_other,0.0932,127.79,10.79949394,8.67,802,4050.0,34.0,0.3,0.0,0,0,0,Approved
13595,1,debt_consolidation,0.1379,327.13,11.59175513,5.39,697,6329.958333,29526.0,95.6,0.0,0,0,0,Review
13596,1,all_other,0.0768,187.15,11.22524339,1.86,782,4109.958333,1738.0,12.6,0.0,0,0,0,Approved
13597,1,debt_consolidation,0.1126,427.23,10.77895629,17.43,742,3330.0,28895.0,39.9,0.0,0,0,0,Approved
13598,1,debt_consolidation,0.1221,266.52,11.1844214,21.73,692,5969.958333,25449.0,69.3,0.0,0,0,0,Review
13599,1,all_other,0.0932,31.95,11.35040654,7.27,732,6510.0,5690.0,21.5,0.0,0,0,0,Approved
13600,1,debt_consolidation,0.1379,170.38,10.34174248,19.78,682,1229.958333,6130.0,57.3,3.0,0,0,0,Review
13601,1,debt_consolidation,0.1379,211.27,10.71441777,17.42,677,4182.958333,9954.0,95.7,0.0,0,0,0,Review
13602,1,all_other,0.1253,133.87,10.47728798,10.41,687,2639.958333,12160.0,80.5,0.0,0,0,0,Review
13603,1,small_business,0.1916,58.78,10.6454249,14.6,662,3779.958333,215.0,71.7,1.0,0,0,0,Review
13604,1,home_improvement,0.0932,399.34,10.81977828,11.71,782,4800.0,1052.0,8.6,0.0,0,0,0,Approved
13605,1,educational,0.1316,270.17,12.1547583,17.03,687,4320.0,113463.0,92.8,0.0,0,0,0,Review
13606,1,small_business,0.0768,112.29,10.74343705,8.96,757,8519.958333,13574.0,24.2,1.0,0,0,0,Approved
13607,1,all_other,0.1442,137.54,10.54534144,4.61,662,5490.0,4093.0,80.3,1.0,0,0,0,Review
13608,1,home_improvement,0.0963,513.51,12.61153775,0.16,787,5460.0,2764.0,10.7,1.0,0,0,0,Approved
13609,1,all_other,0.1095,162.76,10.83879629,12.69,762,5969.958333,16992.0,44.5,5.0,0,0,1,Approved
13610,1,all_other,0.1221,333.15,11.32215229,11.91,702,3779.958333,2015.0,31,1.0,0,0,0,Approved
13611,1,debt_consolidation,0.1189,397.97,10.93310697,15.26,712,4620.0,5604.0,80.1,3.0,0,0,0,Approved
13612,1,small_business,0.1126,394.36,11.22524339,13.01,722,2971.0,12649.0,67.3,0.0,0,0,1,Approved
13613,1,home_improvement,0.1347,508.84,10.68281243,13.13,687,9840.0,15273.0,24.9,2.0,1,0,1,Review
13614,1,all_other,0.1284,90.77,10.29809392,16.09,707,1830.0,828.0,92,3.0,0,0,0,Approved
13615,1,all_other,0.1095,327.14,11.1844214,13.2,722,4919.958333,19761.0,41.5,2.0,0,0,0,Approved
13616,1,credit_card,0.0932,142.17,10.6501755,17.77,737,2910.0,5437.0,23.4,1.0,0,0,0,Approved
13617,1,debt_consolidation,0.1461,241.33,10.65725935,10.64,682,1800.0,8557.0,77.1,1.0,0,0,0,Review
13618,1,all_other,0.1114,393.65,11.03488966,5.52,757,3899.958333,14313.0,46.2,2.0,0,0,0,Approved
13619,1,all_other,0.0963,102.71,10.50506754,0.33,732,4290.0,496.0,4.1,1.0,0,1,0,Approved
13620,1,home_improvement,0.0963,296.88,10.73413325,0,807,7320.0,1454.0,4,2.0,0,0,1,Approved
13621,1,all_other,0.1474,345.37,10.81977828,12.72,712,5130.0,4456.0,22.6,0.0,0,1,0,Approved
13622,1,debt_consolidation,0.0963,417.23,11.02353512,8.03,747,4562.958333,8454.0,27,2.0,0,0,0,Approved
13623,1,home_improvement,0.1189,397.97,11.91839057,17.84,707,5699.958333,614.0,17.5,2.0,0,1,0,Approved
13624,1,credit_card,0.0932,383.37,10.4744671,2.34,797,8189.958333,4615.0,6.5,0.0,0,0,1,Approved
13625,1,debt_consolidation,0.1126,525.82,11.40756495,8.83,742,7499.958333,19123.0,53,1.0,0,0,0,Approved
13626,1,debt_consolidation,0.1114,451.05,10.89821971,16.09,737,6180.0,23569.0,70.8,0.0,0,0,0,Approved
13627,1,debt_consolidation,0.1505,603.63,11.22524339,18.82,687,2580.0,35954.0,82.8,0.0,0,0,0,Review
13628,1,home_improvement,0.0768,218.34,11.34687088,23.21,777,8430.0,36268.0,32.9,2.0,0,0,1,Approved
13629,1,major_purchase,0.1695,213.77,11.27090486,18.05,662,3119.958333,82.0,1.3,1.0,1,0,0,Review
13630,1,all_other,0.0932,102.23,9.680344001,0,737,2100.0,0.0,0,0.0,0,0,0,Approved
13631,1,home_improvement,0.1253,200.8,11.03650127,10.18,682,6749.958333,7613.0,82.7,2.0,0,0,0,Review
13632,1,debt_consolidation,0.1316,621.37,10.79728725,14.24,707,4290.0,26551.0,70.1,0.0,0,0,0,Approved
13633,1,debt_consolidation,0.1347,212.02,10.27518903,23.54,687,2820.0,11387.0,90.4,1.0,0,0,0,Review
13634,1,debt_consolidation,0.1158,775.0,11.40756495,15.03,752,10019.95833,44539.0,59.8,0.0,0,0,0,Approved
13635,1,all_other,0.1474,138.15,10.34794899,0,692,1350.0,0.0,0,2.0,0,0,0,Review
13636,1,all_other,0.1189,225.52,10.0302964,15.43,712,3419.958333,4435.0,16.6,2.0,0,0,0,Approved
13637,1,all_other,0.1095,654.28,11.47820979,13.62,792,7439.958333,37466.0,30.9,1.0,0,0,0,Approved
13638,1,all_other,0.0932,223.63,10.52406404,20.06,747,5699.958333,3255.0,30.2,0.0,0,0,0,Approved
13639,1,all_other,0.1126,525.82,11.12732181,9.3,747,3300.0,2362.0,7.9,1.0,0,0,0,Approved
13640,1,educational,0.1095,183.2,10.30895266,10.56,722,3330.0,716.0,5.4,3.0,0,0,1,Approved
13641,1,debt_consolidation,0.1347,542.77,11.08214255,12,707,6689.958333,14493.0,88.9,0.0,0,0,0,Approved
13642,1,debt_consolidation,0.1189,53.07,11.31447453,18.13,702,5639.958333,25886.0,94.1,1.0,1,0,0,Approved
13643,1,debt_consolidation,0.1253,334.67,10.73630972,8.9,692,2009.958333,9158.0,52.3,2.0,0,0,0,Review
13644,1,debt_consolidation,0.1189,643.39,11.57115664,15.44,727,7680.0,61595.0,51.6,0.0,0,0,0,Approved
13645,1,small_business,0.1884,438.93,10.81977828,12.6,712,3690.0,11957.0,43.5,2.0,0,0,0,Approved
13646,1,educational,0.0963,343.41,10.77895629,10.86,737,3660.0,1772.0,7.4,2.0,1,0,0,Approved
13647,1,all_other,0.1158,660.27,12.61153775,6.93,762,10679.95833,0.0,0,1.0,0,0,0,Approved
13648,1,small_business,0.1916,352.67,10.45737267,5.93,667,5820.0,11670.0,81.6,1.0,0,1,0,Review
13649,1,all_other,0.0932,127.79,10.91508846,12,752,2856.0,1112.0,2.7,1.0,0,0,0,Approved
13650,1,home_improvement,0.1126,236.62,11.53272809,0.61,717,5699.958333,4452.0,45.4,0.0,0,1,0,Approved
13651,1,educational,0.1158,79.24,10.16585182,15.05,692,3450.958333,731.0,5.8,3.0,1,0,1,Review
13652,1,debt_consolidation,0.1062,364.67,10.63585545,15.92,722,8833.0,5455.0,83.9,0.0,0,0,0,Approved
13653,1,all_other,0.1442,240.68,11.69524702,14.65,662,4589.958333,34454.0,70.7,3.0,0,0,0,Review
13654,1,all_other,0.08,125.35,9.68009397,12.6,762,6032.958333,998.0,6,1.0,0,0,0,Approved
13655,1,credit_card,0.1221,333.15,11.40756495,22.47,737,7740.0,61374.0,61.8,2.0,0,0,0,Approved
13656,1,small_business,0.1884,914.42,11.51292546,6.76,712,8190.958333,38898.0,80.5,3.0,1,0,0,Approved
13657,1,debt_consolidation,0.1411,34.23,11.15257234,3.63,672,3930.0,9795.0,95.1,2.0,0,1,0,Review
13658,1,debt_consolidation,0.1505,173.46,10.20359214,4.31,687,1440.0,3329.0,95.1,0.0,0,0,1,Review
13659,1,small_business,0.1916,183.69,10.858999,22.59,662,3300.0,22312.0,81.1,0.0,0,0,1,Review
13660,1,all_other,0.0963,160.48,10.87237073,21.81,727,2460.0,2369.0,36.4,1.0,0,0,0,Approved
13661,1,all_other,0.1221,99.95,11.73606902,10.29,697,2850.0,6324.0,79,0.0,0,1,0,Review
13662,1,small_business,0.1158,594.25,11.15625052,16.78,727,3509.958333,30372.0,56.1,0.0,0,0,1,Approved
13663,1,home_improvement,0.0963,320.95,10.67359577,8.94,742,7950.0,14716.0,38.4,0.0,0,0,0,Approved
13664,1,home_improvement,0.08,200.56,11.06657586,0,807,3960.0,0.0,0,1.0,0,0,0,Approved
13665,1,all_other,0.1347,162.83,10.30895266,22.84,672,1710.0,1002.0,83.5,0.0,0,0,0,Review
13666,1,home_improvement,0.0932,319.47,10.87812266,9.26,762,2160.0,3391.0,9.2,1.0,0,0,0,Approved
13667,1,credit_card,0.1158,660.27,12.03528432,19.27,742,4199.958333,149527.0,72.6,0.0,0,0,0,Approved
13668,1,debt_consolidation,0.1253,301.2,11.03812636,14.1,697,3000.041667,3006.0,30.7,3.0,0,0,0,Review
13669,1,major_purchase,0.1221,266.52,11.3736634,0.07,722,4949.958333,5.0,0,0.0,0,0,0,Approved
13670,1,debt_consolidation,0.1411,205.38,10.49127422,21.3,662,2550.0,8710.0,23.9,0.0,1,0,1,Review
13671,1,debt_consolidation,0.1568,87.51,10.41930072,14.29,667,3809.958333,286.0,95.3,0.0,2,0,0,Review
13672,1,educational,0.0932,383.37,10.30895266,13.88,777,3449.958333,1505.0,12.5,0.0,0,0,0,Approved
13673,1,home_improvement,0.0963,385.14,10.90593763,7.46,752,5219.958333,5674.0,9.5,0.0,0,0,0,Approved
13674,1,debt_consolidation,0.1632,706.27,11.23321156,11.81,677,2820.0,23998.0,91.2,1.0,0,0,0,Review
13675,1,debt_consolidation,0.1632,261.32,10.77895629,3.85,662,1140.0,6375.0,70.8,0.0,0,0,0,Review
13676,1,all_other,0.1158,264.11,11.55214618,18.25,707,5160.0,57261.0,84.6,1.0,0,0,0,Approved
13677,1,debt_consolidation,0.1095,98.15,10.1266311,17.57,717,2316.958333,590.0,36.9,3.0,0,0,0,Approved
13678,1,debt_consolidation,0.0932,127.79,10.6214249,12.99,747,2009.958333,2727.0,12.8,2.0,0,0,0,Approved
13679,1,small_business,0.1821,90.65,10.91508846,12.07,667,2460.0,19336.0,79.6,0.0,0,0,0,Review
13680,1,debt_consolidation,0.1442,343.83,11.00209984,8,677,3059.958333,1547.0,20.9,3.0,0,0,0,Review
13681,1,all_other,0.1189,66.33,9.392661929,5.7,707,2970.0,1616.0,52.1,1.0,0,0,0,Approved
13682,1,home_improvement,0.1158,66.03,11.00209984,6.46,692,3812.958333,9171.0,25.5,0.0,0,0,0,Review
13683,1,debt_consolidation,0.0932,223.63,10.26479176,24.54,737,2429.958333,6242.0,16.1,3.0,0,0,0,Approved
13684,1,debt_consolidation,0.1322,473.21,10.91508846,9.19,697,2310.041667,8262.0,54.7,3.0,0,1,0,Review
13685,1,all_other,0.1126,328.64,11.62625415,16.29,717,5999.958333,5742.0,43.8,0.0,0,0,0,Approved
13686,1,debt_consolidation,0.1411,547.67,10.71441777,11.55,682,9420.0,14731.0,86.1,0.0,0,0,0,Review
13687,1,home_improvement,0.1095,314.06,11.26446411,8.74,727,7740.0,10993.0,20.5,0.0,1,0,0,Approved
13688,1,debt_consolidation,0.1158,495.21,10.6454249,10.4,742,3660.0,15680.0,44.7,0.0,0,0,0,Approved
13689,1,debt_consolidation,0.1126,295.77,12.30517562,9.11,712,4619.958333,12904.0,66.9,0.0,0,0,0,Approved
13690,1,debt_consolidation,0.08,344.7,11.75981679,4.13,802,7980.0,5272.0,7.4,0.0,0,0,0,Approved
13691,1,debt_consolidation,0.1189,331.64,11.22524339,15.25,727,5130.0,7642.0,28.2,1.0,0,0,0,Approved
13692,1,credit_card,0.08,188.02,11.44678566,13.27,752,2250.0,7501.0,26.8,0.0,0,0,0,Approved
13693,1,all_other,0.1253,334.67,10.51867319,18.49,707,2460.0,5124.0,51.2,2.0,0,0,0,Approved
13694,1,debt_consolidation,0.08,313.37,10.66895539,12.56,782,7560.0,5096.0,21.5,1.0,0,0,0,Approved
13695,1,all_other,0.0963,160.48,11.88454419,15.07,727,8939.958333,19654.0,77.4,0.0,0,0,0,Approved
13696,1,debt_consolidation,0.1442,144.41,9.680344001,11.1,677,1140.0,3830.0,64.9,0.0,0,0,0,Review
13697,1,debt_consolidation,0.1505,424.97,11.39639165,23.8,662,5292.958333,19136.0,69.1,1.0,1,0,0,Review
13698,1,all_other,0.1095,163.57,10.93310697,12.24,717,6090.0,24004.0,75.5,2.0,0,0,0,Approved
13699,1,debt_consolidation,0.1158,561.23,10.858999,16.94,762,4949.958333,11467.0,39.1,0.0,0,0,0,Approved
13700,1,all_other,0.1284,840.45,11.35040654,12.44,742,4800.0,5193.0,49.5,4.0,0,0,0,Approved
13701,1,debt_consolidation,0.1316,607.87,11.38509209,8.71,697,4199.958333,15008.0,44.8,0.0,1,0,0,Review
13702,1,debt_consolidation,0.1347,508.84,11.12726298,10.69,692,1710.0,14045.0,85.6,1.0,0,0,0,Review
13703,1,all_other,0.08,156.69,10.89673933,20.6,762,4290.0,5388.0,26.9,0.0,0,0,0,Approved
13704,1,all_other,0.1218,279.72,10.55236932,14.05,707,3929.958333,490.0,9.6,2.0,0,0,0,Approved
13705,1,debt_consolidation,0.1189,636.75,11.39639165,12.09,727,4829.958333,12982.0,32.1,1.0,0,0,0,Approved
13706,1,major_purchase,0.1253,180.72,11.15625052,6.65,687,3660.0,9785.0,59.3,1.0,0,0,0,Review
13707,1,educational,0.1095,523.42,11.39315045,3.68,752,4096.0,3327.0,10.7,0.0,0,0,1,Approved
13708,1,home_improvement,0.0932,319.47,11.45301621,12.29,782,7236.0,0.0,0,0.0,0,0,0,Approved
13709,1,all_other,0.1253,133.87,11.1193494,11.92,682,10890.0,33115.0,55.6,1.0,0,0,1,Review
13710,1,small_business,0.0932,111.82,9.862665558,7.25,767,9662.958333,4160.0,40.8,0.0,0,0,0,Approved
13711,1,debt_consolidation,0.1347,169.62,10.46390302,24.94,677,4979.958333,13147.0,78.3,0.0,0,0,0,Review
13712,1,major_purchase,0.08,300.83,11.69524702,5.93,777,5850.0,5981.0,14.5,1.0,0,0,0,Approved
13713,1,debt_consolidation,0.1607,457.52,10.95954023,23.85,662,3240.0,8373.0,57,0.0,1,0,1,Review
13714,1,small_business,0.2011,623.4,11.45105006,5.36,667,4169.958333,5848.0,24.3,3.0,3,0,1,Review
13715,1,debt_consolidation,0.1284,262.22,11.1844214,16.77,697,5850.0,13835.0,87.9,0.0,0,0,0,Review
13716,1,all_other,0.1316,182.36,10.83417416,5.49,687,1979.958333,1158.0,27.6,1.0,1,0,0,Review
13717,1,debt_consolidation,0.1411,855.73,11.40756495,11.67,707,4109.958333,17958.0,55.3,0.0,0,0,0,Approved
13718,1,all_other,0.0932,95.85,10.81977828,8.33,732,6930.0,14161.0,46.9,0.0,0,0,0,Approved
13719,1,credit_card,0.1821,319.08,11.20775808,21.85,672,4680.0,24471.0,74.5,2.0,0,0,0,Review
13720,1,small_business,0.08,156.69,10.71441777,17.84,772,6240.0,5392.0,9.4,4.0,0,0,0,Approved
13721,1,home_improvement,0.1126,821.59,12.4874851,5.53,787,10860.0,3131.0,8.9,2.0,0,0,0,Approved
13722,1,all_other,0.1218,333.0,11.00209984,24.7,712,2217.0,17809.0,46.4,1.0,0,0,0,Approved
13723,1,home_improvement,0.1158,165.07,11.08220409,12.42,707,5969.958333,0.0,7.28,2.0,1,0,0,Approved
13724,1,credit_card,0.1411,239.61,12.34583459,7.57,662,4080.0,5086.0,57.8,1.0,0,1,1,Review
13725,1,all_other,0.1474,103.62,10.62132735,16.77,662,2729.958333,6241.0,90.4,0.0,0,0,0,Review
13726,1,all_other,0.1284,302.57,11.21182037,19.09,692,2789.958333,24401.0,88.4,0.0,0,0,0,Review
13727,1,debt_consolidation,0.1379,211.27,10.59653473,9,682,5400.0,4480.0,81.5,3.0,0,0,0,Review
13728,1,debt_consolidation,0.1095,98.15,10.40426284,7.42,712,5562.0,6630.0,39.2,3.0,0,0,0,Approved
13729,1,home_improvement,0.1284,63.88,10.44348355,23.29,672,3000.0,24209.0,54.9,2.0,0,0,0,Review
13730,1,all_other,0.1095,245.36,11.08214255,11.65,742,11039.95833,62466.0,58.8,4.0,0,0,0,Approved
13731,1,all_other,0.08,94.01,9.903487553,13.56,747,2022.958333,7783.0,17.7,1.0,0,0,0,Approved
13732,1,debt_consolidation,0.0932,95.85,12.32385568,11.77,732,6029.958333,12176.0,36.1,1.0,0,0,0,Approved
13733,1,all_other,0.0963,154.06,10.23981692,7.67,732,2190.0,6246.0,54.8,2.0,0,0,1,Approved
13734,1,all_other,0.1442,51.58,11.00209984,20,697,4380.0,23187.0,99.1,2.0,0,0,0,Review
13735,1,debt_consolidation,0.08,188.02,10.59653473,14.58,767,5309.958333,3812.0,16.8,0.0,0,0,0,Approved
13736,1,all_other,0.0963,57.77,10.59653473,8.52,727,1772.0,733.0,30.4,1.0,0,0,0,Approved
13737,1,small_business,0.179,902.5,11.35040654,4.93,722,3749.958333,2036.0,10.1,2.0,0,1,1,Approved
13738,1,debt_consolidation,0.1158,165.07,11.35040654,18.48,702,3809.958333,2591.0,74,1.0,1,0,0,Approved
13739,1,educational,0.1284,282.4,11.45105006,22.54,682,3990.0,65621.0,81.5,1.0,0,0,1,Review
13740,1,educational,0.1126,164.32,11.0744205,7.72,717,5699.958333,1460.0,38.4,2.0,0,0,0,Approved
13741,1,debt_consolidation,0.0963,128.38,11.33857208,8.6,732,2039.958333,3275.0,14.7,0.0,0,0,0,Approved
13742,1,all_other,0.0963,385.14,11.22524339,9.12,747,2759.958333,5212.0,8.4,2.0,0,0,0,Approved
13743,1,home_improvement,0.1158,396.17,11.21182037,4.3,717,8460.0,12293.0,20.6,1.0,1,0,0,Approved
13744,1,home_improvement,0.08,188.02,11.28983191,7.41,807,6630.0,1112.0,1.2,1.0,0,0,0,Approved
13745,1,all_other,0.1114,328.04,9.980448594,8.28,727,2031.958333,4328.0,10.3,2.0,0,0,0,Approved
13746,1,educational,0.16,421.89,10.77895629,13.26,667,1710.0,2626.0,61.1,3.0,0,0,0,Review
13747,1,all_other,0.0932,118.21,9.61580548,5.52,742,2429.958333,0.0,0,0.0,0,0,0,Approved
13748,1,all_other,0.1411,410.75,11.04285783,15.55,677,2250.0,4450.0,37.1,1.0,0,0,0,Review
13749,1,debt_consolidation,0.1347,237.46,10.89673933,17.69,672,2100.0,6062.0,55.6,0.0,0,0,0,Review
13750,1,debt_consolidation,0.1347,305.31,11.68687877,22.61,682,7230.0,75723.0,92.9,2.0,0,0,0,Review
13751,1,debt_consolidation,0.0963,205.41,11.49272276,16.44,742,5460.0,14001.0,34.7,4.0,0,0,0,Approved
13752,1,debt_consolidation,0.1347,576.69,10.67533038,13.03,697,4595.958333,17088.0,73.7,2.0,0,0,0,Review
13753,1,credit_card,0.0932,319.47,11.1123882,3.33,797,4800.0,0.0,0,0.0,0,0,0,Approved
13754,1,debt_consolidation,0.0963,346.62,10.46310334,8.85,732,3149.958333,10935.0,52.1,0.0,0,0,1,Approved
13755,1,debt_consolidation,0.1379,681.51,11.54248427,19.76,692,6960.0,22512.0,65.2,0.0,0,0,0,Review
13756,1,all_other,0.1189,33.17,11.3736634,5.57,697,8519.958333,5742.0,55.2,0.0,1,0,0,Review
13757,1,all_other,0.1158,165.07,10.51867319,7.36,762,2250.0,0.0,0,1.0,0,0,0,Approved
13758,1,debt_consolidation,0.0932,191.69,10.46310334,7.85,737,3210.0,9432.0,47.2,2.0,0,0,0,Approved
13759,1,debt_consolidation,0.1632,176.57,11.15625052,16.75,662,1560.0,3901.0,95.1,0.0,0,0,0,Review
13760,1,all_other,0.1287,538.14,10.54534144,22.34,722,3965.958333,0.0,0,0.0,0,0,0,Approved
13761,1,all_other,0.1347,678.46,10.83958091,17.46,697,2850.0,8467.0,26.7,1.0,0,0,0,Review
13762,1,debt_consolidation,0.1284,285.76,10.81977828,24.43,732,9349.958333,8359.0,91.9,1.0,0,0,0,Approved
13763,1,debt_consolidation,0.1442,481.36,10.66895539,7.67,672,4380.0,7106.0,67.7,0.0,0,0,0,Review
13764,1,credit_card,0.1379,374.84,10.69194491,14.97,692,1620.958333,9900.0,60,1.0,0,0,0,Review
13765,1,all_other,0.0932,319.47,10.73639668,20.92,767,4692.0,24523.0,37.9,0.0,0,0,0,Approved
13766,1,debt_consolidation,0.1347,339.23,11.3736634,22.65,692,10439.95833,14943.0,54.3,0.0,1,0,0,Review
13767,1,debt_consolidation,0.0932,95.85,10.29775689,13.91,757,3540.0,0.0,0,1.0,0,0,0,Approved
13768,1,all_other,0.1253,167.34,10.91508846,7.53,717,3240.0,2196.0,39.9,1.0,0,0,0,Approved
13769,1,major_purchase,0.1095,386.03,10.46310334,1.99,762,3540.0,5234.0,11.4,3.0,0,0,0,Approved
13770,1,major_purchase,0.08,235.03,11.90494053,0.92,802,9299.958333,7914.0,6.5,1.0,0,0,0,Approved
13771,1,debt_consolidation,0.1695,320.65,12.37581542,11.67,667,3869.958333,22353.0,99.3,0.0,0,1,1,Review
13772,1,small_business,0.1126,394.36,10.96819829,6.33,782,3631.0,157.0,0.6,0.0,0,0,0,Approved
13773,1,small_business,0.1758,122.21,10.96812932,7.35,697,1679.958333,4596.0,51.6,0.0,0,0,0,Review
13774,1,all_other,0.1316,33.78,10.6454249,19.63,672,3869.958333,11189.0,86.7,2.0,1,0,0,Review
13775,1,educational,0.1189,39.8,9.472704636,24.09,707,1387.0,772.0,25.7,0.0,0,0,0,Approved
13776,1,debt_consolidation,0.1347,529.2,10.87804719,18.66,697,3119.958333,13514.0,92.6,2.0,0,0,0,Review
13777,1,all_other,0.1347,203.54,10.34174248,20.25,702,1199.958333,2314.0,32.1,1.0,0,0,0,Approved
13778,1,debt_consolidation,0.1253,53.55,10.1266311,2.98,712,1113.0,3375.0,51.1,0.0,0,0,0,Approved
13779,1,debt_consolidation,0.1568,322.02,10.81977828,12.98,662,5160.0,16651.0,63.3,0.0,0,0,0,Review
13780,1,debt_consolidation,0.1126,402.58,11.6127708,9.38,747,5669.958333,39833.0,86.1,1.0,0,0,0,Approved
13781,1,debt_consolidation,0.1158,363.15,11.3736634,9.32,722,3749.958333,19827.0,90.9,0.0,0,0,0,Approved
13782,1,credit_card,0.0932,319.47,12.2010601,8.36,802,11685.0,144723.0,3.3,0.0,0,0,0,Approved
13783,1,debt_consolidation,0.1253,167.34,10.54534144,19.14,682,2220.0,19876.0,77,0.0,0,0,0,Review
13784,1,credit_card,0.0963,224.66,10.71441777,24.59,727,4469.958333,10082.0,56.3,0.0,0,0,0,Approved
13785,1,small_business,0.1158,198.09,9.798127037,18.07,707,1770.0,10040.0,32.1,0.0,0,0,0,Approved
13786,1,all_other,0.1253,133.87,10.75798798,1.07,732,1140.0,1332.0,19.9,0.0,0,0,0,Approved
13787,1,debt_consolidation,0.1126,328.64,10.81977828,12.24,722,4984.958333,14483.0,36.5,1.0,0,0,0,Approved
13788,1,all_other,0.1126,328.64,11.3736634,10.41,747,3900.958333,14406.0,37.1,3.0,0,0,0,Approved
13789,1,small_business,0.1663,886.75,11.6784399,2.84,742,6749.958333,6835.0,13.2,1.0,0,0,1,Approved
13790,1,small_business,0.1884,914.42,11.73606902,19.3,707,6809.958333,26339.0,49,2.0,0,0,0,Approved
13791,1,debt_consolidation,0.0768,93.58,11.15625052,8.78,762,3630.0,2211.0,6.2,0.0,0,0,0,Approved
13792,1,credit_card,0.0932,76.68,10.59663473,9,737,2610.0,10379.0,69.2,0.0,0,0,0,Approved
13793,1,all_other,0.1189,132.66,10.89673933,12.91,692,4290.0,24671.0,66,1.0,1,0,0,Review
13794,1,debt_consolidation,0.1411,684.58,11.8913071,13.1,692,5370.0,0.0,0,1.0,0,0,0,Review
13795,1,debt_consolidation,0.1253,669.33,10.59663473,17.76,722,3267.0,18658.0,66.9,0.0,0,0,0,Approved
13796,1,credit_card,0.08,108.11,10.27505111,21.6,737,6809.958333,22245.0,44.5,1.0,0,0,0,Approved
13797,1,major_purchase,0.1505,208.15,11.07702177,11.58,717,4529.958333,5518.0,98.3,0.0,0,0,0,Approved
13798,1,all_other,0.0963,96.29,11.33857208,16.86,717,7350.0,31089.0,78.1,1.0,0,0,0,Approved
13799,1,debt_consolidation,0.0932,191.69,11.15310271,4.06,747,2250.0,5307.0,12.8,1.0,0,0,0,Approved
13800,1,credit_card,0.1221,453.09,11.15625052,22.18,712,3990.0,34560.0,84.9,2.0,0,0,0,Approved
13801,1,educational,0.1221,69.97,10.08580911,19.35,687,13410.0,0.0,0,0.0,0,0,0,Review
13802,1,all_other,0.0932,287.53,11.35035948,0,812,4800.0,1343.0,3.1,1.0,0,0,0,Approved
13803,1,debt_consolidation,0.0932,332.25,11.48965684,6.3,762,5400.0,42307.0,38,1.0,0,0,0,Approved
13804,1,debt_consolidation,0.08,137.88,10.40426284,10.76,747,3300.0,433.0,7.3,0.0,0,0,0,Approved
13805,1,all_other,0.1189,318.38,10.4744671,21.15,707,3575.0,30332.0,44.4,3.0,0,0,0,Approved
13806,1,educational,0.1218,666.0,11.96527416,8.95,727,7157.958333,31340.0,61.3,3.0,0,0,0,Approved
13807,1,debt_consolidation,0.1126,492.95,11.03495418,5.46,787,5820.0,17911.0,32.6,2.0,0,0,1,Approved
13808,1,all_other,0.1347,101.77,10.81977828,19.75,672,6960.0,17015.0,53.8,1.0,0,0,0,Review
13809,1,debt_consolidation,0.1284,50.43,10.92233487,23.09,672,4560.958333,31698.0,79.2,3.0,0,0,0,Review
13810,1,small_business,0.0963,471.79,11.31447453,4.71,762,6809.958333,3629.0,17.9,0.0,1,0,0,Approved
13811,1,debt_consolidation,0.1158,825.34,11.47874801,19.57,752,4229.958333,17091.0,38.8,1.0,0,0,0,Approved
13812,1,all_other,0.1158,594.25,11.53272809,11.35,727,5550.0,32831.0,66.6,1.0,0,0,1,Approved
13813,1,all_other,0.1221,333.15,10.71441777,0,707,2640.0,4924.0,23.8,0.0,1,0,0,Approved
13814,1,home_improvement,0.0932,159.74,10.81985828,1.39,777,6930.0,2294.0,6.1,0.0,0,0,0,Approved
13815,1,credit_card,0.1411,479.21,11.00209984,22.14,677,5699.958333,14180.0,58.6,1.0,0,0,0,Review
13816,1,credit_card,0.1221,832.88,11.35040654,17.59,727,3330.0,34155.0,45.5,0.0,0,0,0,Approved
13817,1,home_improvement,0.0768,124.77,10.84480255,18.07,797,5520.0,3832.0,6.6,0.0,0,0,0,Approved
13818,1,debt_consolidation,0.0932,111.82,11.00209984,16.92,727,2069.958333,3160.0,33.3,1.0,0,0,0,Approved
13819,1,debt_consolidation,0.1379,681.51,12.4292162,5.4,687,6779.958333,11356.0,78.7,1.0,0,0,0,Review
13820,1,debt_consolidation,0.1095,229.0,10.22990945,13.68,717,2100.0,4635.0,60.2,3.0,0,0,0,Approved
13821,1,home_improvement,0.1316,101.32,10.80242865,0.56,717,1259.958333,1672.0,53.9,2.0,0,0,0,Approved
13822,1,all_other,0.1095,163.57,11.60367983,15.75,717,4680.0,34267.0,67.5,2.0,0,0,0,Approved
13823,1,debt_consolidation,0.1158,429.18,10.63585545,17.37,717,3630.0,14391.0,34.4,2.0,0,0,0,Approved
13824,1,major_purchase,0.1379,477.06,10.89673933,6.71,687,4800.0,16826.0,81.3,2.0,0,0,1,Review
13825,1,credit_card,0.1253,259.37,11.70645498,24.54,702,6270.0,72544.0,93.6,0.0,0,0,0,Approved
13826,1,debt_consolidation,0.1221,333.15,10.59663473,4.59,742,4020.0,5784.0,52.6,1.0,0,0,0,Approved
13827,1,debt_consolidation,0.1537,261.35,11.22524339,7.09,667,5850.0,25908.0,97.4,1.0,0,1,0,Review
13828,1,debt_consolidation,0.1158,396.17,10.95080655,13.89,722,2759.958333,7636.0,26.9,1.0,0,0,1,Approved
13829,1,debt_consolidation,0.1221,666.3,11.51292546,8.89,722,5400.0,20636.0,22.6,2.0,1,0,0,Approved
13830,1,home_improvement,0.1221,499.73,11.51292546,9.19,712,2309.958333,24204.0,30,2.0,0,0,0,Approved
13831,1,debt_consolidation,0.1316,506.56,10.87161143,6.52,692,3630.0,10372.0,50.1,0.0,0,0,0,Review
13832,1,all_other,0.0963,205.41,10.66895539,21.01,727,3720.0,2210.0,11.9,1.0,0,0,0,Approved
13833,1,major_purchase,0.08,112.81,10.46321762,2.23,737,4589.958333,5015.0,8.2,1.0,0,0,0,Approved
13834,1,home_improvement,0.0894,301.83,11.35627165,6.27,747,3449.958333,6382.0,9.4,0.0,0,0,0,Approved
13835,1,debt_consolidation,0.0932,191.69,10.33475035,5.57,752,4949.958333,8143.0,18.4,0.0,0,0,0,Approved
13836,1,small_business,0.1565,419.84,11.08214255,11.94,712,6897.0,13583.0,26.6,0.0,0,0,1,Approved
13837,1,debt_consolidation,0.1221,259.86,10.98529272,11.69,692,2069.958333,7133.0,63.7,1.0,0,0,0,Review
13838,1,educational,0.1253,167.34,10.30895266,0,697,1860.0,0.0,0,1.0,1,0,1,Review
13839,1,credit_card,0.1474,86.35,9.798127037,6.93,662,2520.0,4299.0,17.1,1.0,0,0,1,Review
13840,1,credit_card,0.0932,159.74,11.05089001,13.79,737,3630.0,5163.0,28.1,1.0,0,0,0,Approved
13841,1,all_other,0.1158,99.05,11.55214618,15.18,712,7139.958333,21072.0,94.6,1.0,0,0,0,Approved
13842,1,debt_consolidation,0.0932,127.79,10.62132735,17.82,747,3990.0,24764.0,32,0.0,0,0,1,Approved
13843,1,debt_consolidation,0.1221,133.26,10.59663473,13.26,692,3630.0,6172.0,22.2,0.0,0,0,0,Review
13844,1,debt_consolidation,0.1316,148.59,10.84894866,6.69,707,6419.958333,11374.0,68.1,1.0,1,0,1,Approved
13845,1,small_business,0.08,156.69,9.472704636,16.8,762,3660.0,1970.0,7.5,0.0,0,0,0,Approved
13846,1,all_other,0.0963,152.45,10.30895266,12.52,727,2550.0,6070.0,30.3,3.0,0,0,1,Approved
13847,1,small_business,0.1695,178.14,10.81977828,21.7,687,4619.958333,5800.0,66.7,2.0,1,0,1,Review
13848,1,debt_consolidation,0.1316,344.46,10.6454249,14.57,697,2850.0,8504.0,87.7,2.0,0,0,0,Review
13849,1,all_other,0.1253,301.2,11.34805082,21.4,692,5040.0,7407.0,45.4,1.0,0,0,0,Review
13850,1,debt_consolidation,0.08,156.69,11.45495731,16.21,747,8969.958333,78532.0,36.9,3.0,0,0,0,Approved
13851,1,major_purchase,0.1148,494.53,11.28978191,0.66,752,2789.958333,513.0,7,3.0,0,0,0,Approved
13852,1,all_other,0.1221,283.18,10.49559819,9.23,722,1487.0,364.0,12.1,1.0,0,0,0,Approved
13853,1,home_improvement,0.0932,319.47,10.9331784,12.62,777,3330.0,798.0,4.9,0.0,0,0,0,Approved
13854,1,educational,0.0932,332.25,10.61643736,14.47,752,2970.0,3741.0,10.2,1.0,0,0,0,Approved
13855,1,small_business,0.0963,288.85,11.42954386,15.85,732,4589.958333,27458.0,63.4,0.0,0,0,0,Approved
13856,1,debt_consolidation,0.1632,565.02,10.95080655,5.64,662,4770.0,19607.0,76.9,0.0,0,0,0,Review
13857,1,home_improvement,0.1221,499.73,10.71441777,14.51,712,5699.958333,5786.0,48.6,3.0,0,1,1,Approved
13858,1,debt_consolidation,0.1505,312.23,11.03488966,23.75,677,3570.0,15149.0,92.9,1.0,0,0,0,Review
13859,1,debt_consolidation,0.1126,262.91,11.41564334,8.04,722,6300.0,7670.0,57.7,1.0,0,0,0,Approved
13860,1,debt_consolidation,0.1379,681.51,11.32242576,14.94,692,4499.958333,36449.0,45.1,0.0,0,0,1,Review
13861,1,educational,0.0932,47.93,11.08214255,5.94,742,5880.0,2232.0,38.5,0.0,0,0,0,Approved
13862,1,credit_card,0.1284,403.42,10.46321762,11.21,687,8100.0,8568.0,48.1,1.0,4,0,1,Review
13863,1,credit_card,0.0932,223.63,10.51867319,23.42,737,4680.0,22450.0,52.9,1.0,0,0,0,Approved
13864,1,major_purchase,0.1411,273.84,10.71441777,8.8,702,1410.0,0.0,0,2.0,0,0,0,Approved
13865,1,debt_consolidation,0.1126,328.64,11.42954386,2.54,717,6749.958333,12809.0,26.3,3.0,0,1,0,Approved
13866,1,home_improvement,0.1537,871.16,13.01700286,0.13,687,2520.0,4853.0,14.8,2.0,0,0,0,Review
13867,1,debt_consolidation,0.1505,346.92,10.71441777,11.92,667,4020.0,29482.0,80.3,1.0,0,0,1,Review
13868,1,credit_card,0.1253,200.8,10.62132735,11.24,682,1890.0,9469.0,65.8,0.0,1,0,0,Review
13869,1,all_other,0.1221,333.15,11.42958733,10.45,702,3419.958333,17328.0,45.7,0.0,0,0,1,Approved
13870,1,debt_consolidation,0.1379,817.82,11.81303006,5.72,707,6060.958333,24146.0,58.9,0.0,0,0,0,Approved
13871,1,credit_card,0.1347,508.84,11.41090381,3.77,682,4800.0,24545.0,66.9,0.0,0,0,0,Review
13872,1,debt_consolidation,0.1284,90.77,10.71441777,9.17,697,6600.0,2857.0,92.2,0.0,0,0,0,Review
13873,1,small_business,0.1758,215.66,10.77895629,5.03,697,1740.0,3881.0,55.4,0.0,0,0,0,Review
13874,1,all_other,0.1253,100.4,11.00209984,12.98,682,4800.0,8288.0,83.7,0.0,0,0,0,Review
13875,1,small_business,0.1758,539.13,11.26446411,9.18,692,5981.958333,10055.0,37.5,0.0,0,0,0,Review
13876,1,credit_card,0.0894,349.49,11.66134547,7.14,742,8490.0,22162.0,17.5,0.0,0,0,0,Approved
13877,1,all_other,0.1221,159.92,11.22524339,9.41,697,3750.0,21069.0,87.8,0.0,0,0,0,Review
13878,1,major_purchase,0.08,156.69,10.23995979,2.36,752,2192.0,2583.0,31.5,1.0,0,0,0,Approved
13879,1,debt_consolidation,0.08,188.02,10.73639668,10.64,762,11700.0,74759.0,13.9,0.0,0,0,0,Approved
13880,1,debt_consolidation,0.16,175.79,10.3859137,16.3,662,3616.0,0.0,0,0.0,1,0,1,Review
13881,1,credit_card,0.1357,271.75,9.680344001,7.35,692,1514.0,4341.0,31.2,0.0,0,0,0,Review
13882,1,all_other,0.1189,215.57,11.33857208,18.1,702,5490.0,14575.0,36.4,1.0,0,0,0,Approved
13883,1,major_purchase,0.0963,449.32,11.26446411,11.88,802,4290.0,1236.0,3.9,1.0,0,0,0,Approved
13884,1,educational,0.1316,128.33,10.71441777,17.01,702,2550.0,5144.0,29.1,0.0,0,0,0,Approved
13885,1,debt_consolidation,0.1316,364.72,10.73630972,19.05,692,3990.0,13067.0,89.5,1.0,0,0,0,Review
13886,1,all_other,0.1095,57.25,9.740968623,23.65,712,12629.95833,14385.0,25.6,3.0,0,0,0,Approved
13887,1,major_purchase,0.1095,98.15,10.98026315,7.4,722,5040.0,11855.0,76,2.0,1,0,1,Approved
13888,1,credit_card,0.1632,882.84,12.56024446,14.67,687,7320.0,95324.0,96.4,0.0,0,0,0,Review
13889,1,all_other,0.0963,160.48,11.05879518,22.37,727,2669.958333,3649.0,28.5,1.0,0,0,0,Approved
13890,1,debt_consolidation,0.1158,660.27,10.81985828,12.46,772,4140.958333,0.0,0,1.0,0,0,0,Approved
13891,1,all_other,0.08,175.49,11.08214255,17.13,757,6150.0,4728.0,18.8,1.0,0,0,0,Approved
13892,1,debt_consolidation,0.1253,133.87,10.59663473,18.39,687,4050.0,7227.0,70.9,0.0,0,0,0,Review
13893,1,credit_card,0.1505,86.73,11.1844214,16.3,667,3600.0,16242.0,95.5,0.0,0,0,0,Review
13894,1,debt_consolidation,0.0963,385.14,10.46310334,15.94,767,7139.958333,12002.0,29.4,1.0,0,0,0,Approved
13895,1,debt_consolidation,0.1189,331.64,11.40756495,13.95,712,6809.958333,32678.0,75.8,0.0,0,1,0,Approved
13896,1,all_other,0.1284,268.95,10.65140697,16.73,682,3600.0,4075.0,20.4,0.0,0,0,0,Review
13897,1,debt_consolidation,0.1461,379.23,11.14186178,12.7,682,10820.95833,21479.0,82.3,0.0,0,0,0,Review
13898,1,debt_consolidation,0.1189,530.63,11.45105006,13.93,717,7079.958333,9867.0,24.1,1.0,0,0,0,Approved
13899,1,major_purchase,0.1221,299.84,10.89049766,24.35,702,3600.0,43751.0,86.3,0.0,0,0,0,Approved
13900,1,all_other,0.1095,327.14,11.15625052,0.82,722,5984.958333,2401.0,8.1,0.0,0,0,0,Approved
13901,1,debt_consolidation,0.1379,204.46,11.69524702,9.74,672,5521.0,41042.0,82.1,2.0,0,0,0,Review
13902,1,debt_consolidation,0.1126,460.09,10.49127422,22.83,722,3570.0,10400.0,40.2,2.0,0,0,0,Approved
13903,1,all_other,0.0932,115.01,10.69194491,2.1,797,5161.0,0.0,0,0.0,0,0,0,Approved
13904,1,home_improvement,0.0963,112.33,10.59663473,5.31,717,3270.0,4199.0,27.6,1.0,0,0,0,Approved
13905,1,small_business,0.1537,139.39,9.61580548,15.04,787,3869.958333,1573.0,3.5,1.0,0,0,0,Approved
13906,1,debt_consolidation,0.1316,489.67,10.71441777,24.91,687,3899.958333,15134.0,74.6,0.0,0,0,0,Review
13907,1,debt_consolidation,0.1126,591.54,11.1051978,10.93,742,5550.0,29596.0,30.8,0.0,0,0,1,Approved
13908,1,debt_consolidation,0.0788,187.69,10.78931908,18.09,722,3870.041667,23919.0,67.6,2.0,0,0,0,Approved
13909,1,debt_consolidation,0.1284,134.48,9.340403256,11.7,687,1709.958333,3789.0,75.8,0.0,0,0,0,Review
13910,1,debt_consolidation,0.1474,172.69,10.08580911,15.05,672,1380.0,9802.0,63.6,2.0,1,0,0,Review
13911,1,debt_consolidation,0.1253,133.87,11.09930217,3.26,712,1740.0,3690.0,73.8,0.0,0,0,0,Approved
13912,1,debt_consolidation,0.1347,463.05,10.89673933,23.29,682,3300.0,18749.0,61.1,3.0,1,0,0,Review
13913,1,debt_consolidation,0.1095,196.29,10.04324949,8.82,742,7320.0,591.0,29.5,0.0,0,0,0,Approved
13914,1,debt_consolidation,0.1221,199.89,10.18111929,11.05,687,4589.958333,14387.0,68.5,0.0,0,0,1,Review
13915,1,debt_consolidation,0.1379,681.51,11.69524702,15,687,7680.0,24911.0,27.2,1.0,2,0,0,Review
13916,1,home_improvement,0.0963,231.08,11.3736634,3.61,777,4499.958333,0.0,0,0.0,0,0,0,Approved
13917,1,credit_card,0.1221,116.61,10.59663473,8.28,687,5249.958333,3900.0,43.7,0.0,1,0,0,Review
13918,1,credit_card,0.1287,235.44,10.81977828,16.06,692,2940.0,19609.0,73.7,2.0,0,0,0,Review
13919,1,debt_consolidation,0.0963,320.95,10.81977828,21.89,747,6389.958333,33895.0,33.3,0.0,0,0,0,Approved
13920,1,major_purchase,0.08,125.35,11.12726298,14.19,772,2339.958333,471.0,2.6,2.0,0,0,0,Approved
13921,1,major_purchase,0.0932,191.69,11.46468015,9.51,742,4680.0,31108.0,34.9,0.0,0,0,1,Approved
13922,1,small_business,0.1758,251.6,10.30895266,13.16,712,2100.0,12017.0,73.7,1.0,0,0,0,Approved
13923,1,debt_consolidation,0.1284,403.42,10.4341158,23.05,687,5070.0,8856.0,28.2,2.0,2,1,0,Review
13924,1,debt_consolidation,0.1221,449.76,11.12726298,18.72,707,3180.958333,28714.0,53.1,0.0,0,0,0,Approved
13925,1,educational,0.1411,201.1,9.862665558,0.56,682,6540.0,0.0,0,2.0,0,0,0,Review
13926,1,all_other,0.0894,142.98,11.51292546,9.6,752,3893.958333,50284.0,32.6,3.0,0,0,0,Approved
13927,1,major_purchase,0.0932,111.82,10.79409118,8.94,767,2069.958333,280.0,2.1,0.0,0,0,0,Approved
13928,1,home_improvement,0.08,203.69,11.72800459,8.79,752,7439.958333,7828.0,13.2,3.0,0,0,0,Approved
13929,1,debt_consolidation,0.1442,206.3,10.77895629,4.88,662,2100.0,5565.0,43.1,0.0,0,0,0,Review
13930,1,all_other,0.1347,122.13,9.61580548,15.28,682,1410.0,371.0,37.1,1.0,0,0,0,Review
13931,1,debt_consolidation,0.1379,238.53,11.19134184,13.41,682,4619.958333,22541.0,57.1,1.0,0,0,0,Review
13932,1,debt_consolidation,0.1221,299.84,11.51791301,8.6,697,5639.958333,20994.0,75.8,1.0,0,0,0,Review
13933,1,educational,0.0932,255.58,10.30895266,16.8,772,5969.958333,7590.0,25.7,0.0,0,0,0,Approved
13934,1,home_improvement,0.1253,227.58,11.08214255,4.1,747,2789.958333,155.0,1.2,6.0,0,0,1,Approved
13935,1,debt_consolidation,0.1189,328.33,10.62869042,18.19,707,3607.0,8737.0,70.5,0.0,0,0,0,Approved
13936,1,debt_consolidation,0.1348,447.8,10.46310334,22.25,687,3955.041667,23698.0,78.7,0.0,0,0,0,Review
13937,1,credit_card,0.1126,87.09,10.77895629,20.8,702,15419.95833,8129.0,63,1.0,0,0,0,Approved
13938,1,debt_consolidation,0.1158,495.21,11.19821472,10.22,752,8400.0,16877.0,54.4,1.0,0,0,0,Approved
13939,1,all_other,0.1726,751.47,10.77895629,13.38,667,5646.958333,0.0,0,1.0,3,0,0,Review
13940,1,all_other,0.08,156.69,10.98860925,7.12,752,5669.958333,13538.0,48.9,3.0,0,0,0,Approved
13941,1,all_other,0.08,100.28,10.30895266,2.84,762,2550.0,179.0,0.5,1.0,0,0,0,Approved
13942,1,educational,0.1284,268.95,9.472704636,0,717,1440.0,0.0,0,3.0,0,0,1,Approved
13943,1,debt_consolidation,0.0768,124.77,10.81985828,17.06,782,4290.0,1950.0,18.7,3.0,0,0,0,Approved
13944,1,debt_consolidation,0.1189,265.32,9.903487553,8.46,712,4169.958333,14326.0,75.4,0.0,0,0,0,Approved
13945,1,all_other,0.1221,59.97,11.00209984,19.82,732,3720.0,16854.0,96.3,0.0,0,0,0,Approved
13946,1,debt_consolidation,0.1316,337.71,10.73639668,15.47,687,1679.958333,4351.0,33.7,0.0,0,0,1,Review
13947,1,debt_consolidation,0.1442,275.07,10.89673933,7,662,1949.958333,14867.0,57.6,2.0,0,0,0,Review
13948,1,all_other,0.0963,288.85,11.35045359,7.19,757,2759.958333,11.0,0.1,1.0,0,0,1,Approved
13949,1,all_other,0.1505,173.46,11.35040654,14.04,672,5490.0,9952.0,97.6,1.0,0,0,0,Review
13950,1,debt_consolidation,0.1221,283.18,11.08214255,9.18,692,1979.958333,9283.0,72.5,0.0,0,0,0,Review
13951,1,debt_consolidation,0.1284,268.95,10.71441777,8.32,712,2100.0,9572.0,76.6,0.0,0,0,0,Approved
13952,1,credit_card,0.1568,700.04,11.69524702,16.77,677,2280.0,29799.0,53,3.0,0,0,0,Review
13953,1,home_improvement,0.1284,282.4,11.9381932,0.39,712,8159.958333,5714.0,28.4,3.0,0,0,0,Approved
13954,1,debt_consolidation,0.08,94.01,10.30895266,10.4,742,3809.958333,8112.0,18.2,0.0,0,0,0,Approved
13955,1,credit_card,0.1253,351.4,10.84941475,23.49,697,2850.0,18709.0,63.9,1.0,0,0,0,Review
13956,1,all_other,0.1442,120.34,10.22441096,14.67,672,5249.958333,10455.0,95.3,3.0,1,0,1,Review
13957,1,credit_card,0.1062,162.8,10.08580911,21.6,707,4800.0,6010.0,41.4,0.0,1,0,0,Approved
13958,1,debt_consolidation,0.1095,523.42,10.6214249,17,752,4290.0,1850.0,7.6,1.0,0,0,0,Approved
13959,1,major_purchase,0.1126,262.91,11.00209984,4.46,742,2550.0,4824.0,47.8,2.0,0,0,0,Approved
13960,1,home_improvement,0.1126,427.23,11.21187442,15.31,742,5580.0,957.0,16.8,2.0,0,0,0,Approved
13961,1,debt_consolidation,0.1126,657.27,11.40756495,12.15,757,3779.958333,5948.0,56.6,0.0,0,0,0,Approved
13962,1,debt_consolidation,0.0963,385.14,11.08214255,11.76,752,7650.0,54707.0,50.6,2.0,0,0,1,Approved
13963,1,debt_consolidation,0.1284,470.66,11.88448902,8.88,717,1110.0,2424.0,15.6,1.0,0,0,0,Approved
13964,1,all_other,0.1284,141.2,10.23466006,10.21,682,4020.0,4002.0,61.6,2.0,0,0,1,Review
13965,1,debt_consolidation,0.167,497.02,11.15625052,12.75,707,5088.0,65335.0,66.9,1.0,0,0,0,Approved
13966,1,debt_consolidation,0.1253,284.47,11.14739716,22.05,692,7020.0,33321.0,83.5,1.0,0,0,0,Review
13967,1,debt_consolidation,0.0963,320.95,11.22524339,13.79,737,3059.958333,21027.0,17.7,1.0,0,0,0,Approved
13968,1,all_other,0.1284,571.51,10.16585182,7.8,752,13140.0,77929.0,8.3,7.0,0,0,1,Approved
13969,1,credit_card,0.0932,188.49,10.96819829,5.07,737,5341.958333,4499.0,17.8,1.0,0,0,0,Approved
13970,1,debt_consolidation,0.1537,418.16,10.91508846,8.51,672,4410.0,7494.0,94.9,1.0,0,0,0,Review
13971,1,all_other,0.1474,207.23,9.85198371,12.32,662,1770.0,5825.0,48.5,0.0,0,0,0,Review
13972,1,all_other,0.1158,495.21,11.71177632,4.34,727,4740.0,13410.0,20,0.0,0,0,0,Approved
13973,1,all_other,0.1568,490.03,11.66992921,6.02,687,3240.0,7755.0,90.2,1.0,0,0,0,Review
13974,1,credit_card,0.1158,351.6,10.91508846,9.25,717,7199.958333,17808.0,58,2.0,0,0,0,Approved
13975,1,debt_consolidation,0.1253,234.27,11.00209984,6.64,697,5729.958333,11391.0,67,1.0,0,0,0,Review
13976,1,all_other,0.0768,155.96,10.48793532,3.65,797,9420.0,4787.0,10.8,0.0,0,0,0,Approved
13977,1,credit_card,0.1474,518.06,11.08214255,6.79,687,2130.0,11314.0,87,2.0,0,0,0,Review
13978,1,debt_consolidation,0.1316,709.18,11.77528973,8.23,702,10590.0,11956.0,71.1,2.0,0,1,0,Approved
13979,1,debt_consolidation,0.1347,254.42,10.77687078,13.23,677,3179.958333,8815.0,51,1.0,0,0,0,Review
13980,1,all_other,0.1284,47.07,8.494538501,17.68,722,2100.0,0.0,,3.0,0,0,0,Approved
13981,1,educational,0.1316,135.09,10.30895266,4.28,752,8279.958333,2049.0,9.1,8.0,0,0,0,Approved
13982,1,debt_consolidation,0.1316,337.71,11.35040654,18.31,702,3240.0,16528.0,22.9,1.0,0,0,0,Approved
13983,1,credit_card,0.1253,602.4,11.53272809,16.42,707,7859.958333,11318.0,35.3,0.0,0,0,0,Approved
13984,1,all_other,0.1221,266.52,10.51604813,6.21,717,1589.958333,6883.0,65.6,0.0,0,0,0,Approved
13985,1,educational,0.1357,203.82,10.30895266,10.84,677,2670.0,3962.0,56.6,1.0,0,0,0,Review
13986,1,debt_consolidation,0.1221,399.78,10.85892207,17.12,702,4169.958333,15524.0,29,0.0,0,0,0,Approved
13987,1,debt_consolidation,0.0963,288.85,10.68051622,8.77,737,3210.0,15228.0,60.4,1.0,0,0,0,Approved
13988,1,debt_consolidation,0.1316,371.48,10.91501573,7.62,682,2669.958333,10756.0,69.8,0.0,0,0,0,Review
13989,1,debt_consolidation,0.1537,261.35,10.71441777,15.84,662,3210.0,5015.0,85,0.0,0,0,0,Review
13990,1,major_purchase,0.1218,266.4,10.75790288,2.32,762,4474.0,7470.0,38.3,1.0,0,0,0,Approved
13991,1,credit_card,0.0932,153.35,11.27720313,17.26,742,5160.0,22101.0,26.8,0.0,0,0,0,Approved
13992,1,small_business,0.2011,623.4,11.00209984,21.34,662,3960.0,13337.0,59,0.0,1,1,1,Review
13993,1,debt_consolidation,0.1379,391.87,10.6454249,10.89,687,3660.0,11637.0,91.6,1.0,0,0,0,Review
13994,1,credit_card,0.1126,394.36,10.71441777,17.39,722,2699.958333,5079.0,14.8,2.0,0,0,0,Approved
13995,1,debt_consolidation,0.1095,327.14,10.81977828,22.46,727,4169.958333,10593.0,37.2,0.0,0,0,0,Approved
13996,1,major_purchase,0.1411,328.6,11.40756495,12.72,667,5309.958333,11265.0,39,0.0,2,0,0,Review
13997,1,debt_consolidation,0.1126,230.05,10.98778115,18.2,712,7469.958333,42157.0,86.6,1.0,0,0,0,Approved
13998,1,debt_consolidation,0.0963,224.66,10.81977828,12.77,727,7320.0,13539.0,68.7,0.0,0,0,0,Approved
13999,1,home_improvement,0.0963,365.88,11.8277362,4.21,807,4259.958333,58518.0,0,1.0,0,0,0,Approved
14000,1,debt_consolidation,0.1095,327.14,10.81977828,8.9,727,3179.958333,6048.0,26.8,1.0,0,0,0,Approved
14001,1,debt_consolidation,0.1505,312.23,11.0390102,11.3,662,1770.0,12842.0,61.7,2.0,0,0,0,Review
14002,1,debt_consolidation,0.1474,690.74,12.00150548,10.2,712,3960.0,106181.0,94.1,0.0,1,0,0,Approved
14003,1,small_business,0.1531,417.79,11.20582949,10.39,742,2785.958333,2577.0,6.3,1.0,0,0,0,Approved
14004,1,debt_consolidation,0.1095,314.06,11.94475983,8.75,732,3119.958333,33147.0,34.9,2.0,0,0,0,Approved
14005,1,debt_consolidation,0.16,351.58,11.35040654,8.6,672,5220.0,9132.0,36.5,2.0,0,0,0,Review
14006,1,credit_card,0.1189,182.41,10.66895539,17.94,697,2819.958333,5668.0,76.6,3.0,1,0,0,Review
14007,1,all_other,0.0963,353.04,10.83958091,19.48,737,2910.0,1100.0,7.7,1.0,0,0,0,Approved
14008,1,all_other,0.1126,427.23,11.3736634,18.36,732,2069.958333,5730.0,10.8,1.0,0,0,0,Approved
14009,1,debt_consolidation,0.1189,782.67,10.91501573,16.21,737,5009.958333,29276.0,71.5,0.0,0,0,0,Approved
14010,1,debt_consolidation,0.1189,265.32,10.59663473,15.69,717,2640.0,7131.0,93.8,0.0,0,0,0,Approved
14011,1,debt_consolidation,0.074,139.77,11.37198383,14.18,797,4939.958333,5254.0,11.6,0.0,0,0,0,Approved
14012,1,all_other,0.1189,497.46,11.18996158,11.85,752,2160.0,1281.0,2.3,4.0,0,0,0,Approved
14013,1,debt_consolidation,0.1114,173.86,11.51292546,8.47,742,4896.0,73258.0,89.9,1.0,0,0,0,Approved
14014,1,debt_consolidation,0.0963,481.42,10.87812266,10.87,782,6540.0,17040.0,39.4,2.0,0,0,0,Approved
14015,1,debt_consolidation,0.1411,444.98,11.09741002,17.51,682,5669.958333,22388.0,91.3,3.0,2,0,0,Review
14016,1,debt_consolidation,0.1316,439.02,10.81977828,9.53,687,1860.0,13472.0,80.7,0.0,0,0,0,Review
14017,1,debt_consolidation,0.1253,589.01,11.05564061,10.05,737,6029.958333,51054.0,58.8,1.0,0,0,0,Approved
14018,1,debt_consolidation,0.1316,351.21,11.35040654,6.73,682,4290.0,4611.0,30.7,0.0,1,0,0,Review
14019,1,all_other,0.0932,47.93,10.81552927,18.2,722,3720.0,1498.0,6.7,1.0,0,0,0,Approved
14020,1,credit_card,0.1853,910.44,11.69524702,24.97,672,4290.0,96565.0,88.9,0.0,0,0,0,Review
14021,1,debt_consolidation,0.1316,405.25,11.2185544,18.22,697,4560.958333,10157.0,63.9,1.0,0,0,1,Review
14022,1,debt_consolidation,0.1183,308.15,11.40756495,4.12,722,3149.958333,1067.0,46.4,1.0,0,0,0,Approved
14023,1,debt_consolidation,0.1158,445.69,10.84450992,15.34,717,2819.958333,13582.0,51.1,2.0,0,0,0,Approved
14024,1,debt_consolidation,0.1189,663.28,11.1844214,14.12,727,3210.0,20979.0,68.6,0.0,0,0,0,Approved
14025,1,debt_consolidation,0.1632,529.71,11.60823564,10.37,662,3360.0,14517.0,91.3,2.0,0,1,0,Review
14026,1,educational,0.1253,167.34,10.37349118,11.81,682,5130.0,1278.0,63.9,1.0,1,0,0,Review
14027,1,debt_consolidation,0.1426,171.53,10.81985828,18.57,667,4619.958333,10883.0,27.2,2.0,0,0,0,Review
14028,1,debt_consolidation,0.1095,323.87,10.57131693,14.65,727,2399.958333,10299.0,39.9,0.0,0,0,0,Approved
14029,1,debt_consolidation,0.1411,136.92,11.15619338,2.43,682,1110.0,4177.0,41.4,2.0,0,0,0,Review
14030,1,debt_consolidation,0.1189,198.99,10.77895629,23.55,712,1890.0,4659.0,41.6,0.0,0,0,0,Approved
14031,1,small_business,0.1853,538.98,11.00209984,1.58,717,3390.0,8476.0,66.7,1.0,0,0,1,Approved
14032,1,all_other,0.1095,196.29,11.12732181,21.33,717,5639.958333,27411.0,42.4,2.0,0,0,0,Approved
14033,1,all_other,0.1537,174.24,11.08214255,4.23,677,3869.958333,5239.0,22.6,1.0,1,0,0,Review
14034,1,debt_consolidation,0.1114,519.94,11.2697195,9.5,762,7721.0,13405.0,23.7,3.0,0,0,1,Approved
14035,1,major_purchase,0.1505,104.08,10.81977828,14.93,687,5639.958333,3149.0,98.4,0.0,0,0,0,Review
14036,1,debt_consolidation,0.1221,333.15,10.54534144,7.14,702,3180.958333,5520.0,13.6,1.0,0,0,0,Approved
14037,1,debt_consolidation,0.1253,334.67,11.17071681,9.8,707,5130.0,11437.0,35.4,2.0,1,0,0,Approved
14038,1,small_business,0.1695,356.27,10.83958091,23.53,702,4410.0,19230.0,44.4,3.0,0,0,0,Approved
14039,1,debt_consolidation,0.16,703.15,11.23843599,23.57,697,4649.958333,22037.0,99.3,1.0,0,0,0,Review
14040,1,educational,0.1221,399.78,11.55214618,8.75,707,6600.0,5199.0,12.5,1.0,1,0,0,Approved
14041,1,all_other,0.0737,108.66,10.70315458,13.89,787,5339.958333,5284.0,7,2.0,0,0,0,Approved
14042,1,debt_consolidation,0.0963,449.32,11.15016059,14.57,762,15119.95833,14992.0,34.6,0.0,0,0,0,Approved
14043,1,educational,0.1114,164.02,11.15625052,14.52,717,3669.0,4093.0,17.1,2.0,0,0,0,Approved
14044,1,debt_consolidation,0.1253,284.47,10.1266311,18.72,687,1979.958333,13604.0,52.5,0.0,0,0,0,Review
14045,1,debt_consolidation,0.1158,561.23,11.12198437,11.82,727,6540.0,21676.0,62.1,0.0,0,0,0,Approved
14046,1,debt_consolidation,0.0932,460.04,11.32055357,4.29,772,5760.0,4554.0,9.4,2.0,0,0,0,Approved
14047,1,major_purchase,0.0768,109.17,10.96819829,15.89,752,15360.0,17771.0,37.2,0.0,0,0,0,Approved
14048,1,debt_consolidation,0.1158,429.18,11.15619338,18.22,712,4529.958333,24893.0,69.9,1.0,0,0,0,Approved
14049,1,all_other,0.1284,268.95,10.30895266,4.28,687,4949.958333,1602.0,76.3,0.0,0,0,0,Review
14050,1,debt_consolidation,0.1126,709.85,11.40756495,7.91,752,4800.0,16249.0,72.5,1.0,0,0,1,Approved
14051,1,debt_consolidation,0.1347,67.85,10.14643373,14.64,667,6809.958333,11821.0,33.7,0.0,1,0,0,Review
14052,1,all_other,0.1095,32.72,10.37967204,15.43,717,3899.958333,0.0,0,0.0,0,0,0,Approved
14053,1,credit_card,0.1411,189.98,10.81977828,21.58,667,3119.958333,13594.0,63.5,2.0,0,0,0,Review
14054,1,credit_card,0.1183,424.12,10.7063856,10.65,717,3965.0,9294.0,19.3,2.0,0,0,0,Approved
14055,1,all_other,0.1148,327.22,10.71441777,12.67,732,2913.0,696.0,2.7,3.0,1,0,0,Approved
14056,1,credit_card,0.1284,363.08,10.77895629,22.45,687,8219.958333,15260.0,77.9,0.0,0,1,0,Review
14057,1,all_other,0.1316,42.22,9.574983486,21.33,667,2039.958333,1638.0,71.2,1.0,1,0,1,Review
14058,1,home_improvement,0.08,313.37,11.40756495,4.07,777,5160.0,2881.0,14.2,0.0,0,0,0,Approved
14059,1,credit_card,0.08,313.37,11.32659589,8.79,777,6120.0,1226.0,6.8,3.0,0,0,0,Approved
14060,1,debt_consolidation,0.0932,351.42,11.56171563,4.33,747,4619.958333,5297.0,20.2,1.0,0,0,0,Approved
14061,1,home_improvement,0.1183,463.88,10.96819829,8.23,742,2153.0,0.0,0,2.0,0,0,0,Approved
14062,1,credit_card,0.1221,133.26,10.57131693,24.98,692,1860.0,6714.0,57.9,1.0,0,0,1,Review
14063,1,debt_consolidation,0.1322,243.37,10.59663473,22.77,692,1751.0,9325.0,63.9,1.0,0,0,0,Review
14064,1,debt_consolidation,0.0963,385.14,11.15625052,8.86,757,4859.958333,14745.0,34.6,2.0,0,0,0,Approved
14065,1,small_business,0.1979,287.2,10.87804719,15.26,692,3509.958333,11835.0,98.6,1.0,0,0,1,Review
14066,1,debt_consolidation,0.0963,144.43,11.05089001,13.33,732,2130.0,4004.0,17.8,3.0,0,0,0,Approved
14067,1,educational,0.1189,165.82,10.30895266,18.2,732,1800.0,1984.0,24.8,0.0,0,0,1,Approved
14068,1,debt_consolidation,0.1411,316.62,10.34174248,19.9,667,4949.958333,978.0,27.2,0.0,3,0,0,Review
14069,1,debt_consolidation,0.1379,204.46,11.15625052,7.99,672,8159.958333,7635.0,88.8,1.0,0,1,0,Review
14070,1,all_other,0.0737,99.35,10.50506754,18.15,797,7620.0,19617.0,24,0.0,0,0,0,Approved
14071,1,credit_card,0.08,219.36,11.08521475,10.25,757,3990.0,15223.0,25.8,1.0,0,0,0,Approved
14072,1,all_other,0.0963,320.95,10.68510338,1.35,737,7559.958333,1876.0,12.3,2.0,0,0,1,Approved
14073,1,credit_card,0.1284,504.27,11.46163217,9.75,697,7919.958333,33981.0,77.1,0.0,0,1,1,Review
14074,1,major_purchase,0.0932,281.14,10.07744086,2.37,782,4229.958333,1483.0,5.3,2.0,0,0,0,Approved
14075,1,all_other,0.0963,256.76,10.77895629,9.2,762,2309.958333,5060.0,19.5,0.0,0,0,0,Approved
14076,1,all_other,0.1357,628.42,11.27720313,10.68,707,4466.0,6495.0,42.7,1.0,1,0,0,Approved
14077,1,home_improvement,0.1095,278.07,10.6454249,0.43,817,4979.958333,84.0,0.5,0.0,0,0,0,Approved
14078,1,all_other,0.08,47.01,11.05089001,16.9,732,2550.0,5848.0,44.6,1.0,0,0,0,Approved
14079,1,debt_consolidation,0.1189,165.82,10.81977828,2.5,772,3149.958333,5108.0,33.6,0.0,0,0,0,Approved
14080,1,debt_consolidation,0.0932,297.11,10.91501573,12.15,752,4470.0,2498.0,24.7,1.0,0,0,0,Approved
14081,1,debt_consolidation,0.1148,494.53,10.77895629,7.35,742,4199.958333,16055.0,50.5,0.0,0,0,0,Approved
14082,1,debt_consolidation,0.1284,430.31,11.00209984,11.62,697,2160.0,13957.0,46.1,0.0,0,0,0,Review
14083,1,debt_consolidation,0.16,527.36,11.15625052,7.83,662,6329.958333,18503.0,86.5,0.0,0,0,0,Review
14084,1,all_other,0.1158,825.34,11.51292546,21.05,762,6990.0,5380.0,12.4,2.0,0,0,0,Approved
14085,1,home_improvement,0.0768,37.43,10.37349118,14.93,757,9689.958333,13271.0,16.2,1.0,0,0,0,Approved
14086,1,debt_consolidation,0.1253,334.67,10.73639668,12.83,702,1709.958333,7882.0,29,0.0,0,0,0,Approved
14087,1,debt_consolidation,0.0932,223.63,10.59663473,15.03,742,3869.958333,21414.0,46,0.0,0,0,0,Approved
14088,1,debt_consolidation,0.1379,265.79,10.4341158,21.18,672,4229.958333,4601.0,32,2.0,0,0,1,Review
14089,1,debt_consolidation,0.1316,713.4,12.08168787,11.47,707,3779.958333,113283.0,81.2,2.0,0,0,0,Approved
14090,1,credit_card,0.0963,385.14,11.00209984,19.4,762,12000.0,13659.0,22,0.0,0,0,0,Approved
14091,1,debt_consolidation,0.1221,259.03,11.05089001,14.86,697,3750.0,10013.0,38.7,3.0,0,0,0,Review
14092,1,debt_consolidation,0.1316,675.41,11.22524339,6.75,702,5100.0,19894.0,78.6,0.0,0,1,0,Approved
14093,1,educational,0.1189,132.66,11.12732181,19.76,707,3990.0,24802.0,86.4,3.0,0,0,1,Approved
14094,1,major_purchase,0.1322,169.01,10.49127422,9.37,692,2769.958333,2481.0,50.6,1.0,2,0,0,Review
14095,1,all_other,0.1411,855.73,11.66767025,15.53,712,2789.958333,26438.0,48.7,1.0,0,0,1,Approved
14096,1,all_other,0.0859,221.28,11.35040654,3.92,762,1896.0,17390.0,86.1,1.0,0,0,0,Approved
14097,1,major_purchase,0.1189,530.63,11.26446411,5.23,742,3600.0,16578.0,44.8,0.0,0,0,0,Approved
14098,1,home_improvement,0.1537,209.08,11.1844214,3.3,707,4979.958333,16860.0,99.2,3.0,0,0,0,Approved
14099,1,debt_consolidation,0.1148,464.04,10.23981692,16.33,727,3619.0,18496.0,42.6,1.0,0,0,1,Approved
14100,1,debt_consolidation,0.1663,248.29,10.34161344,8.32,667,2760.958333,6082.0,96.5,1.0,2,0,0,Review
14101,1,debt_consolidation,0.1568,875.04,11.58988651,15.73,682,3570.0,36015.0,88.5,1.0,0,0,1,Review
14102,1,credit_card,0.1284,365.6,10.63344871,13.76,697,3809.958333,8422.0,81.8,0.0,0,0,1,Review
14103,1,debt_consolidation,0.1316,270.17,10.81977828,9.96,682,5279.958333,3958.0,39.6,3.0,0,0,0,Review
14104,1,home_improvement,0.0932,255.58,10.66895539,16.02,752,3779.958333,5410.0,34.9,3.0,0,0,0,Approved
14105,1,all_other,0.1253,251.0,10.77895629,20.51,692,4710.0,12189.0,69.3,0.0,0,0,0,Review
14106,1,all_other,0.074,124.24,9.852194258,4.93,787,4195.958333,2331.0,7.7,2.0,0,0,0,Approved
14107,1,credit_card,0.0932,223.63,10.79957558,19.64,737,4110.0,21140.0,79.8,3.0,0,0,0,Approved
14108,1,all_other,0.1126,98.59,11.08521475,17.21,702,5760.0,16389.0,58.1,0.0,0,0,0,Approved
14109,1,debt_consolidation,0.0894,285.95,11.69524702,12.44,742,6375.958333,43488.0,68.3,3.0,0,0,0,Approved
14110,1,all_other,0.1284,221.88,11.15625052,5.26,742,2850.0,993.0,24.8,0.0,0,0,0,Approved
14111,1,educational,0.1392,170.69,9.61580548,4,692,1470.0,0.0,0,2.0,1,0,0,Review
14112,1,all_other,0.1221,79.96,10.49127422,7,692,5790.0,6655.0,74.8,1.0,0,0,0,Review
14113,1,small_business,0.16,70.32,11.27720313,12.58,682,3293.0,4047.0,30.7,2.0,0,0,0,Review
14114,1,debt_consolidation,0.08,231.89,10.51867319,13.43,752,5790.0,6938.0,24.1,2.0,0,0,0,Approved
14115,1,debt_consolidation,0.1531,163.64,9.862665558,8.56,677,1920.0,1089.0,90.7,0.0,1,0,0,Review
14116,1,debt_consolidation,0.1284,268.95,10.75790288,14.76,692,2009.958333,11798.0,88.7,1.0,0,0,1,Review
14117,1,all_other,0.1347,50.89,9.798127037,21.47,707,1289.958333,865.0,86.5,0.0,0,0,0,Approved
14118,1,all_other,0.1496,297.95,10.50506754,18.58,682,1110.0,8559.0,41,1.0,0,0,0,Review
14119,1,debt_consolidation,0.08,109.68,10.30895266,2.24,747,1709.958333,2298.0,18.5,3.0,0,0,0,Approved
14120,1,debt_consolidation,0.1183,231.94,10.34884622,5.69,712,2460.958333,6955.0,63.8,1.0,0,0,0,Approved
14121,1,credit_card,0.1253,669.33,11.58988651,15.77,717,12120.0,33900.0,56.4,1.0,0,0,0,Approved
14122,1,credit_card,0.0894,317.72,11.00791623,4.24,742,2160.0,14188.0,27.3,2.0,0,0,0,Approved
14123,1,all_other,0.1426,247.01,11.22524339,18.13,667,1835.0,39236.0,63.4,1.0,0,0,0,Review
14124,1,educational,0.1148,82.43,10.46310334,18.62,702,5190.0,8677.0,57.8,2.0,0,0,0,Approved
14125,1,debt_consolidation,0.1322,162.25,10.6454249,15.6,677,2013.958333,9090.0,58.3,0.0,0,0,0,Review
14126,1,credit_card,0.1287,151.35,10.46310334,19.78,682,2490.0,4726.0,73.8,1.0,0,0,0,Review
14127,1,all_other,0.1287,605.4,10.67442876,13.27,707,5430.0,3423.0,15.2,0.0,0,0,0,Approved
14128,1,credit_card,0.0894,201.75,10.49127422,21.6,732,3303.0,4508.0,18.6,0.0,0,0,0,Approved
14129,1,debt_consolidation,0.0894,312.95,10.37349118,16.95,737,2313.958333,3760.0,20.5,0.0,0,0,0,Approved
14130,1,credit_card,0.1739,645.26,12.40901349,15.67,672,6094.958333,145711.0,96.2,0.0,1,0,0,Review
14131,1,debt_consolidation,0.1218,163.17,11.15625052,17.5,697,3360.0,5040.0,67.2,0.0,0,0,0,Review
14132,1,all_other,0.1183,41.42,10.29214554,21.4,697,4110.0,11339.0,78.7,0.0,0,0,0,Review
14133,1,debt_consolidation,0.0894,182.69,10.7342204,20.94,727,3210.0,4902.0,47.1,0.0,0,0,0,Approved
14134,1,credit_card,0.1392,652.87,11.40978471,10.28,697,5190.0,11573.0,61.9,1.0,0,0,0,Review
14135,1,credit_card,0.1322,101.41,10.82778673,11.45,692,5553.0,21085.0,36.8,0.0,0,0,0,Review
14136,1,all_other,0.1253,83.67,10.54691914,10.97,682,4410.0,7527.0,56.6,0.0,0,0,0,Review
14137,1,all_other,0.1426,34.31,8.853665428,13.54,677,8099.0,2252.0,86.6,1.0,0,0,0,Review
14138,1,credit_card,0.1114,360.84,10.76130135,19.52,727,3570.0,15085.0,70.5,2.0,0,0,0,Approved
14139,1,debt_consolidation,0.1392,256.03,10.81977828,13.9,677,5460.0,3676.0,70.5,0.0,0,0,1,Review
14140,1,debt_consolidation,0.1114,393.65,10.37349118,18,737,6483.958333,18340.0,67.9,1.0,0,0,0,Approved
14141,1,debt_consolidation,0.0894,381.26,10.59653473,13.68,767,5850.0,11012.0,30.5,0.0,0,0,0,Approved
14142,1,debt_consolidation,0.1392,273.1,11.28978191,13.38,677,3994.0,9356.0,50,2.0,0,1,0,Review
14143,1,debt_consolidation,0.1565,160.07,10.12647109,23.62,712,2880.0,9912.0,99.1,0.0,0,0,0,Approved
14144,1,all_other,0.1357,195.32,10.6454249,13.19,677,3660.0,10417.0,91.4,0.0,1,0,0,Review
14145,1,all_other,0.1183,579.85,11.27654469,0.3,752,4351.0,209.0,1.2,4.0,0,0,0,Approved
14146,1,all_other,0.1322,219.71,11.04292184,9.23,682,4259.958333,4856.0,44.6,0.0,0,0,0,Review
14147,1,debt_consolidation,0.1148,659.37,11.56171563,7.23,767,5400.0,3700.0,51.4,2.0,0,0,0,Approved
14148,1,credit_card,0.1218,666.0,12.15477935,24.04,722,9692.958333,121159.0,74.3,0.0,0,0,0,Approved
14149,1,credit_card,0.1114,157.46,10.46310334,23.66,722,3570.0,14480.0,56.7,0.0,0,0,0,Approved
14150,1,credit_card,0.0774,202.93,10.81977828,16.54,747,3899.958333,7689.0,43,0.0,0,0,0,Approved
14151,1,credit_card,0.1322,365.05,10.95080655,19.03,692,3660.0,31861.0,76,1.0,0,0,0,Review
14152,1,debt_consolidation,0.1287,269.07,10.16585182,5.72,707,3240.0,3045.0,47.6,0.0,0,0,0,Approved
14153,1,all_other,0.0894,362.2,10.66895539,24.78,752,3036.041667,6057.0,11.6,1.0,0,0,0,Approved
14154,1,home_improvement,0.1287,232.07,10.57131693,4.65,692,4080.0,903.0,19.6,1.0,0,0,0,Review
14155,1,debt_consolidation,0.1253,73.63,10.22194128,23.26,682,6857.958333,15225.0,55,0.0,1,0,0,Review
14156,1,credit_card,0.0894,317.72,10.91501573,12.76,742,3240.0,10041.0,47.8,2.0,0,0,0,Approved
14157,1,all_other,0.0859,189.67,10.96812932,8.61,732,5850.0,19397.0,38.3,1.0,0,0,0,Approved
14158,1,debt_consolidation,0.1426,514.59,10.858999,19.68,687,3313.0,22918.0,90.9,1.0,0,0,0,Review
14159,1,debt_consolidation,0.1148,494.53,11.35035948,10.02,742,4770.0,14125.0,40.2,1.0,0,0,0,Approved
14160,1,all_other,0.0859,221.28,11.40756495,4.88,737,8939.958333,13253.0,20.2,1.0,0,0,0,Approved
14161,1,credit_card,0.1322,676.02,12.01370075,16.83,712,7199.958333,144165.0,64.9,0.0,0,0,0,Approved
14162,1,credit_card,0.0894,114.38,11.22524339,18.3,712,4715.0,48538.0,53,1.0,0,0,0,Approved
14163,1,small_business,0.167,177.51,10.61888534,20.39,702,4139.958333,5082.0,31.6,0.0,0,0,0,Approved
14164,1,debt_consolidation,0.0859,252.89,10.59663473,17.7,757,6180.0,26120.0,32.7,1.0,0,0,0,Approved
14165,1,all_other,0.1253,80.32,10.46310334,21.79,707,2910.0,16022.0,97.7,0.0,0,0,0,Approved
14166,1,debt_consolidation,0.1392,102.42,10.76231865,3.05,677,2490.0,4339.0,51.5,3.0,0,0,0,Review
14167,1,home_improvement,0.1183,530.15,11.08214255,4.91,742,3991.0,9562.0,70.4,2.0,0,0,0,Approved
14168,1,debt_consolidation,0.1148,362.66,10.21464198,12.84,712,7859.958333,11534.0,66.7,1.0,0,0,0,Approved
14169,1,debt_consolidation,0.1253,112.95,9.798127037,24.2,687,2880.0,15813.0,79.1,0.0,0,0,0,Review
14170,1,debt_consolidation,0.0774,312.19,11.81303006,7.7,787,5639.958333,4200.0,5.8,1.0,0,0,0,Approved
14171,1,debt_consolidation,0.1496,277.16,11.06663836,8.91,697,1830.0,6908.0,94.6,0.0,0,0,0,Review
14172,1,debt_consolidation,0.1114,423.17,11.00209984,6.24,742,3990.0,12419.0,34.8,0.0,0,0,0,Approved
14173,1,debt_consolidation,0.1148,494.53,11.08214255,12.02,742,3240.0,15757.0,64.6,0.0,0,0,0,Approved
14174,1,debt_consolidation,0.0774,156.1,9.61580548,15.6,757,6870.0,11602.0,37.9,2.0,0,0,0,Approved
14175,1,debt_consolidation,0.1183,662.68,11.56171563,3.69,757,1679.958333,1470.0,14.7,0.0,0,0,0,Approved
14176,1,major_purchase,0.0859,284.5,11.22524339,4.83,792,3089.958333,2563.0,9.1,0.0,0,0,0,Approved
14177,1,home_improvement,0.1218,399.6,11.51292546,17.09,712,7559.958333,17176.0,46.4,2.0,0,0,0,Approved
14178,1,credit_card,0.1461,689.51,11.35223181,15.15,697,5550.0,32954.0,90,0.0,0,0,0,Review
14179,1,debt_consolidation,0.1287,437.24,11.26446411,6.26,702,5249.958333,1783.0,59.4,2.0,0,0,0,Approved
14180,1,debt_consolidation,0.0774,287.22,11.02640213,1.78,792,7050.0,4600.0,18.4,0.0,0,0,0,Approved
14181,1,credit_card,0.1148,626.41,12.07254125,12.73,747,8219.958333,29658.0,42.2,1.0,0,0,0,Approved
14182,1,all_other,0.0859,158.06,10.40438405,2.29,737,3570.0,2870.0,11.4,0.0,0,0,0,Approved
14183,1,small_business,0.1531,626.68,11.46163217,17.38,727,4710.0,35712.0,51.9,3.0,0,0,0,Approved
14184,1,home_improvement,0.0774,312.19,11.15625052,15.1,797,9029.958333,9109.0,73.2,1.0,0,0,0,Approved
14185,1,all_other,0.1287,94.18,10.72161404,3.52,682,4289.958333,2391.0,30.7,1.0,0,0,1,Review
14186,1,educational,0.1322,162.25,10.81977828,11.98,677,1949.958333,2523.0,40,0.0,0,0,0,Review
14187,1,home_improvement,0.0774,234.14,10.34817337,3.08,797,6089.958333,1147.0,8.8,1.0,0,0,0,Approved
14188,1,debt_consolidation,0.0774,218.54,10.858999,2.58,767,3419.958333,4139.0,15.6,0.0,0,0,0,Approved
14189,1,all_other,0.1287,201.8,11.08220409,13.09,682,3960.0,10134.0,38.5,1.0,0,0,0,Review
14190,1,major_purchase,0.0859,316.11,11.19821472,6.87,767,3509.958333,11140.0,13,0.0,0,0,0,Approved
14191,1,debt_consolidation,0.1218,666.0,11.1123882,20.11,727,2940.0,26359.0,67.6,1.0,0,0,0,Approved
14192,1,debt_consolidation,0.16,492.21,11.22524339,16.32,662,3929.958333,12944.0,65,3.0,0,0,0,Review
14193,1,all_other,0.0859,151.73,10.96812932,8.07,737,2880.0,3333.0,20.1,1.0,0,0,0,Approved
14194,1,major_purchase,0.0859,158.06,10.59663473,6.87,737,3149.958333,8914.0,74.9,1.0,0,0,0,Approved
14195,1,major_purchase,0.1253,160.64,11.05405958,11.94,687,3390.0,1725.0,33.8,1.0,2,0,0,Review
14196,1,credit_card,0.1316,261.72,10.16585182,17.54,677,2721.958333,4034.0,67.2,0.0,0,0,0,Review
14197,1,credit_card,0.1392,682.74,11.33857208,20.03,707,9359.958333,27584.0,54.8,1.0,0,0,0,Approved
14198,1,all_other,0.1357,33.97,9.392661929,14,682,1380.0,4352.0,62.2,1.0,0,0,1,Review
14199,1,small_business,0.16,703.15,11.00209984,15.9,747,5700.958333,15018.0,42.9,2.0,0,0,0,Approved
14200,1,all_other,0.0774,140.49,10.69203582,15.3,752,3119.958333,7204.0,31.3,0.0,0,0,0,Approved
14201,1,debt_consolidation,0.1531,522.23,11.00209984,21.36,677,2161.0,10872.0,86.3,0.0,0,0,0,Review
14202,1,debt_consolidation,0.1531,696.31,11.26446411,20.52,722,3300.0,21881.0,21.8,2.0,0,0,0,Approved
14203,1,debt_consolidation,0.1357,407.63,11.26446411,23.72,682,4649.958333,28843.0,84.8,1.0,0,0,0,Review
14204,1,debt_consolidation,0.1218,166.5,11.1844214,24.73,692,5160.0,22457.0,81.7,0.0,0,0,0,Review
14205,1,all_other,0.0774,93.66,11.06975849,1.27,762,1890.0,4347.0,7.4,0.0,0,0,0,Approved
14206,1,small_business,0.1704,713.49,11.51292546,12.65,702,4110.0,6939.0,31.4,3.0,0,0,0,Approved
14207,1,debt_consolidation,0.1253,133.87,10.46321762,2.3,692,3539.958333,1390.0,27.8,1.0,0,0,0,Review
14208,1,major_purchase,0.1148,115.39,10.46310334,7.58,707,8370.0,4336.0,12.5,1.0,0,0,0,Approved
14209,1,all_other,0.1183,662.68,11.22524339,5.66,737,6075.958333,25818.0,53.5,0.0,0,0,0,Approved
14210,1,educational,0.1114,65.61,10.6454249,13.49,712,5369.958333,11817.0,15.7,0.0,0,0,0,Approved
14211,1,credit_card,0.1322,87.89,10.20359214,9.51,692,1619.958333,47.0,0.5,3.0,1,0,0,Review
14212,1,debt_consolidation,0.1183,99.41,10.6454249,24.75,697,3119.958333,11900.0,62.6,0.0,0,0,0,Review
14213,1,all_other,0.1739,143.39,10.8704714,13.19,662,3030.0,24666.0,99.1,0.0,0,0,0,Review
14214,1,debt_consolidation,0.1357,366.86,10.91508846,19.85,702,3030.0,12207.0,70.6,1.0,0,0,0,Approved
14215,1,all_other,0.1183,132.54,10.71441777,23.95,762,4199.958333,0.0,0,0.0,0,0,0,Approved
14216,1,debt_consolidation,0.1392,177.52,10.46310334,8.09,677,3720.0,6194.0,53.4,0.0,0,0,0,Review
14217,1,educational,0.0859,316.11,10.59653473,4.71,772,2130.0,229.0,2.6,0.0,0,0,0,Approved
14218,1,major_purchase,0.1148,395.63,10.9560559,16.27,732,3960.0,21528.0,64.3,1.0,0,0,0,Approved
14219,1,debt_consolidation,0.1357,407.63,10.858999,15.48,682,3929.958333,8718.0,45.6,0.0,0,0,0,Review
14220,1,debt_consolidation,0.1114,262.43,11.03488966,9.54,732,2520.0,2970.0,6,0.0,0,0,0,Approved
14221,1,credit_card,0.1253,33.47,10.19054443,21.12,682,5969.958333,17080.0,44.1,0.0,2,0,0,Review
14222,1,all_other,0.1148,247.27,10.94022444,9.68,737,3779.958333,7341.0,68.6,0.0,0,0,0,Approved
14223,1,credit_card,0.1183,298.21,11.15625052,10.83,712,2459.958333,9237.0,41.4,1.0,0,0,0,Approved
14224,1,all_other,0.1565,227.41,10.65725935,13.16,662,4320.0,1542.0,90.7,1.0,0,0,1,Review
14225,1,credit_card,0.1496,242.52,11.1844214,12.59,662,2130.0,8018.0,29.8,1.0,0,0,0,Review
14226,1,home_improvement,0.1114,492.06,11.09741002,13.98,752,7260.0,17312.0,68.4,2.0,0,0,0,Approved
14227,1,small_business,0.1496,692.9,11.5228758,14.48,767,5400.0,21076.0,48.1,1.0,0,0,0,Approved
14228,1,debt_consolidation,0.1392,682.74,10.71441777,7.95,697,8130.0,18367.0,79.9,1.0,0,0,0,Review
14229,1,debt_consolidation,0.1218,399.6,11.40756495,16.27,707,2820.958333,34730.0,52.6,0.0,0,0,0,Approved
14230,1,all_other,0.1114,164.02,11.00209984,13.72,717,9450.0,6577.0,15.8,2.0,0,0,0,Approved
14231,1,small_business,0.1392,358.44,11.16336799,22.21,757,3690.0,9551.0,29.2,0.0,0,0,1,Approved
14232,1,debt_consolidation,0.1426,480.29,11.60823564,20.04,682,4080.0,48306.0,86.8,0.0,0,0,1,Review
14233,1,credit_card,0.1114,328.04,11.49679608,12.45,732,4890.041667,33186.0,57.8,3.0,0,0,0,Approved
14234,1,debt_consolidation,0.1253,167.34,9.862665558,12.06,687,2190.0,2365.0,60.6,0.0,0,0,0,Review
14235,1,debt_consolidation,0.0894,397.15,10.6454249,14.86,762,3990.0,10687.0,30.9,0.0,0,0,0,Approved
14236,1,debt_consolidation,0.0894,317.72,11.71177632,14.5,737,5850.0,31607.0,81,3.0,0,0,0,Approved
14237,1,small_business,0.1531,530.94,11.98292909,19.72,727,5940.0,6563.0,17.9,1.0,0,0,0,Approved
14238,1,credit_card,0.0894,444.81,10.858999,10.89,762,4807.0,8447.0,50.9,0.0,0,0,0,Approved
14239,1,credit_card,0.0859,410.94,10.9331784,17.96,777,5669.958333,13368.0,34.7,2.0,0,0,0,Approved
14240,1,all_other,0.0859,395.13,11.82038075,5.87,772,4080.0,5068.0,16.6,3.0,0,0,0,Approved
14241,1,all_other,0.1253,348.05,10.6214249,11.5,712,2130.0,2045.0,14.4,3.0,0,0,0,Approved
14242,1,all_other,0.1183,424.12,11.56171563,9.71,717,8446.0,31280.0,51.2,1.0,0,0,0,Approved
14243,1,credit_card,0.0774,237.27,10.69666105,5.67,772,5609.958333,6616.0,24.4,1.0,0,0,0,Approved
14244,1,debt_consolidation,0.1322,676.02,11.40756495,18.03,812,3929.958333,32422.0,95.6,1.0,0,0,0,Approved
14245,1,all_other,0.0859,173.86,10.65282601,12.11,782,2280.0,39.0,0.3,0.0,0,0,0,Approved
14246,1,major_purchase,0.0859,316.11,11.71180911,2.85,792,5639.958333,16.0,0,3.0,0,0,0,Approved
14247,1,debt_consolidation,0.1287,622.22,11.88448902,1.62,712,4080.0,25063.0,53.3,0.0,0,0,0,Approved
14248,1,major_purchase,0.0774,156.1,10.58405595,10.27,797,5490.0,2629.0,8.8,2.0,0,0,0,Approved
14249,1,all_other,0.0859,63.23,12.14421852,8.55,722,4979.958333,26702.0,75,0.0,0,0,0,Approved
14250,1,home_improvement,0.1287,336.34,11.51292546,15.67,692,4380.0,32268.0,73,3.0,0,0,0,Review
14251,1,debt_consolidation,0.1253,411.64,10.34817337,22.12,702,2280.0,14537.0,77.3,0.0,0,0,0,Approved
14252,1,debt_consolidation,0.1218,499.5,10.858999,8.88,747,11129.95833,9184.0,50.5,0.0,0,0,0,Approved
14253,1,all_other,0.1635,229.64,9.99149843,8.74,677,1259.958333,6467.0,82.9,3.0,0,0,0,Review
14254,1,major_purchase,0.1496,34.65,10.51867319,18.26,667,1410.0,3150.0,54.3,0.0,0,0,0,Review
14255,1,debt_consolidation,0.1148,652.78,11.66134547,1.29,767,5970.0,4110.0,34.5,0.0,0,0,0,Approved
14256,1,debt_consolidation,0.1322,676.02,11.35040654,16.63,707,4529.958333,25299.0,58.2,2.0,0,0,0,Approved
14257,1,debt_consolidation,0.0774,312.19,10.77895629,2.38,797,5400.0,4650.0,14.1,0.0,0,0,0,Approved
14258,1,credit_card,0.1183,662.68,10.81985828,21.48,737,3960.0,32556.0,82,0.0,0,0,0,Approved
14259,1,all_other,0.1253,200.8,11.73606902,11.11,687,5190.0,19058.0,41.8,0.0,0,0,0,Review
14260,1,credit_card,0.1183,662.68,11.40756495,14.55,737,6119.958333,24839.0,81.2,0.0,0,0,0,Approved
14261,1,credit_card,0.1357,271.75,11.1844214,14.28,682,4740.0,8180.0,88.1,1.0,0,0,0,Review
14262,1,debt_consolidation,0.1531,409.08,10.81985828,22.51,667,3878.958333,32470.0,87.5,3.0,0,0,0,Review
14263,1,credit_card,0.0894,508.35,11.73606902,13.16,772,7320.0,78059.0,28.3,0.0,0,0,0,Approved
14264,1,credit_card,0.1183,497.01,10.34817337,13.04,727,6359.958333,16566.0,43,0.0,0,0,0,Approved
14265,1,all_other,0.16,105.48,9.998797732,6.71,697,3929.958333,2196.0,99.8,0.0,0,0,1,Review
14266,1,debt_consolidation,0.0774,218.54,10.76848499,17.81,752,4770.0,7125.0,34.4,1.0,0,0,0,Approved
14267,1,debt_consolidation,0.1218,290.55,10.27518903,20.31,702,2950.0,5830.0,36.9,0.0,0,0,0,Approved
14268,1,debt_consolidation,0.1461,689.51,11.73606902,14.19,687,9930.0,31076.0,79.7,0.0,0,0,0,Review
14269,1,debt_consolidation,0.1148,659.37,11.18266986,11.37,747,7380.0,26967.0,63,0.0,0,0,0,Approved
14270,1,all_other,0.0859,113.8,10.59663473,10.32,727,3809.958333,3376.0,49.3,0.0,2,0,0,Approved
14271,1,debt_consolidation,0.1461,172.38,11.46163217,0.25,697,3300.0,521.0,57.9,0.0,1,0,1,Review
14272,1,debt_consolidation,0.1426,54.89,10.77895629,16.15,667,2670.0,1587.0,41.8,2.0,0,0,0,Review
14273,1,all_other,0.1148,138.47,11.08214255,11.11,722,4380.0,4351.0,76.3,0.0,0,0,0,Approved
14274,1,debt_consolidation,0.1392,160.45,10.22194128,21.6,667,5550.0,2960.0,82.2,0.0,0,1,0,Review
14275,1,small_business,0.1392,211.65,10.65725935,24.04,747,4110.0,665.0,10.6,3.0,0,0,0,Approved
14276,1,major_purchase,0.0774,218.54,12.10071213,4.31,787,8730.0,205.0,0.6,3.0,0,0,0,Approved
14277,1,major_purchase,0.0894,381.26,11.51292546,11.27,747,4649.958333,23270.0,41,1.0,0,0,0,Approved
14278,1,debt_consolidation,0.1531,226.3,10.59913161,23.64,672,3419.958333,17512.0,90.3,0.0,0,0,0,Review
14279,1,home_improvement,0.1253,502.0,11.28978191,0.13,802,7102.0,9.0,0.1,0.0,0,0,0,Approved
14280,1,all_other,0.1218,499.5,11.41861479,0.01,782,2789.958333,6321.0,12.3,4.0,0,0,1,Approved
14281,1,all_other,0.074,86.97,8.987196821,15.15,752,2190.0,2146.0,20.2,0.0,0,0,0,Approved
14282,1,debt_consolidation,0.1218,499.5,11.26968124,18.26,717,7320.0,32207.0,61.7,3.0,0,0,0,Approved
14283,1,home_improvement,0.1322,338.01,10.37349118,3.6,777,1800.0,0.0,0.04,0.0,0,0,0,Approved
14284,1,small_business,0.1704,713.49,12.13598274,12.5,702,6510.0,21048.0,58.1,0.0,0,0,1,Approved
14285,1,home_improvement,0.1426,229.85,10.34817337,10.08,677,4860.0,6007.0,34.1,0.0,1,0,0,Review
14286,1,all_other,0.1357,169.85,10.83036208,14.75,687,3899.958333,0.0,0,0.0,1,0,0,Review
14287,1,debt_consolidation,0.1253,522.08,11.35035948,9.05,717,1770.0,5760.0,22.5,0.0,0,0,1,Approved
14288,1,credit_card,0.16,467.6,10.59350484,4.6,667,1709.958333,11086.0,79.2,0.0,0,0,0,Review
14289,1,debt_consolidation,0.1392,682.74,11.28603741,17.09,697,4684.0,26379.0,79.9,0.0,0,0,0,Review
14290,1,debt_consolidation,0.1253,167.34,9.903687533,11.04,707,1739.958333,6361.0,34.7,0.0,0,0,0,Approved
14291,1,home_improvement,0.1253,401.6,11.21182037,8.29,707,8969.958333,4358.0,46.4,2.0,0,0,0,Approved
14292,1,all_other,0.0774,191.22,11.23056255,12.86,757,6029.958333,5583.0,12.5,1.0,0,0,0,Approved
14293,1,home_improvement,0.1148,659.37,12.4292162,6.89,762,5729.958333,18068.0,42.7,1.0,0,0,0,Approved
14294,1,all_other,0.1253,669.33,11.72803684,1.61,772,3449.958333,2757.0,0,4.0,0,0,1,Approved
14295,1,debt_consolidation,0.0894,190.63,11.00209984,22.48,742,5190.0,7056.0,27.9,4.0,0,0,0,Approved
14296,1,educational,0.1114,164.02,10.30895266,14.48,762,2940.0,135.0,1.8,0.0,0,0,0,Approved
14297,1,all_other,0.1183,231.94,11.08214255,23.39,712,2940.0,14425.0,41.9,1.0,0,0,0,Approved
14298,1,debt_consolidation,0.0894,317.72,12.10071213,4.33,742,4259.958333,1341.0,12.1,3.0,0,0,1,Approved
14299,1,debt_consolidation,0.167,619.5,11.03488966,22.06,672,4649.958333,24971.0,61.4,1.0,0,0,0,Review
14300,1,debt_consolidation,0.1114,295.24,11.1844214,9.87,732,4020.0,23255.0,45.1,3.0,0,0,0,Approved
14301,1,credit_card,0.1148,395.63,10.81977828,13.87,727,3839.958333,15684.0,42.4,2.0,0,0,0,Approved
14302,1,debt_consolidation,0.1565,524.8,12.68354829,15.58,672,10200.0,17057.0,82.4,1.0,0,0,0,Review
14303,1,debt_consolidation,0.1422,219.42,10.59663473,0.57,687,1860.0,899.0,13.2,1.0,0,0,1,Review
14304,1,debt_consolidation,0.1426,543.75,10.81977828,22.66,682,2369.958333,16643.0,63.8,3.0,0,0,0,Review
14305,1,debt_consolidation,0.0894,317.72,11.03488966,13.28,747,5550.0,7107.0,20,2.0,0,0,0,Approved
14306,1,home_improvement,0.1218,399.6,10.6214249,5.24,712,1899.0,10117.0,36.3,2.0,0,0,0,Approved
14307,1,debt_consolidation,0.1148,337.93,11.28978191,11.13,752,3600.0,7268.0,24.9,1.0,0,0,1,Approved
14308,1,debt_consolidation,0.16,351.58,11.11016619,10.3,662,3059.958333,15735.0,87.8,1.0,1,0,0,Review
14309,1,debt_consolidation,0.16,140.63,11.1124479,14.61,677,4919.958333,1478.0,73.9,1.0,0,0,0,Review
14310,1,debt_consolidation,0.1843,363.7,11.35040654,12.51,667,2580.0,12337.0,96.4,0.0,0,0,0,Review
14311,1,home_improvement,0.0894,333.61,10.30895266,2.84,762,4380.0,3257.0,15.1,1.0,0,0,0,Approved
14312,1,credit_card,0.1148,329.69,11.22524339,21.81,717,6749.958333,12443.0,42.6,3.0,0,1,0,Approved
14313,1,debt_consolidation,0.1461,689.51,11.51292546,22.55,677,5699.958333,25920.0,36.8,0.0,2,0,0,Review
14314,1,educational,0.1148,118.69,9.903687533,3.6,722,1530.0,3475.0,21.6,2.0,0,0,0,Approved
14315,1,major_purchase,0.1496,519.68,12.0552265,10.49,677,3364.0,2079.0,36.5,2.0,0,0,0,Review
14316,1,debt_consolidation,0.1322,676.02,11.56171563,24.89,707,5820.0,63861.0,65.1,0.0,0,0,1,Approved
14317,1,small_business,0.1739,716.95,10.71441777,0.32,712,2729.958333,589.0,3.8,0.0,0,0,0,Approved
14318,1,debt_consolidation,0.0894,381.26,11.73606902,8.85,757,5729.958333,22949.0,46.7,0.0,0,0,0,Approved
14319,1,all_other,0.0894,381.26,11.60823564,7.3,807,4979.958333,1.0,0.1,0.0,0,0,0,Approved
14320,1,credit_card,0.1183,662.68,11.35040654,24.27,737,5610.0,43878.0,66.6,3.0,0,0,1,Approved
14321,1,debt_consolidation,0.1426,411.67,11.22524339,24.77,677,6180.0,16958.0,92.2,0.0,0,0,0,Review
14322,1,debt_consolidation,0.1461,189.62,11.27456675,8.04,672,1830.0,7841.0,94.5,1.0,0,0,0,Review
14323,1,all_other,0.0894,127.09,11.08214255,12.24,742,11190.95833,8782.0,38.3,4.0,0,0,1,Approved
14324,1,credit_card,0.1114,160.74,10.89851552,24.38,712,3869.958333,10378.0,49.2,1.0,0,0,0,Approved
14325,1,debt_consolidation,0.0774,124.88,10.4341158,15.6,772,5639.958333,866.0,2.4,1.0,0,0,0,Approved
14326,1,credit_card,0.0894,317.72,11.22524339,23.64,737,6900.0,39304.0,33.9,0.0,0,0,0,Approved
14327,1,debt_consolidation,0.1148,659.37,10.81977828,23.52,747,11939.95833,24123.0,58.1,1.0,0,0,0,Approved
14328,1,all_other,0.1392,143.38,9.852194258,23.05,682,1590.0,4483.0,83,1.0,0,0,0,Review
14329,1,small_business,0.1704,89.19,11.15247196,0,697,8370.0,0.0,0,0.0,1,0,0,Review
14330,1,educational,0.1322,67.61,8.29404964,6,697,1140.0,598.0,54.4,2.0,0,0,0,Review
14331,1,credit_card,0.0859,309.78,10.77895629,13.5,757,4803.0,10216.0,20.9,0.0,0,0,0,Approved
14332,1,credit_card,0.1218,249.75,11.28978191,9.04,742,6089.958333,7431.0,50.5,1.0,0,0,0,Approved
14333,1,credit_card,0.1704,713.49,11.00209984,17.4,672,5190.0,23595.0,86.7,2.0,0,0,0,Review
14334,1,debt_consolidation,0.0859,442.55,11.03495418,11.11,802,6930.0,15647.0,11.3,2.0,0,0,0,Approved
14335,1,credit_card,0.1287,588.59,11.69524702,14.98,712,2759.958333,10488.0,45,2.0,0,0,0,Approved
14336,1,credit_card,0.0774,234.14,10.23995979,22.37,782,13049.95833,9800.0,17.7,0.0,0,0,0,Approved
14337,1,all_other,0.0859,94.84,10.81985828,3.72,767,9989.958333,7074.0,28.3,0.0,0,0,0,Approved
14338,1,debt_consolidation,0.1218,283.05,11.30713055,6.8,707,7859.958333,58907.0,58.7,0.0,1,0,0,Approved
14339,1,major_purchase,0.1183,132.54,11.00209984,8.44,707,5249.958333,8459.0,63.1,0.0,1,0,0,Approved
14340,1,credit_card,0.1253,200.8,10.49127422,19,687,2880.0,7333.0,34.7,0.0,1,0,0,Review
14341,1,credit_card,0.1183,662.68,10.89673933,5,757,4230.958333,22872.0,66.9,0.0,0,0,0,Approved
14342,1,home_improvement,0.1148,659.37,12.20607265,6.97,777,7829.958333,1719.0,2.8,2.0,0,0,0,Approved
14343,1,debt_consolidation,0.1114,623.27,11.08846101,21.56,787,5460.0,3526.0,7.8,0.0,0,0,0,Approved
14344,1,all_other,0.0774,249.75,10.81977828,12.58,782,9692.958333,4071.0,8.7,1.0,0,0,0,Approved
14345,1,debt_consolidation,0.1392,648.61,11.35040654,12.9,692,7140.958333,7541.0,82,2.0,0,0,0,Review
14346,1,small_business,0.1704,249.72,10.59663473,6.9,702,4320.0,5035.0,76,1.0,1,0,1,Approved
14347,1,debt_consolidation,0.1357,679.37,11.1844214,23.22,702,7980.0,46881.0,62.9,1.0,0,0,0,Approved
14348,1,debt_consolidation,0.1183,430.75,10.54006438,16.25,772,2250.0,3495.0,26.3,0.0,0,0,0,Approved
14349,1,all_other,0.0894,111.21,10.23995979,1.71,727,2099.958333,2697.0,69.2,1.0,0,0,0,Approved
14350,1,debt_consolidation,0.1322,676.02,11.19674789,20.31,707,7529.958333,67342.0,58.6,0.0,0,0,0,Approved
14351,1,major_purchase,0.1496,207.87,10.59663473,8.49,662,4043.0,2998.0,19.1,0.0,0,0,1,Review
14352,1,home_improvement,0.1148,494.53,11.91839057,6.42,732,4830.0,10818.0,50.8,0.0,0,0,0,Approved
14353,1,debt_consolidation,0.0894,460.69,11.49272276,17.2,762,5108.0,5564.0,20.7,0.0,0,0,0,Approved
14354,1,debt_consolidation,0.1357,169.85,11.03488966,17.79,707,3921.958333,6283.0,55.6,3.0,0,0,0,Approved
14355,1,credit_card,0.1114,262.43,10.91508846,18.89,722,5639.958333,36269.0,41.6,1.0,1,0,0,Approved
14356,1,credit_card,0.1148,435.19,10.6501755,13.79,747,5970.0,36646.0,32.5,0.0,0,0,0,Approved
14357,1,home_improvement,0.1148,164.85,11.56171563,15.55,707,3059.958333,29097.0,79.7,1.0,0,0,0,Approved
14358,1,small_business,0.1704,214.05,10.81977828,9.96,682,1890.0,8599.0,91.6,0.0,0,0,0,Review
14359,1,debt_consolidation,0.1253,481.92,11.22524339,9.66,712,4714.0,16916.0,78.7,0.0,0,0,0,Approved
14360,1,educational,0.1496,242.52,10.75790288,21.8,672,3179.958333,6699.0,64.9,1.0,2,0,0,Review
14361,1,all_other,0.1114,472.38,11.08214255,15.82,742,3960.0,8799.0,34.5,2.0,1,0,0,Approved
14362,1,debt_consolidation,0.1531,278.53,11.48246626,13.32,662,5309.958333,6637.0,61.8,0.0,0,0,0,Review
14363,1,all_other,0.0859,110.64,10.96819829,19.74,732,3038.0,17929.0,37,2.0,0,0,0,Approved
14364,1,all_other,0.1114,65.61,10.51867319,17.51,707,5250.0,22624.0,65.4,0.0,1,0,0,Approved
14365,1,debt_consolidation,0.1426,343.06,11.12726298,15.63,682,5039.958333,876.0,25,1.0,0,0,0,Review
14366,1,debt_consolidation,0.1461,344.76,10.30895266,11.36,672,2429.958333,10544.0,57,1.0,2,0,0,Review
14367,1,credit_card,0.1183,149.11,10.93310697,15.39,707,4350.0,4624.0,17.6,0.0,0,0,0,Approved
14368,1,all_other,0.1253,83.67,10.96812932,16.41,682,5759.958333,22107.0,80.1,3.0,0,0,0,Review
14369,1,all_other,0.0859,189.67,10.89673933,11.98,742,3929.958333,10275.0,43.9,0.0,0,0,0,Approved
14370,1,major_purchase,0.1287,302.7,11.11382009,15.85,692,3209.958333,22002.0,81.2,3.0,0,0,0,Review
14371,1,all_other,0.0774,218.54,10.30895266,8.28,777,8490.0,0.0,0,0.0,0,0,0,Approved
14372,1,debt_consolidation,0.1322,304.21,11.41751528,9.81,692,6839.958333,19262.0,85.6,1.0,1,0,0,Review
14373,1,debt_consolidation,0.1913,220.33,11.13093271,16.81,662,1500.0,7843.0,98,1.0,0,0,0,Review
14374,1,debt_consolidation,0.1148,494.53,11.65268741,22.88,737,14009.95833,50282.0,10.9,0.0,0,0,0,Approved
14375,1,all_other,0.0894,270.06,10.83958091,14.26,737,2729.958333,9304.0,49.8,2.0,0,0,0,Approved
14376,1,small_business,0.1322,84.51,11.40756495,1.31,787,5399.958333,18373.0,0,0.0,0,0,0,Approved
14377,1,home_improvement,0.1183,397.61,11.42118511,6.67,747,8070.0,11107.0,42.6,4.0,0,0,0,Approved
14378,1,debt_consolidation,0.1635,628.86,11.35040654,19.23,667,3630.0,20300.0,78.7,1.0,0,0,0,Review
14379,1,debt_consolidation,0.1148,290.13,10.51856508,10.12,722,5699.958333,13884.0,38.7,0.0,0,0,0,Approved
14380,1,credit_card,0.1704,713.49,12.10071213,10.9,677,4860.0,51497.0,90.3,2.0,0,1,0,Review
14381,1,debt_consolidation,0.1218,333.0,11.53272809,13.96,747,5132.0,30932.0,41,4.0,0,0,0,Approved
14382,1,debt_consolidation,0.1461,51.72,10.77895629,7.25,667,3780.0,3820.0,93.2,2.0,1,0,0,Review
14383,1,credit_card,0.1392,54.62,11.1844214,17.65,667,3960.0,40106.0,80.4,0.0,0,0,0,Review
14384,1,major_purchase,0.1461,689.51,11.65268741,1.82,767,5821.0,1.0,0,2.0,0,0,0,Approved
14385,1,debt_consolidation,0.0859,221.28,10.59663473,6.87,747,3240.0,7136.0,21.3,2.0,0,0,0,Approved
14386,1,debt_consolidation,0.1287,322.88,11.65268741,24.56,692,4919.958333,49128.0,61.4,1.0,1,0,0,Review
14387,1,all_other,0.0859,214.16,11.66137995,0.89,807,6900.0,1890.0,2.3,0.0,0,0,0,Approved
14388,1,debt_consolidation,0.1253,133.87,10.91508846,3.01,702,2970.0,3888.0,74.8,0.0,0,0,0,Approved
14389,1,debt_consolidation,0.0894,317.72,11.66992921,7.88,737,4680.0,27400.0,44.1,1.0,0,0,0,Approved
14390,1,debt_consolidation,0.0774,312.19,10.51867319,16.02,772,5070.0,15520.0,52.6,0.0,0,0,0,Approved
14391,1,debt_consolidation,0.1426,686.12,11.28983191,21.19,692,10469.95833,11035.0,43.1,2.0,1,0,0,Review
14392,1,small_business,0.1392,273.1,10.53828582,5.88,772,3360.0,2195.0,24.1,2.0,0,0,1,Approved
14393,1,debt_consolidation,0.167,710.03,11.40756495,21.8,697,6359.958333,39926.0,78.3,0.0,0,0,0,Review
14394,1,all_other,0.0894,76.26,10.03407712,17.06,772,6390.958333,8043.0,29.2,0.0,0,0,0,Approved
14395,1,all_other,0.1322,169.01,10.58405595,1.12,682,3990.0,1536.0,15.8,1.0,0,0,0,Review
14396,1,credit_card,0.1148,150.84,9.740968623,18.14,732,2880.0,10934.0,65.5,0.0,0,0,0,Approved
14397,1,small_business,0.1426,343.06,11.45635511,11.63,742,11549.95833,63567.0,70.2,3.0,0,0,0,Approved
14398,1,home_improvement,0.1635,158.99,11.22524339,12.94,667,3390.0,2453.0,94.3,1.0,1,0,0,Review
14399,1,credit_card,0.074,186.36,11.60823564,12.86,787,9484.0,63621.0,13.2,0.0,0,0,0,Approved
14400,1,debt_consolidation,0.1183,662.68,11.76756768,16.51,732,5699.958333,23727.0,31.3,0.0,0,0,0,Approved
14401,1,debt_consolidation,0.0894,381.26,10.94425884,7.42,757,3509.958333,7141.0,24.3,0.0,0,0,0,Approved
14402,1,credit_card,0.0859,316.11,11.3736634,2.62,752,3602.0,10045.0,33.4,1.0,0,0,0,Approved
14403,1,debt_consolidation,0.1253,441.76,10.74926998,7.98,712,7229.958333,10683.0,70.3,1.0,0,0,0,Approved
14404,1,debt_consolidation,0.1253,401.6,11.00209984,19.32,717,3600.0,14855.0,82.1,1.0,0,0,1,Approved
14405,1,debt_consolidation,0.1287,538.14,10.858999,12.48,712,4320.0,15499.0,74.9,0.0,0,0,0,Approved
14406,1,home_improvement,0.0894,285.95,10.89673933,9.38,742,7529.958333,59968.0,74.6,1.0,0,0,0,Approved
14407,1,debt_consolidation,0.1183,530.15,10.62609644,10.75,727,3209.958333,16849.0,39.8,2.0,0,0,0,Approved
14408,1,home_improvement,0.1357,679.37,11.51292546,18.81,747,3630.0,0.0,0,6.0,0,0,0,Approved
14409,1,debt_consolidation,0.1183,198.81,10.12647109,20.65,717,2373.958333,0.0,0,3.0,0,0,0,Approved
14410,1,all_other,0.0774,62.44,10.83958091,6.45,752,3479.958333,0.0,0,3.0,0,0,0,Approved
14411,1,major_purchase,0.0774,308.29,10.91501573,9.01,782,7199.958333,9040.0,12.8,0.0,0,0,0,Approved
14412,1,home_improvement,0.1183,119.29,11.70354582,15.14,702,7529.958333,25998.0,74.6,1.0,0,0,0,Approved
14413,1,debt_consolidation,0.0894,349.49,10.66895539,11,742,8879.958333,2140.0,5.4,0.0,1,0,0,Approved
14414,1,all_other,0.1531,233.27,10.22557105,3.78,667,3300.0,4200.0,56,1.0,0,0,0,Review
14415,1,debt_consolidation,0.1426,686.12,11.59819449,13.43,702,6449.958333,30497.0,93.8,0.0,0,1,1,Approved
14416,1,debt_consolidation,0.1461,260.29,9.967588478,17.61,687,3209.958333,10948.0,96.9,0.0,0,0,0,Review
14417,1,all_other,0.1218,166.5,11.11988288,14.99,697,3874.958333,1461.0,23.2,1.0,1,1,0,Review
14418,1,home_improvement,0.1114,393.65,11.35040654,6.58,752,5880.0,0.0,0,0.0,0,0,0,Approved
14419,1,all_other,0.0859,189.67,10.858999,21.6,732,3240.0,10813.0,14.9,2.0,0,0,0,Approved
14420,1,debt_consolidation,0.1635,706.59,11.49516874,9.19,677,3600.0,12129.0,83.1,0.0,0,0,0,Review
14421,1,credit_card,0.1392,163.86,10.93310697,8.78,702,3842.958333,4645.0,96.8,2.0,0,0,0,Approved
14422,1,credit_card,0.1322,338.01,10.77895629,22.43,687,2190.0,5082.0,37.6,0.0,0,0,0,Review
14423,1,credit_card,0.0894,330.43,10.51867319,8.37,737,5190.0,24416.0,36.7,0.0,0,0,0,Approved
14424,1,educational,0.1114,164.02,10.30895266,10.32,732,1530.0,2350.0,7.9,1.0,0,0,0,Approved
14425,1,credit_card,0.1114,328.04,10.16600565,6.55,732,2580.0,9027.0,37.6,1.0,0,0,0,Approved
14426,1,all_other,0.0894,311.37,11.22524339,2.85,762,4200.958333,8922.0,40.6,1.0,0,0,0,Approved
14427,1,debt_consolidation,0.0894,266.89,10.91508846,6.52,737,2819.958333,7883.0,45.6,0.0,0,0,0,Approved
14428,1,debt_consolidation,0.1114,368.22,10.88911776,8.89,732,3600.0,13243.0,68.2,2.0,0,0,0,Approved
14429,1,credit_card,0.0859,347.72,10.16585182,16.06,767,7532.958333,12706.0,22.4,0.0,0,0,0,Approved
14430,1,debt_consolidation,0.1148,131.88,10.71894086,21.48,742,3708.0,2529.0,11.7,1.0,0,0,0,Approved
14431,1,major_purchase,0.1114,82.01,10.91370569,6.34,722,4649.958333,1882.0,11.3,0.0,0,0,0,Approved
14432,1,debt_consolidation,0.16,527.36,10.66886237,15.57,667,4051.0,16430.0,80.1,2.0,0,0,0,Review
14433,1,debt_consolidation,0.1148,659.37,10.83860004,9.19,762,4350.0,14818.0,26.3,0.0,0,0,0,Approved
14434,1,debt_consolidation,0.1183,424.12,10.46310334,11.66,717,4110.0,13608.0,49.1,3.0,0,0,0,Approved
14435,1,credit_card,0.0894,170.78,11.84877608,15.13,727,9120.0,74809.0,58.7,0.0,0,0,0,Approved
14436,1,credit_card,0.1218,199.8,10.71441777,14.43,702,4770.0,8978.0,88,2.0,0,0,0,Approved
14437,1,debt_consolidation,0.1635,565.27,11.28978191,9.63,692,3270.0,17199.0,98.3,1.0,0,0,0,Review
14438,1,all_other,0.1218,49.95,9.798127037,14.4,687,4619.958333,7994.0,62.9,0.0,0,0,1,Review
14439,1,debt_consolidation,0.1635,367.43,10.46321762,17.45,662,2339.958333,13373.0,86.8,1.0,0,0,0,Review
14440,1,debt_consolidation,0.1392,170.69,11.19821472,21.68,672,4320.0,38436.0,84.7,0.0,0,0,1,Review
14441,1,all_other,0.0859,205.47,11.33260191,11.48,737,2190.0,1653.0,6.6,1.0,0,0,0,Approved
14442,1,small_business,0.1843,188.22,10.1266311,20.64,662,3780.0,16177.0,67.6,2.0,0,0,0,Review
14443,1,educational,0.0859,110.64,9.472396897,0,727,6540.0,11717.0,32.6,2.0,0,0,1,Approved
14444,1,credit_card,0.1704,356.75,11.69524702,10.67,662,2039.958333,15575.0,97.3,0.0,0,0,0,Review
14445,1,debt_consolidation,0.1461,689.51,11.33857208,15.8,682,3899.958333,68723.0,30.6,2.0,0,0,0,Review
14446,1,debt_consolidation,0.1357,366.86,10.73639668,2.77,717,2221.0,5911.0,15.3,1.0,0,0,1,Approved
14447,1,major_purchase,0.0774,156.1,10.9331784,5.12,777,4830.0,33215.0,65.1,2.0,0,0,0,Approved
14448,1,debt_consolidation,0.1253,301.2,10.59663473,14.46,692,3630.0,11786.0,42.2,0.0,0,0,0,Review
14449,1,all_other,0.1426,41.17,10.81977828,14.54,672,3179.958333,16653.0,94.1,2.0,0,0,0,Review
14450,1,all_other,0.1426,411.67,10.6454249,1.34,687,5279.958333,4611.0,36.9,1.0,1,0,0,Review
14451,1,all_other,0.1357,509.53,11.0279625,15.42,712,2849.958333,6724.0,27.1,0.0,0,0,0,Approved
14452,1,credit_card,0.1183,106.03,10.91018556,20.96,702,3630.0,16948.0,83.5,0.0,0,0,0,Approved
14453,1,all_other,0.074,93.18,10.77895629,2.8,762,14039.95833,3771.0,14.7,0.0,0,0,0,Approved
14454,1,major_purchase,0.0894,47.66,10.34174248,8.52,717,3960.0,1649.0,6,0.0,0,0,0,Approved
14455,1,all_other,0.074,62.12,11.15625052,18.31,762,5729.958333,31305.0,46.8,1.0,0,0,0,Approved
14456,1,debt_consolidation,0.0894,285.95,10.83486392,21.49,737,2910.0,2695.0,38.5,1.0,0,0,0,Approved
14457,1,debt_consolidation,0.1114,246.03,10.30895266,17.52,722,2819.958333,2639.0,21.3,2.0,0,0,0,Approved
14458,1,debt_consolidation,0.1322,546.73,11.06663836,10.13,707,7080.0,12247.0,45.5,1.0,0,0,0,Approved
14459,1,home_improvement,0.1322,270.41,11.26446411,14.66,682,3960.0,2135.0,41.9,2.0,0,0,0,Review
14460,1,debt_consolidation,0.0859,145.41,10.85892207,11.91,737,4140.0,4429.0,15.6,1.0,0,0,0,Approved
14461,1,small_business,0.1843,545.55,10.46310334,8.78,677,8279.958333,479.0,20,1.0,3,0,0,Review
14462,1,debt_consolidation,0.1322,676.02,11.24457532,17.36,707,3960.0,991.0,34.2,1.0,0,0,0,Approved
14463,1,all_other,0.0894,305.01,11.35040654,12.01,742,5039.958333,47474.0,56.1,0.0,0,0,1,Approved
14464,1,debt_consolidation,0.1183,165.67,11.6421978,13.63,707,3690.0,56128.0,84.4,0.0,0,0,0,Approved
14465,1,debt_consolidation,0.0894,476.58,11.03939563,7.78,792,7118.958333,13316.0,33.3,1.0,0,0,0,Approved
14466,1,all_other,0.1183,33.14,10.83958091,16.8,707,5101.0,8035.0,37.9,3.0,0,0,0,Approved
14467,1,debt_consolidation,0.1253,401.6,11.26446411,18.89,702,6930.0,15074.0,59.6,0.0,0,0,0,Approved
14468,1,debt_consolidation,0.1287,437.24,10.66895539,14.93,717,4410.0,49.0,3.3,2.0,0,0,0,Approved
14469,1,all_other,0.0774,93.66,11.62621844,15.26,737,10680.0,32380.0,64.2,2.0,0,0,0,Approved
14470,1,debt_consolidation,0.1183,662.68,11.1844214,13.8,747,4229.958333,15968.0,28.6,4.0,0,0,0,Approved
14471,1,major_purchase,0.1183,497.01,12.35879373,8.53,727,4920.958333,23474.0,38.1,1.0,0,0,0,Approved
14472,1,debt_consolidation,0.0894,317.72,11.03488966,14.37,757,1950.0,1176.0,4.5,0.0,0,0,0,Approved
14473,1,debt_consolidation,0.1253,669.33,10.47344963,16.97,727,3149.958333,20708.0,54.6,0.0,0,0,0,Approved
14474,1,home_improvement,0.074,68.33,10.96819829,1.43,772,5490.0,441.0,2.8,2.0,0,0,0,Approved
14475,1,debt_consolidation,0.1357,271.75,11.79539397,17.68,682,11340.0,55045.0,85.2,0.0,1,0,0,Review
14476,1,all_other,0.1426,68.62,10.31304428,15.38,662,2819.958333,3759.0,80,0.0,1,0,0,Review
14477,1,all_other,0.16,123.06,10.20359214,8.89,677,2009.958333,5869.0,99.5,0.0,0,0,0,Review
14478,1,credit_card,0.1183,662.68,11.33857208,15.91,767,5406.958333,12870.0,12.1,4.0,0,0,0,Approved
14479,1,debt_consolidation,0.0859,126.45,10.08580911,21.85,737,2250.0,1733.0,10.9,1.0,0,0,0,Approved
14480,1,small_business,0.1913,73.45,10.81977828,17.28,677,3996.0,11132.0,98.5,1.0,1,0,1,Review
14481,1,debt_consolidation,0.0894,317.72,10.91508846,19.75,742,9031.958333,12377.0,39.7,3.0,0,0,0,Approved
14482,1,all_other,0.0894,508.35,11.69524702,23.1,782,6389.958333,78633.0,31.7,1.0,0,0,0,Approved
14483,1,home_improvement,0.0859,158.06,12.4292002,6.29,737,6484.958333,8101.0,70.4,2.0,0,0,0,Approved
14484,1,all_other,0.1114,216.51,10.60162227,2.87,727,1679.958333,8164.0,21.1,2.0,0,0,0,Approved
14485,1,debt_consolidation,0.0894,428.13,11.24504602,18.7,747,5639.958333,33660.0,45,0.0,0,0,0,Approved
14486,1,debt_consolidation,0.1322,507.01,10.81977828,13.42,692,2369.958333,14956.0,70.1,2.0,0,0,0,Review
14487,1,debt_consolidation,0.1392,682.74,11.35040654,11.55,697,5220.0,17250.0,78.3,2.0,1,0,0,Review
14488,1,debt_consolidation,0.1496,207.87,10.858999,15.65,662,5461.0,1824.0,67.6,0.0,2,0,0,Review
14489,1,credit_card,0.1148,296.72,10.71441777,18.93,717,5039.958333,14576.0,72.2,0.0,0,0,0,Approved
14490,1,all_other,0.0894,381.26,11.00209984,15.86,792,8100.0,498.0,0.4,0.0,0,0,0,Approved
14491,1,all_other,0.1392,273.1,11.22524339,19.87,677,8160.0,16410.0,37.2,0.0,1,1,0,Review
14492,1,major_purchase,0.1114,262.43,9.968338525,17.71,772,2160.0,954.0,14.7,4.0,0,0,1,Approved
14493,1,home_improvement,0.1322,108.17,11.40756495,12.08,677,13500.0,7479.0,82.9,2.0,0,0,0,Review
14494,1,all_other,0.0859,151.73,10.858999,4.41,767,5250.0,115.0,0.5,2.0,0,0,0,Approved
14495,1,all_other,0.1357,203.82,10.96812932,9.37,692,1410.0,902.0,20,1.0,0,0,0,Review
14496,1,all_other,0.0859,316.11,10.49127422,16,752,5190.0,11185.0,24.9,1.0,0,0,0,Approved
14497,1,debt_consolidation,0.1496,110.87,10.95954023,20.43,672,5130.0,6552.0,95.4,1.0,1,0,0,Review
14498,1,credit_card,0.1426,130.37,11.58988651,13.75,667,6240.0,8413.0,75.1,3.0,0,0,0,Review
14499,1,all_other,0.0894,444.81,11.00209984,20.82,757,8985.958333,946.0,18.9,1.0,0,0,0,Approved
14500,1,debt_consolidation,0.1218,166.5,10.20359214,9.78,707,1530.0,5740.0,61.1,0.0,0,0,0,Approved
14501,1,educational,0.1322,135.21,10.81977828,1.08,702,1770.0,1503.0,16.3,0.0,0,0,0,Approved
14502,1,debt_consolidation,0.1253,669.33,11.61964306,11.36,717,7350.0,35173.0,69.4,0.0,0,0,0,Approved
14503,1,debt_consolidation,0.1635,559.97,10.93310697,22.84,662,8585.958333,14958.0,71.6,0.0,0,0,1,Review
14504,1,debt_consolidation,0.0859,158.06,9.903487553,14.16,752,3660.0,5267.0,42.8,0.0,0,0,0,Approved
14505,1,debt_consolidation,0.0894,403.5,11.15625052,13.63,762,4889.958333,21908.0,28.8,3.0,0,0,0,Approved
14506,1,all_other,0.1218,249.75,11.1124479,4.66,707,1770.0,2370.0,17.8,2.0,0,0,0,Approved
14507,1,debt_consolidation,0.1426,411.67,10.93310697,14.55,677,1890.0,8394.0,48.8,2.0,0,0,0,Review
14508,1,all_other,0.1426,144.09,11.02698756,12.11,667,3869.958333,1506.0,34.2,0.0,3,0,1,Review
14509,1,educational,0.0894,190.63,10.59663473,2.91,732,3149.958333,7198.0,32,0.0,0,0,1,Approved
14510,1,small_business,0.1461,413.71,11.51292546,5.05,767,3149.958333,125.0,0.4,2.0,0,0,0,Approved
14511,1,debt_consolidation,0.16,351.58,10.73639668,14.3,692,1984.958333,9729.0,98.3,0.0,0,0,0,Review
14512,1,debt_consolidation,0.0894,95.32,11.33806004,23.05,717,8339.958333,14040.0,67.2,0.0,0,0,0,Approved
14513,1,all_other,0.1496,86.62,10.98529272,9.66,662,5999.958333,19487.0,86.6,3.0,1,0,0,Review
14514,1,debt_consolidation,0.1287,201.8,11.28978191,13.05,687,3030.0,9640.0,49.9,0.0,0,1,0,Review
14515,1,all_other,0.074,74.55,11.09741002,5.89,777,3030.0,151.0,4.9,0.0,0,0,0,Approved
14516,1,small_business,0.1635,353.3,11.2515607,11.52,732,5009.958333,35873.0,94.4,3.0,0,0,0,Approved
14517,1,small_business,0.1496,97.01,11.39639165,20.95,712,5910.0,33167.0,87.5,0.0,0,0,0,Approved
14518,1,debt_consolidation,0.1357,339.69,11.48246626,16.96,682,3839.958333,9063.0,26.1,1.0,3,0,0,Review
14519,1,debt_consolidation,0.074,31.06,11.14186178,6.65,767,7080.0,8542.0,14.8,0.0,0,0,0,Approved
14520,1,educational,0.0774,31.22,10.27505111,21.52,737,3179.958333,3292.0,42.8,1.0,0,0,0,Approved
14521,1,all_other,0.1287,168.17,10.59653473,3,712,1200.0,4009.0,38.5,0.0,0,0,0,Approved
14522,1,all_other,0.1843,290.96,10.5635432,9.86,667,2520.0,298.0,99.3,0.0,0,1,1,Review
14523,1,all_other,0.1253,100.4,11.07720731,15.9,697,8999.958333,16183.0,32.8,0.0,2,0,0,Review
14524,1,small_business,0.1774,164.8,9.305650552,8.84,692,1349.958333,0.0,0,1.0,0,0,0,Review
14525,1,major_purchase,0.1114,393.65,10.20359214,17.82,742,3720.0,21312.0,29.2,0.0,0,0,1,Approved
14526,1,all_other,0.1322,67.61,10.91508846,9.77,672,5250.0,1083.0,77.4,3.0,0,0,0,Review
14527,1,debt_consolidation,0.1392,257.74,10.59663473,22.05,682,4469.0,24604.0,91.8,0.0,0,0,0,Review
14528,1,debt_consolidation,0.1253,669.33,10.95940109,20.68,722,4709.958333,18996.0,77.9,1.0,0,0,0,Approved
14529,1,debt_consolidation,0.1461,330.97,10.6454249,15.09,672,3240.0,10565.0,80.7,0.0,0,0,0,Review
14530,1,all_other,0.0894,190.63,11.15625052,9.46,732,4681.958333,19298.0,35.5,2.0,0,0,0,Approved
14531,1,credit_card,0.1774,720.42,11.69524702,18.34,702,11909.95833,50307.0,75,0.0,0,0,0,Approved
14532,1,debt_consolidation,0.1253,401.6,10.79949394,9.92,707,3539.958333,13107.0,51.4,0.0,0,0,0,Approved
14533,1,debt_consolidation,0.1218,666.0,10.91501573,13.79,727,3899.958333,16947.0,66.2,1.0,0,0,0,Approved
14534,1,debt_consolidation,0.0894,381.26,10.46561447,11.01,757,8579.958333,13819.0,36.9,0.0,0,0,0,Approved
14535,1,credit_card,0.0705,46.35,10.71441777,16.24,792,4020.0,18830.0,52,0.0,0,0,0,Approved
14536,1,home_improvement,0.0774,156.1,10.62132735,17.68,752,3390.0,1757.0,9.3,1.0,0,0,0,Approved
14537,1,small_business,0.167,532.53,11.47210347,7.05,722,4140.0,3146.0,46.4,2.0,0,0,0,Approved
14538,1,home_improvement,0.1183,662.68,11.1844214,2.55,742,4649.958333,11518.0,15.4,3.0,0,0,0,Approved
14539,1,debt_consolidation,0.0859,316.11,10.62132735,10.92,757,5160.0,6999.0,9.8,1.0,0,0,0,Approved
14540,1,home_improvement,0.1183,115.97,10.95080655,24.11,707,3030.0,2979.0,14.2,1.0,1,0,0,Approved
14541,1,debt_consolidation,0.0894,352.67,11.32055357,21.53,737,5759.958333,46429.0,56.1,0.0,0,0,0,Approved
14542,1,debt_consolidation,0.1322,324.49,11.69524702,4.91,692,4619.958333,1664.0,87.6,1.0,0,0,0,Review
14543,1,debt_consolidation,0.1114,472.38,11.65268741,11.3,732,3930.0,28541.0,41.3,0.0,0,0,0,Approved
14544,1,debt_consolidation,0.074,201.89,9.798127037,14.13,772,7169.958333,6954.0,25.3,0.0,0,0,0,Approved
14545,1,home_improvement,0.074,31.06,10.30895266,0,772,5729.958333,11108.0,46.5,0.0,0,0,0,Approved
14546,1,debt_consolidation,0.0894,190.63,11.00209984,23.18,732,3539.958333,22323.0,29,0.0,0,0,0,Approved
14547,1,all_other,0.0774,99.9,10.71441777,17.33,737,7050.0,12719.0,39.9,1.0,0,0,0,Approved
14548,1,home_improvement,0.1322,101.41,10.1266311,3.5,682,1530.0,2351.0,24,1.0,0,0,0,Review
14549,1,debt_consolidation,0.1357,679.37,10.9331784,20.03,707,5999.958333,28296.0,70.7,1.0,0,0,0,Approved
14550,1,credit_card,0.0859,72.71,10.57131693,0.98,742,2580.0,1868.0,22.8,1.0,0,0,0,Approved
14551,1,debt_consolidation,0.0894,158.86,10.46321762,15.02,727,2250.0,3657.0,10,0.0,0,0,0,Approved
14552,1,debt_consolidation,0.1531,696.31,11.44678566,23.79,702,4410.0,59980.0,95.5,0.0,0,0,0,Approved
14553,1,debt_consolidation,0.1287,504.5,11.65268741,8.35,702,6089.958333,12152.0,54.2,2.0,0,1,0,Approved
14554,1,all_other,0.1218,266.4,10.30895266,4.16,737,2550.0,5820.0,48.5,0.0,0,0,0,Approved
14555,1,debt_consolidation,0.1322,169.01,9.903487553,10.14,687,6749.958333,5881.0,82.8,3.0,0,1,0,Review
14556,1,debt_consolidation,0.0859,227.6,11.62735176,13.89,767,2880.0,600.0,2.4,1.0,0,0,0,Approved
14557,1,credit_card,0.0894,190.63,10.20359214,17.73,757,4619.958333,20873.0,28.4,2.0,0,0,1,Approved
14558,1,credit_card,0.1322,608.42,11.77528973,16.99,702,6540.0,33756.0,82.3,0.0,0,0,0,Approved
14559,1,credit_card,0.0774,52.3,9.903487553,4.68,732,3030.0,2927.0,27.9,0.0,0,0,0,Approved
14560,1,debt_consolidation,0.1287,174.9,10.96819829,10.28,687,2160.0,2564.0,19.4,3.0,0,0,0,Review
14561,1,debt_consolidation,0.1322,255.2,10.49949037,13.49,682,2729.958333,13847.0,74.4,0.0,0,0,1,Review
14562,1,all_other,0.0894,317.72,11.04078195,14.78,742,4229.958333,1947.0,29.1,2.0,1,0,0,Approved
14563,1,home_improvement,0.0774,280.97,10.6454249,2.69,797,13111.0,5689.0,6.2,0.0,0,0,0,Approved
14564,1,debt_consolidation,0.1183,530.15,10.81985828,19.03,747,3600.0,10740.0,40.4,4.0,0,0,0,Approved
14565,1,all_other,0.0774,78.05,10.6454249,6.49,737,6359.958333,967.0,10.1,1.0,0,0,0,Approved
14566,1,all_other,0.1148,72.54,10.59663473,14.55,732,1289.958333,1959.0,9.8,0.0,0,0,0,Approved
14567,1,debt_consolidation,0.1287,622.22,11.03495418,11.84,707,3690.0,9530.0,46,0.0,0,0,0,Approved
14568,1,debt_consolidation,0.0859,366.68,11.05089001,18.02,777,5009.958333,29568.0,52.3,0.0,0,0,0,Approved
14569,1,credit_card,0.0774,218.54,11.58988651,12.69,762,8820.0,5872.0,21.4,0.0,0,0,0,Approved
14570,1,all_other,0.0894,317.72,10.12647109,13.68,742,4080.0,18478.0,37.1,1.0,0,0,0,Approved
14571,1,home_improvement,0.1357,254.77,11.50795312,13.28,682,5399.958333,28384.0,89,2.0,0,0,0,Review
14572,1,debt_consolidation,0.1426,240.15,11.15625052,18.82,692,5490.0,16120.0,96.5,3.0,0,0,0,Review
14573,1,debt_consolidation,0.0859,267.11,10.6454249,17.37,752,4410.0,8493.0,58.7,1.0,0,0,0,Approved
14574,1,debt_consolidation,0.0774,216.97,10.37349118,22.73,752,11249.95833,18512.0,57.1,0.0,0,0,0,Approved
14575,1,educational,0.1322,338.01,11.00209984,9.54,692,2250.0,2263.0,17.7,0.0,3,0,0,Review
14576,1,debt_consolidation,0.1253,401.6,10.81977828,16.08,712,5430.0,15244.0,66.6,0.0,0,1,0,Approved
14577,1,home_improvement,0.1218,499.5,11.47097784,8.7,772,5160.0,2139.0,30.6,2.0,0,0,0,Approved
14578,1,debt_consolidation,0.1218,399.6,11.28978191,24.88,712,5070.0,6950.0,16.6,0.0,0,1,0,Approved
14579,1,home_improvement,0.1218,666.0,11.15625052,14.31,722,3000.0,2292.0,5.4,1.0,1,0,0,Approved
14580,1,debt_consolidation,0.1114,492.06,10.51053203,14.19,752,5369.958333,2855.0,25.3,2.0,0,0,0,Approved
14581,1,debt_consolidation,0.1148,659.37,11.04132055,18.4,767,10920.0,33184.0,48,0.0,0,0,0,Approved
14582,1,all_other,0.1148,98.91,10.858999,21.72,707,4410.0,11791.0,63.7,0.0,0,0,0,Approved
14583,1,debt_consolidation,0.0859,221.28,11.00443046,22.73,742,2550.0,8441.0,18.8,2.0,0,0,0,Approved
14584,1,debt_consolidation,0.1357,339.69,11.58988651,15.74,702,3990.0,23464.0,31.1,1.0,0,0,0,Approved
14585,1,debt_consolidation,0.1148,626.41,10.4341158,17.44,752,4802.0,25008.0,36,0.0,0,0,0,Approved
14586,1,major_purchase,0.0774,312.19,10.89673933,9.11,792,9029.958333,89252.0,6.4,0.0,0,0,0,Approved
14587,1,credit_card,0.1183,430.75,11.65268741,4.17,717,2610.0,1731.0,9,3.0,2,0,0,Approved
14588,1,all_other,0.0894,57.19,11.22524339,24.21,722,4289.958333,39900.0,70.3,0.0,0,0,0,Approved
14589,1,debt_consolidation,0.1114,32.81,11.49272276,11.64,707,5759.958333,10333.0,28.2,1.0,1,0,0,Approved
14590,1,debt_consolidation,0.1183,430.75,10.93310697,11.87,722,5580.0,10915.0,34.5,1.0,0,0,0,Approved
14591,1,debt_consolidation,0.074,186.36,11.65268741,6.4,772,4949.958333,13242.0,23,0.0,0,0,0,Approved
14592,1,debt_consolidation,0.1148,659.37,12.16525065,6.62,757,5100.0,26330.0,28.6,1.0,0,0,1,Approved
14593,1,debt_consolidation,0.1392,324.31,10.30895266,15.92,692,4319.958333,23616.0,49.4,3.0,0,0,0,Review
14594,1,credit_card,0.1183,265.08,11.08220409,8.12,732,4259.958333,43799.0,87.8,2.0,0,0,0,Approved
14595,1,debt_consolidation,0.1287,215.26,11.73606902,9.9,697,5399.958333,2165.0,36.1,2.0,0,1,0,Review
14596,1,small_business,0.1565,122.46,11.08214255,2.51,732,4080.0,1450.0,9.2,0.0,0,0,0,Approved
14597,1,all_other,0.1531,208.9,10.43399815,7.31,667,3600.0,0.0,0,1.0,0,0,0,Review
14598,1,debt_consolidation,0.0774,156.1,10.31890299,12.91,752,8973.958333,15813.0,75.7,0.0,0,0,0,Approved
14599,1,small_business,0.1635,176.65,10.81977828,7.2,747,1860.0,1340.0,7.2,1.0,0,0,1,Approved
14600,1,debt_consolidation,0.0774,142.83,11.26446411,17.94,762,6270.0,112055.0,33.5,1.0,0,0,0,Approved
14601,1,all_other,0.1148,138.47,10.78931908,18.06,707,2550.0,3522.0,33.2,1.0,1,0,0,Approved
14602,1,debt_consolidation,0.0894,441.63,10.3011503,17.66,747,10019.95833,25716.0,73.9,0.0,0,0,0,Approved
14603,1,debt_consolidation,0.1774,720.42,11.31447453,2.87,677,4290.958333,9603.0,51.9,0.0,1,0,1,Review
14604,1,debt_consolidation,0.1253,267.74,10.59653473,13.62,717,4710.0,29140.0,64,2.0,0,0,0,Approved
14605,1,debt_consolidation,0.0894,540.12,11.08214255,12.89,772,10889.95833,9242.0,18.1,1.0,0,0,0,Approved
14606,1,all_other,0.0859,126.45,11.05089001,16.97,742,5675.958333,2187.0,25.7,0.0,0,0,0,Approved
14607,1,debt_consolidation,0.1148,468.16,11.26446411,23.17,727,4200.958333,31236.0,42.3,1.0,0,0,0,Approved
14608,1,all_other,0.0894,317.72,10.81977828,7.56,757,4000.0,0.0,0,0.0,0,0,0,Approved
14609,1,credit_card,0.1218,299.7,11.0184488,19.77,702,3990.0,40781.0,76.9,0.0,0,0,1,Approved
14610,1,debt_consolidation,0.1114,656.07,11.91839057,0.82,792,7499.958333,4363.0,10.5,1.0,0,0,1,Approved
14611,1,debt_consolidation,0.1426,686.12,11.97035031,16.42,692,7589.958333,77324.0,75.9,0.0,0,0,0,Review
14612,1,debt_consolidation,0.1218,532.8,11.40756495,13.68,717,3809.958333,5630.0,17.8,2.0,0,0,0,Approved
14613,1,debt_consolidation,0.1253,173.19,9.952277717,22.86,692,7290.0,8688.0,67.3,0.0,0,0,1,Review
14614,1,all_other,0.0894,95.32,10.03451581,0.79,727,2550.0,208.0,3.5,1.0,0,0,0,Approved
14615,1,debt_consolidation,0.1287,269.07,10.30895266,9.52,692,3154.958333,7261.0,51.9,0.0,0,1,0,Review
14616,1,debt_consolidation,0.1183,596.41,11.66137995,8.22,747,7440.0,71965.0,76.6,4.0,0,0,0,Approved
14617,1,all_other,0.0894,158.86,10.91501573,20.14,727,6029.958333,22652.0,53.3,3.0,0,0,0,Approved
14618,1,debt_consolidation,0.1114,344.44,10.89295439,19.63,732,6720.0,9020.0,64.4,3.0,0,0,0,Approved
14619,1,small_business,0.1461,634.35,11.70354582,13.09,752,7229.958333,14375.0,17.5,0.0,0,0,0,Approved
14620,1,credit_card,0.1496,426.14,11.1844214,6.43,667,5880.0,5422.0,46.7,1.0,0,0,0,Review
14621,1,debt_consolidation,0.1461,689.51,11.05089001,14.72,687,2789.958333,8004.0,66.1,0.0,0,0,0,Review
14622,1,debt_consolidation,0.1461,344.76,10.727663,22.03,672,4679.958333,4232.0,27.1,1.0,0,0,0,Review
14623,1,small_business,0.16,421.89,11.46163217,11.86,702,6330.0,34057.0,63.9,3.0,0,0,1,Approved
14624,1,debt_consolidation,0.1253,267.74,10.71441777,11.57,697,5070.0,9929.0,32.4,1.0,2,0,0,Review
14625,1,educational,0.0774,74.93,10.64927462,11.47,757,7380.0,13852.0,24.5,0.0,0,0,0,Approved
14626,1,major_purchase,0.1114,328.04,11.44035477,13.03,727,3030.0,5960.0,43.8,0.0,0,0,0,Approved
14627,1,all_other,0.0774,156.1,11.03488966,14.4,752,8370.0,15489.0,35.4,1.0,0,0,0,Approved
14628,1,debt_consolidation,0.1183,430.75,11.5806215,13.2,717,3270.0,38433.0,56.5,1.0,0,0,0,Approved
14629,1,all_other,0.1148,659.37,11.35040654,10.07,792,2940.0,760.0,1.9,0.0,0,0,0,Approved
14630,1,debt_consolidation,0.1183,533.46,11.15625052,10.89,732,3600.0,15942.0,40.9,3.0,0,0,0,Approved
14631,1,debt_consolidation,0.0894,285.95,10.71308355,16.72,737,3720.0,8654.0,24.6,0.0,0,0,0,Approved
14632,1,small_business,0.1496,207.87,11.35040654,11.55,762,4289.958333,5341.0,0,0.0,0,0,0,Approved
14633,1,debt_consolidation,0.1461,689.51,10.85892207,14.84,682,3690.0,20916.0,65.6,1.0,0,0,0,Review
14634,1,educational,0.1357,611.44,11.22524339,2.85,692,4770.0,4389.0,7.7,3.0,0,0,0,Review
14635,1,credit_card,0.1183,78.7,11.00209984,16.48,697,6839.958333,3689.0,22.2,2.0,0,0,0,Review
14636,1,credit_card,0.1392,682.74,12.32385568,11.37,697,4589.958333,56558.0,72.1,0.0,0,0,0,Review
14637,1,credit_card,0.1253,200.8,10.46310334,23.07,687,5100.0,3334.0,23.5,0.0,0,0,0,Review
14638,1,all_other,0.0894,413.03,11.77528973,0.05,802,6809.958333,2563.0,8.8,0.0,0,0,0,Approved
14639,1,all_other,0.1565,262.4,10.40426284,11.93,672,1470.0,1140.0,54.3,0.0,0,0,0,Review
14640,1,small_business,0.1635,565.27,10.81977828,0.36,722,1754.958333,640.0,3.9,3.0,0,0,0,Approved
14641,1,home_improvement,0.167,710.03,11.26446411,24.6,677,1748.958333,0.0,49.63,1.0,0,0,1,Review
14642,1,major_purchase,0.1218,466.2,12.32385568,16.65,717,6389.958333,37629.0,87.1,1.0,0,0,0,Approved
14643,1,credit_card,0.1426,343.06,11.77528973,7.5,677,2580.0,12907.0,52.9,3.0,2,0,0,Review
14644,1,debt_consolidation,0.1704,642.14,11.678406,17.74,672,5160.0,18938.0,53.8,1.0,1,0,0,Review
14645,1,debt_consolidation,0.0894,368.55,10.74849708,12.35,752,3300.0,1061.0,10.1,0.0,0,0,0,Approved
14646,1,home_improvement,0.0859,363.52,10.30895266,1.8,792,7889.958333,2324.0,5.7,0.0,0,0,0,Approved
14647,1,debt_consolidation,0.1565,554.53,10.91508846,22.84,672,4619.958333,22684.0,89.9,0.0,0,0,1,Review
14648,1,all_other,0.1878,657.81,11.28978191,15.6,672,1142.0,11184.0,93.2,0.0,0,0,0,Review
14649,1,debt_consolidation,0.1114,461.71,10.08580911,13.15,752,6631.0,13551.0,29,0.0,0,0,0,Approved
14650,1,debt_consolidation,0.1148,454.97,10.67359577,23.61,752,8679.958333,6698.0,67,0.0,0,0,0,Approved
14651,1,credit_card,0.1148,659.37,11.26446411,5.72,757,3616.0,8863.0,27.4,1.0,0,0,0,Approved
14652,1,educational,0.1253,167.34,10.59663473,10.56,692,4410.0,15041.0,66.6,0.0,0,0,0,Review
14653,1,all_other,0.0859,63.23,9.903687533,8.7,747,4289.958333,4622.0,19.3,0.0,0,0,1,Approved
14654,1,debt_consolidation,0.1253,669.33,12.05989014,6.45,722,3420.0,23973.0,44.9,1.0,0,0,0,Approved
14655,1,educational,0.1287,48.77,9.740968623,7.41,692,2009.958333,0.0,0,0.0,1,0,0,Review
14656,1,debt_consolidation,0.1114,393.65,11.2395407,15.06,742,4860.0,18862.0,47.5,1.0,0,0,0,Approved
14657,1,debt_consolidation,0.0859,252.89,10.1266311,20.3,797,6690.0,3301.0,27.3,0.0,0,0,0,Approved
14658,1,credit_card,0.1253,401.6,11.85651517,5.59,702,5009.958333,4381.0,16.5,2.0,0,0,0,Approved
14659,1,educational,0.1253,401.6,12.06681058,6.33,717,9120.0,38384.0,90.1,1.0,0,0,0,Approved
14660,1,small_business,0.1531,313.34,11.32900263,3.45,742,5520.0,6218.0,8.1,0.0,0,1,0,Approved
14661,1,credit_card,0.1183,198.81,11.00209984,15.5,702,3809.958333,55333.0,39,2.0,0,0,0,Approved
14662,1,educational,0.0894,57.19,10.53209621,21.54,742,3179.958333,2940.0,32.3,5.0,0,0,0,Approved
14663,1,debt_consolidation,0.1218,666.0,11.57332418,13.84,732,9373.958333,22233.0,76.7,1.0,0,0,0,Approved
14664,1,all_other,0.0774,156.1,10.58446093,5.62,747,2220.0,2326.0,25,1.0,0,0,0,Approved
14665,1,educational,0.0894,142.98,9.809176873,6.29,792,2670.0,70.0,0.7,1.0,0,0,0,Approved
14666,1,all_other,0.1148,197.82,11.22524339,12.66,727,3270.0,4027.0,7.2,2.0,1,0,0,Approved
14667,1,debt_consolidation,0.0894,327.25,10.3041411,19.29,747,8070.0,5822.0,64.7,1.0,0,0,1,Approved
14668,1,debt_consolidation,0.1114,492.06,10.91501573,12.18,767,8939.958333,13095.0,19.6,2.0,0,0,0,Approved
14669,1,all_other,0.1809,904.88,11.15625052,21.02,672,5190.0,37893.0,74.4,3.0,0,0,1,Review
14670,1,all_other,0.0859,126.45,11.35035948,7.3,747,7949.958333,19817.0,64.1,1.0,0,0,0,Approved
14671,1,debt_consolidation,0.1531,448.25,10.81977828,24.17,672,3390.0,6256.0,71.9,0.0,0,0,1,Review
14672,1,debt_consolidation,0.0859,256.84,10.40426284,16.36,752,3360.0,12442.0,33.7,0.0,0,0,0,Approved
14673,1,debt_consolidation,0.1426,48.03,10.59663473,13.83,662,3869.958333,3163.0,53.6,2.0,0,0,0,Review
14674,1,debt_consolidation,0.1565,314.88,11.00209984,15.42,662,4289.958333,16286.0,89.5,0.0,0,0,1,Review
14675,1,debt_consolidation,0.1287,538.14,11.08214255,11.52,727,4740.0,7290.0,93.5,0.0,0,0,0,Approved
14676,1,all_other,0.0859,316.11,10.85614879,8.52,812,10950.0,952.0,1.1,0.0,0,0,0,Approved
14677,1,debt_consolidation,0.1322,338.01,10.69557468,19.32,692,3869.958333,8540.0,87.1,1.0,0,0,0,Review
14678,1,debt_consolidation,0.1114,360.84,10.75773265,10.39,722,2193.0,10735.0,34.5,3.0,0,0,0,Approved
14679,1,all_other,0.0894,524.23,11.58896015,3.16,802,9870.0,4588.0,6.7,0.0,0,0,0,Approved
14680,1,all_other,0.1357,322.71,10.37349118,0.56,792,9029.958333,1479.0,7.1,7.0,0,0,0,Approved
14681,1,debt_consolidation,0.1218,666.0,10.83695,22.88,732,3990.0,26803.0,51.4,1.0,0,0,0,Approved
14682,1,all_other,0.0705,61.8,10.71441777,3.68,777,7800.0,6669.0,23.8,0.0,0,0,0,Approved
14683,1,educational,0.1253,430.88,10.53900562,24.27,712,2039.958333,5048.0,55.5,0.0,0,0,1,Approved
14684,1,credit_card,0.0859,252.89,10.0604913,17.23,762,2550.0,2296.0,9.3,2.0,0,0,0,Approved
14685,1,debt_consolidation,0.1114,262.43,11.73606902,13.61,722,5399.958333,41568.0,48.6,3.0,0,0,0,Approved
14686,1,debt_consolidation,0.1704,713.49,11.99535161,14.04,677,4440.0,70627.0,91.8,2.0,0,0,0,Review
14687,1,major_purchase,0.1357,679.37,10.6454249,11.91,722,1410.958333,1458.0,12.4,2.0,0,0,0,Approved
14688,1,debt_consolidation,0.1496,519.68,11.40756495,24.99,687,3509.958333,53896.0,96.8,0.0,0,0,0,Review
14689,1,debt_consolidation,0.1392,512.06,11.15625052,22.34,682,5039.958333,7705.0,39.9,2.0,1,0,0,Review
14690,1,debt_consolidation,0.0859,460.72,10.56617553,24.71,772,3990.0,10277.0,28.9,2.0,0,0,0,Approved
14691,1,credit_card,0.1496,415.74,10.5454467,10.1,682,2553.0,12315.0,80,1.0,0,0,0,Review
14692,1,debt_consolidation,0.0894,385.23,10.6454249,22.11,747,3360.0,19029.0,22,3.0,0,0,0,Approved
14693,1,home_improvement,0.1253,234.27,11.28983191,15.93,702,4229.958333,20125.0,59.9,2.0,0,0,0,Approved
14694,1,debt_consolidation,0.1357,142.67,10.34817337,17.77,677,1679.958333,2187.0,70.5,1.0,0,0,0,Review
14695,1,debt_consolidation,0.1913,734.42,11.05089001,8.86,677,7350.0,9881.0,99.8,0.0,0,0,0,Review
14696,1,credit_card,0.1114,457.61,11.15756394,10.96,732,5429.958333,27948.0,73.8,0.0,0,0,0,Approved
14697,1,debt_consolidation,0.1287,235.44,10.1266311,9.79,692,6721.0,6355.0,65.5,1.0,0,0,0,Review
14698,1,home_improvement,0.1114,393.65,11.41861479,14.36,737,3899.958333,3114.0,26.4,1.0,0,0,0,Approved
14699,1,all_other,0.1218,249.75,11.28978191,2.77,717,3630.0,653.0,19.8,2.0,0,0,0,Approved
14700,1,home_improvement,0.1253,510.37,10.858999,10.96,722,6270.0,2652.0,3.9,0.0,0,0,1,Approved
14701,1,debt_consolidation,0.1218,499.5,11.33857208,24.66,722,11159.95833,22319.0,58.7,0.0,2,0,0,Approved
14702,1,home_improvement,0.1148,659.37,12.20607265,4.24,812,5880.0,15571.0,8.7,4.0,0,0,0,Approved
14703,1,debt_consolidation,0.1253,117.14,10.71441777,23.12,692,2459.958333,5177.0,64.7,0.0,0,0,0,Review
14704,1,home_improvement,0.1357,339.69,11.51292546,3.35,702,2340.0,61.0,2,0.0,0,0,0,Approved
14705,1,major_purchase,0.1496,277.16,10.6454249,4.46,672,1769.958333,5626.0,26.9,0.0,0,0,1,Review
14706,1,debt_consolidation,0.1148,164.85,10.0387175,8.54,732,2039.958333,1517.0,22.3,0.0,0,0,0,Approved
14707,1,debt_consolidation,0.1392,546.2,11.60823564,15.36,687,3060.0,23839.0,59.3,1.0,2,0,0,Review
14708,1,small_business,0.1704,713.49,11.12726298,8.4,747,1860.0,632.0,1.3,6.0,0,0,1,Approved
14709,1,small_business,0.1565,314.88,10.49127422,4.43,732,1471.0,2320.0,28.3,1.0,0,0,0,Approved
14710,1,debt_consolidation,0.0894,317.72,10.30895266,5.6,737,5640.0,9152.0,17.3,2.0,0,0,1,Approved
14711,1,debt_consolidation,0.1531,497.86,11.13458902,13.7,677,2340.0,23626.0,90.9,2.0,0,0,0,Review
14712,1,credit_card,0.1392,573.5,12.32385568,24.06,702,6869.958333,109027.0,90.2,3.0,0,0,0,Approved
14713,1,major_purchase,0.074,124.24,10.23995979,1.89,797,8100.0,2198.0,8.7,0.0,0,0,0,Approved
14714,1,all_other,0.1531,278.53,10.83958091,16.52,662,2459.958333,7959.0,33.2,3.0,0,0,0,Review
14715,1,debt_consolidation,0.16,457.05,11.41861479,23.89,662,2190.0,58686.0,80.8,2.0,0,0,0,Review
14716,1,small_business,0.1531,348.16,10.16585182,1.38,792,2291.0,425.0,2.1,0.0,0,0,0,Approved
14717,1,debt_consolidation,0.1253,321.28,10.63103616,16.72,702,3360.0,2978.0,81.9,0.0,0,0,0,Approved
14718,1,debt_consolidation,0.167,710.03,11.01046476,20.94,672,5850.0,28332.0,81.2,0.0,1,0,0,Review
14719,1,all_other,0.1114,157.46,9.903487553,3.12,737,1500.0,2644.0,23.4,1.0,0,0,0,Approved
14720,1,debt_consolidation,0.1183,331.34,10.46321762,24.13,717,6449.958333,5587.0,73.5,0.0,0,0,1,Approved
14721,1,all_other,0.1704,214.05,10.26813067,12.42,662,2160.0,8765.0,95.3,1.0,0,0,0,Review
14722,1,all_other,0.1287,235.44,11.58058411,18.09,687,5160.0,89844.0,84.8,0.0,0,0,0,Review
14723,1,all_other,0.0774,249.75,11.54244543,15.47,802,4620.958333,6498.0,11.6,2.0,0,0,0,Approved
14724,1,all_other,0.1114,426.45,10.49127422,11.77,737,5460.0,3636.0,7.4,1.0,0,1,0,Approved
14725,1,debt_consolidation,0.1253,220.88,11.40235138,20.2,697,9240.0,27017.0,45.7,2.0,0,0,0,Review
14726,1,home_improvement,0.1496,346.45,10.43399815,17.08,672,1800.0,3918.0,38.2,1.0,0,0,0,Review
14727,1,major_purchase,0.1426,171.53,11.11125555,12.48,687,7410.0,24905.0,95.5,3.0,0,0,0,Review
14728,1,all_other,0.1114,246.03,12.08958377,11.33,727,5429.958333,32706.0,81.6,1.0,0,0,0,Approved
14729,1,debt_consolidation,0.1253,267.74,10.30895266,9.8,702,2670.0,5934.0,39.8,1.0,1,0,0,Approved
14730,1,all_other,0.0774,109.27,10.34817337,5.73,767,2220.0,1092.0,9.9,0.0,0,0,0,Approved
14731,1,educational,0.0859,110.64,10.38899537,7.83,737,2160.0,1092.0,9.9,0.0,0,0,0,Approved
14732,1,small_business,0.2017,186.26,10.81977828,6,672,5009.958333,9814.0,59.5,1.0,0,1,1,Review
14733,1,debt_consolidation,0.1357,339.69,10.74903388,21.17,702,4229.958333,9114.0,57,0.0,0,0,0,Approved
14734,1,credit_card,0.0859,126.45,10.71441777,4.72,762,3073.0,7347.0,26.7,1.0,0,0,0,Approved
14735,1,all_other,0.1218,159.84,11.07819631,12.07,697,5759.958333,21028.0,84.8,1.0,0,0,0,Review
14736,1,all_other,0.1183,298.21,10.96812932,0.48,717,2910.0,0.0,0,1.0,0,0,0,Approved
14737,1,credit_card,0.0705,92.7,10.54534144,16.8,772,3270.0,4088.0,15,2.0,0,0,0,Approved
14738,1,debt_consolidation,0.1148,659.37,12.53214817,0.22,777,5669.958333,1003.0,3.3,2.0,0,0,0,Approved
14739,1,debt_consolidation,0.1426,274.45,10.30895266,14.16,677,3089.958333,1338.0,27.9,0.0,0,0,0,Review
14740,1,debt_consolidation,0.0894,349.49,10.98529272,16.7,802,4679.958333,667.0,3.6,3.0,0,0,0,Approved
14741,1,debt_consolidation,0.1287,571.77,11.5229154,17.22,712,7979.958333,26949.0,52,0.0,0,0,0,Approved
14742,1,credit_card,0.1426,96.06,10.1266311,18.29,667,4589.958333,12995.0,31.6,0.0,1,0,0,Review
14743,1,debt_consolidation,0.0774,156.1,11.26830288,9.27,747,3119.958333,13899.0,36,1.0,0,0,0,Approved
14744,1,all_other,0.1392,273.1,11.36214909,22.55,677,2940.0,2149.0,36.4,2.0,0,0,0,Review
14745,1,debt_consolidation,0.1148,422.0,10.9331784,13.33,722,6240.0,3230.0,26.4,0.0,0,0,0,Approved
14746,1,all_other,0.1218,149.85,11.21182037,1.49,707,3780.0,2698.0,33.3,2.0,1,0,0,Approved
14747,1,small_business,0.1704,85.62,11.25161265,7.46,667,4319.958333,575.0,16,2.0,0,0,0,Review
14748,1,credit_card,0.1357,441.6,11.62625415,15.01,702,4170.0,46306.0,56.6,1.0,0,0,0,Approved
14749,1,debt_consolidation,0.1531,313.34,10.69194491,6.14,662,6960.0,5776.0,77,1.0,0,0,1,Review
14750,1,credit_card,0.1148,633.0,11.01862914,17.35,762,8820.0,5331.0,9.1,2.0,0,0,0,Approved
14751,1,debt_consolidation,0.1218,666.0,11.22524339,18.45,732,4259.958333,29074.0,46.2,0.0,0,0,0,Approved
14752,1,credit_card,0.1287,420.42,10.91501573,17.61,702,2039.958333,13441.0,49.4,2.0,0,0,0,Approved
14753,1,all_other,0.1183,493.7,10.91508846,9.51,742,1590.0,1691.0,16.5,1.0,0,0,0,Approved
14754,1,debt_consolidation,0.0894,349.49,10.87244663,8.95,742,9329.958333,25212.0,46.6,1.0,0,0,0,Approved
14755,1,major_purchase,0.1253,83.67,11.15619338,10.68,702,5820.0,4403.0,88.1,0.0,0,0,0,Approved
14756,1,credit_card,0.1287,201.8,10.27518903,10.51,707,4289.958333,1980.0,46,0.0,1,0,0,Approved
14757,1,credit_card,0.1461,861.88,11.69524702,20.52,707,5580.0,78468.0,84.3,2.0,0,0,1,Approved
14758,1,debt_consolidation,0.1114,656.07,11.60823564,21.69,772,9990.0,67969.0,40.5,2.0,0,0,0,Approved
14759,1,debt_consolidation,0.1392,204.83,11.03488966,14.05,677,3479.958333,5810.0,85.4,1.0,0,0,0,Review
14760,1,credit_card,0.0894,397.15,10.91508846,17.15,757,6330.0,24452.0,66.4,0.0,0,0,0,Approved
14761,1,credit_card,0.0894,381.26,10.95080655,18.99,752,2849.958333,25577.0,30.8,1.0,0,0,0,Approved
14762,1,small_business,0.1982,229.86,9.862665558,0,667,1440.0,0.0,0,0.0,0,1,1,Review
14763,1,debt_consolidation,0.1357,339.69,11.00209984,7.3,702,5399.958333,6749.0,91.2,0.0,0,0,0,Approved
14764,1,debt_consolidation,0.1774,720.42,11.20367921,14.06,702,4229.958333,55912.0,68.1,2.0,0,0,1,Approved
14765,1,home_improvement,0.1183,662.68,11.28978191,12.95,742,8431.0,20586.0,37.5,0.0,0,0,0,Approved
14766,1,credit_card,0.0894,349.49,10.81977828,23.18,732,3630.0,11557.0,46.2,1.0,0,0,0,Approved
14767,1,debt_consolidation,0.1704,642.14,11.36210258,6.81,677,7499.958333,4418.0,96,0.0,0,0,0,Review
14768,1,all_other,0.0894,556.01,11.77528973,9.81,777,5070.0,8651.0,13.6,1.0,0,0,0,Approved
14769,1,debt_consolidation,0.1357,397.44,10.92593848,22.66,687,5580.0,16677.0,45.9,1.0,0,0,0,Review
14770,1,debt_consolidation,0.1426,171.53,10.92666879,8.17,667,4289.958333,9685.0,43.2,1.0,0,0,0,Review
14771,1,small_business,0.1461,206.86,10.5623538,12.76,767,5610.0,4031.0,39.1,5.0,0,0,1,Approved
14772,1,debt_consolidation,0.1253,167.34,10.5865844,2.97,692,2729.958333,3869.0,26.1,0.0,0,0,0,Review
14773,1,debt_consolidation,0.1148,494.53,10.59663473,10.32,737,6630.0,14274.0,24.6,0.0,0,0,0,Approved
14774,1,credit_card,0.1426,686.12,11.15625052,13.68,687,4860.0,27561.0,80.8,1.0,0,0,0,Review
14775,1,debt_consolidation,0.1183,662.68,11.28978191,9.11,742,3660.0,28091.0,50.6,0.0,0,0,0,Approved
14776,1,debt_consolidation,0.1148,263.75,10.49127422,2.9,727,1800.0,2980.0,31.7,1.0,0,0,0,Approved
14777,1,debt_consolidation,0.1114,98.42,10.20359214,17.29,717,2550.0,4502.0,40.9,2.0,0,0,0,Approved
14778,1,debt_consolidation,0.1183,482.1,10.71441777,14.56,717,2280.0,25729.0,52.4,0.0,0,0,0,Approved
14779,1,credit_card,0.1287,201.8,10.858999,6.3,682,10320.0,9339.0,33.2,2.0,1,0,0,Review
14780,1,debt_consolidation,0.1148,494.53,11.22524339,10.1,742,5520.0,73366.0,61.7,1.0,0,0,0,Approved
14781,1,debt_consolidation,0.1635,529.94,11.15625052,16.66,662,4619.958333,29319.0,61.5,0.0,0,0,0,Review
14782,1,debt_consolidation,0.1218,566.1,11.05885818,15.8,717,6240.0,21441.0,80.6,1.0,0,0,1,Approved
14783,1,home_improvement,0.1565,279.89,11.00209984,16.72,717,2550.0,16951.0,99.7,0.0,0,0,0,Approved
14784,1,debt_consolidation,0.1322,381.95,10.64285016,19.05,707,5009.958333,32720.0,94.6,1.0,0,0,0,Approved
14785,1,credit_card,0.1218,499.5,10.79957558,16.97,722,4200.958333,11530.0,49.1,0.0,0,0,0,Approved
14786,1,debt_consolidation,0.1253,334.67,10.59663473,20.46,702,2520.0,7722.0,66.1,0.0,0,0,1,Approved
14787,1,debt_consolidation,0.1183,629.55,12.20609265,10.93,742,7020.0,79062.0,50.8,0.0,0,0,0,Approved
14788,1,debt_consolidation,0.1392,546.2,11.25161265,15.83,687,2099.958333,17923.0,59.7,0.0,0,0,0,Review
14789,1,educational,0.1218,183.15,11.48246626,14.75,697,8249.958333,36428.0,70.7,0.0,0,0,0,Review
14790,1,credit_card,0.1635,176.65,10.54513089,5.18,672,1379.958333,5403.0,63.6,1.0,0,0,0,Review
14791,1,debt_consolidation,0.1426,308.76,10.71441777,22.91,682,3450.0,23703.0,83.8,0.0,0,0,0,Review
14792,1,credit_card,0.1114,328.04,10.71441777,22.13,732,3720.0,12253.0,18.9,2.0,1,0,0,Approved
14793,1,debt_consolidation,0.1357,215.7,9.798127037,21.53,727,2880.0,7727.0,95.4,0.0,0,0,0,Approved
14794,1,small_business,0.1461,344.76,12.01370075,17.43,732,4350.0,114393.0,46.6,2.0,0,0,0,Approved
14795,1,all_other,0.0894,254.18,11.65268741,2.7,762,6900.0,5914.0,15.9,4.0,0,0,0,Approved
14796,1,all_other,0.0774,218.54,11.27720313,3.17,782,4590.958333,482.0,1.6,2.0,0,0,0,Approved
14797,1,home_improvement,0.0774,187.32,11.29601246,15.69,752,3630.0,6207.0,41.4,3.0,0,0,0,Approved
14798,1,home_improvement,0.1183,265.08,11.23843599,8.98,732,3720.0,905.0,12,0.0,0,2,0,Approved
14799,1,debt_consolidation,0.1183,298.21,10.858999,20.49,712,4619.958333,23750.0,47.7,1.0,0,0,0,Approved
14800,1,educational,0.1148,461.56,11.59910316,21.29,727,5250.0,15812.0,50,1.0,0,0,1,Approved
14801,1,credit_card,0.1322,202.81,10.99142642,14.47,682,4289.958333,6891.0,59.8,0.0,0,0,0,Review
14802,1,home_improvement,0.1357,339.69,11.71177632,8.38,682,5160.0,865.0,72.1,3.0,0,0,0,Review
14803,1,all_other,0.1531,174.08,10.76840078,3.79,672,3030.0,2029.0,20.3,3.0,0,0,1,Review
14804,1,major_purchase,0.1218,59.94,11.2514568,5.3,692,5729.958333,1836.0,34.6,1.0,1,0,0,Review
14805,1,all_other,0.0774,156.1,11.51292546,10.24,752,5729.958333,15509.0,25.7,1.0,0,0,0,Approved
14806,1,home_improvement,0.0894,571.89,11.28978191,5.37,777,6990.0,17915.0,17,3.0,0,0,1,Approved
14807,1,debt_consolidation,0.1218,166.5,10.88743693,10.5,692,6119.958333,4819.0,55.3,0.0,0,0,0,Review
14808,1,debt_consolidation,0.1426,462.27,10.46310334,22.11,687,3330.0,18522.0,93.1,0.0,0,0,1,Review
14809,1,debt_consolidation,0.1357,467.07,11.98292909,9.43,692,5820.0,105576.0,68.6,0.0,0,1,0,Review
14810,1,debt_consolidation,0.1287,311.11,10.22034,18.97,687,2550.0,9666.0,83.3,0.0,0,0,0,Review
14811,1,all_other,0.1322,236.61,10.23995979,15.09,687,3929.958333,2896.0,10.3,0.0,0,0,0,Review
14812,1,debt_consolidation,0.1322,507.01,10.85892207,1.96,717,1409.958333,2425.0,29.2,0.0,0,0,0,Approved
14813,1,credit_card,0.0894,349.49,11.81303006,13.79,762,9299.958333,2308.0,33,3.0,0,0,0,Approved
14814,1,debt_consolidation,0.1253,669.33,11.40534025,18.72,712,2910.0,55770.0,62,0.0,0,0,0,Approved
14815,1,debt_consolidation,0.1114,492.06,11.22524339,8.05,767,5759.958333,5404.0,5.2,0.0,0,0,0,Approved
14816,1,debt_consolidation,0.1287,210.21,10.81985828,21.84,692,4349.958333,28565.0,70,1.0,0,0,0,Review
14817,1,educational,0.1218,511.16,10.90205849,15.47,742,4619.958333,15713.0,27.9,5.0,0,0,1,Approved
14818,1,debt_consolidation,0.1287,504.5,11.3736634,13.38,707,5667.041667,14045.0,29.4,1.0,0,0,1,Approved
14819,1,all_other,0.074,105.61,10.59663473,15.03,757,5610.0,12361.0,43.7,0.0,0,0,0,Approved
14820,1,debt_consolidation,0.1565,489.81,10.81977828,6,662,3270.0,1221.0,12.2,3.0,0,0,0,Review
14821,1,all_other,0.1809,289.57,10.70907016,13.81,677,4949.958333,8704.0,16.1,2.0,2,0,0,Review
14822,1,major_purchase,0.0774,124.88,11.14706561,10.83,762,3209.958333,2976.0,38.6,0.0,0,0,0,Approved
14823,1,debt_consolidation,0.1148,522.55,10.49127422,22.47,737,4020.0,19796.0,30.1,1.0,0,0,0,Approved
14824,1,major_purchase,0.074,77.65,12.13350195,4.06,757,10320.0,14063.0,50.2,1.0,0,0,0,Approved
14825,1,debt_consolidation,0.0894,476.58,11.6351785,6.24,792,7800.0,19367.0,9.1,0.0,0,0,0,Approved
14826,1,home_improvement,0.1392,204.83,11.47210347,7,682,6509.958333,4417.0,78.9,0.0,0,0,0,Review
14827,1,debt_consolidation,0.1114,328.04,10.30895266,12.92,727,4470.0,14257.0,29.5,0.0,0,0,1,Approved
14828,1,educational,0.0774,156.1,11.05089001,0.38,782,2286.0,1137.0,4.3,1.0,0,0,0,Approved
14829,1,credit_card,0.1392,682.74,11.14186178,14.99,742,8279.958333,13631.0,80.7,7.0,0,0,1,Approved
14830,1,all_other,0.1357,101.91,10.59663473,22.98,672,4500.0,17590.0,80.7,1.0,0,1,0,Review
14831,1,debt_consolidation,0.1253,669.33,11.35040654,24.56,717,4830.0,21621.0,60.1,1.0,0,0,1,Approved
14832,1,debt_consolidation,0.1218,172.33,9.61580548,13.12,707,1530.0,6947.0,53.4,0.0,0,0,1,Approved
14833,1,debt_consolidation,0.1114,524.86,11.2515607,5.84,757,13379.95833,20015.0,34.9,0.0,0,0,0,Approved
14834,1,small_business,0.1635,706.59,10.98529272,2.87,762,2580.0,11341.0,32.2,1.0,0,0,0,Approved
14835,1,educational,0.1218,64.11,10.30895266,8.36,712,1349.958333,277.0,46.2,2.0,0,0,0,Approved
14836,1,all_other,0.1287,117.72,10.51867319,9.79,682,2220.0,9868.0,73.1,3.0,0,0,0,Review
14837,1,all_other,0.1287,134.54,9.798127037,13.8,692,3210.0,9794.0,75.9,0.0,0,0,1,Review
14838,1,debt_consolidation,0.1218,599.4,11.60823564,8.23,722,5429.958333,15533.0,79.3,1.0,0,0,0,Approved
14839,1,all_other,0.0859,316.11,10.858999,14.35,752,7051.0,16375.0,28,1.0,0,0,0,Approved
14840,1,credit_card,0.1183,662.68,12.05815252,13.22,747,4350.0,10767.0,50.3,0.0,0,0,0,Approved
14841,1,home_improvement,0.1148,395.63,10.81977828,12.41,757,2460.958333,2071.0,23,4.0,0,0,0,Approved
14842,1,all_other,0.1947,737.94,11.91839057,0.98,667,6419.958333,29518.0,97.4,0.0,0,0,0,Review
14843,1,home_improvement,0.1253,267.74,10.77895629,4.97,772,4383.0,2958.0,7.6,7.0,0,0,0,Approved
14844,1,credit_card,0.1148,494.53,11.19134184,23.9,737,4860.0,38876.0,59.6,2.0,0,0,1,Approved
14845,1,credit_card,0.0859,177.02,10.57131693,8.34,737,2700.0,2639.0,24,1.0,0,0,0,Approved
14846,1,debt_consolidation,0.1426,548.9,10.71441777,14.67,682,3959.958333,9092.0,23.2,0.0,0,0,1,Review
14847,1,debt_consolidation,0.1183,497.01,11.0744205,11,732,2879.958333,8318.0,50.7,1.0,0,0,0,Approved
14848,1,debt_consolidation,0.1426,111.5,10.81977828,19.2,667,4264.958333,9625.0,49.1,2.0,0,0,0,Review
14849,1,debt_consolidation,0.0859,316.11,11.00209984,3.78,767,3390.0,3252.0,13.7,0.0,0,0,0,Approved
14850,1,debt_consolidation,0.1218,116.55,11.69107165,13.42,692,8880.0,25873.0,63.9,2.0,0,1,0,Review
14851,1,debt_consolidation,0.1218,93.24,11.46163217,16.96,697,8130.0,40868.0,86.6,3.0,0,0,1,Review
14852,1,credit_card,0.1218,549.45,11.22524339,16.06,717,5039.958333,43373.0,66.9,0.0,0,0,0,Approved
14853,1,debt_consolidation,0.1218,499.5,10.81977828,21.24,722,3300.0,7322.0,31.8,0.0,0,0,1,Approved
14854,1,educational,0.1183,410.87,11.94470788,17.38,717,7169.958333,452.0,8.4,1.0,0,0,0,Approved
14855,1,all_other,0.1148,69.24,10.71441777,18.24,717,1830.0,6554.0,55.1,2.0,0,0,0,Approved
14856,1,all_other,0.1218,366.3,11.69524702,9.38,707,11460.0,9772.0,41.8,1.0,0,0,0,Approved
14857,1,credit_card,0.0859,202.31,10.7342204,15.24,747,8400.0,13010.0,36.8,0.0,0,0,0,Approved
14858,1,major_purchase,0.1148,659.37,10.53433371,10.19,767,3959.958333,5110.0,36.5,0.0,0,0,0,Approved
14859,1,credit_card,0.0859,271.85,11.46163217,16.16,752,4050.0,30330.0,30.9,2.0,0,0,0,Approved
14860,1,small_business,0.1774,720.42,11.24331904,7.04,702,5100.0,11829.0,74.4,3.0,0,1,0,Approved
14861,1,debt_consolidation,0.1357,679.37,11.40756495,5.13,707,3929.958333,17470.0,25.1,0.0,1,0,0,Approved
14862,1,all_other,0.0894,190.63,11.00209984,1.16,732,5309.958333,2731.0,9.2,0.0,0,1,0,Approved
14863,1,debt_consolidation,0.1287,815.61,12.25486281,8.13,722,8130.0,30159.0,63.6,1.0,1,0,0,Approved
14864,1,all_other,0.1287,151.35,11.84942627,18.99,682,3959.958333,778.0,33.8,0.0,4,0,0,Review
14865,1,debt_consolidation,0.1148,576.95,11.09741002,11.71,737,3780.0,18277.0,50.8,1.0,0,0,0,Approved
14866,1,small_business,0.1496,710.23,11.40756495,16.12,752,10290.0,5090.0,7.1,0.0,0,0,0,Approved
14867,1,small_business,0.1357,161.36,10.1266311,5.09,787,4800.0,44834.0,0,0.0,0,0,0,Approved
14868,1,debt_consolidation,0.1704,292.53,11.1844214,15.87,682,8579.958333,13641.0,98.8,2.0,0,1,0,Review
14869,1,debt_consolidation,0.1148,560.47,11.47210347,23.18,742,5280.0,11265.0,24.3,0.0,0,0,0,Approved
14870,1,small_business,0.1565,874.66,11.5228758,9.01,737,5039.958333,52307.0,62.6,3.0,0,0,1,Approved
14871,1,debt_consolidation,0.1392,273.1,11.21182037,4.2,677,5369.958333,9172.0,66,1.0,0,1,0,Review
14872,1,debt_consolidation,0.167,464.19,10.95430918,19.89,682,2910.0,3368.0,99.1,0.0,0,0,0,Review
14873,1,credit_card,0.1114,196.83,11.85153827,17.3,717,5220.0,61431.0,74.1,2.0,0,0,0,Approved
14874,1,all_other,0.1287,269.07,10.66895539,15.04,702,9720.958333,4616.0,41.6,1.0,1,0,0,Approved
14875,1,debt_consolidation,0.1183,497.01,11.0544285,15.87,732,8460.0,26127.0,44.8,1.0,0,0,1,Approved
14876,1,debt_consolidation,0.1357,441.6,10.58882935,24.04,702,8850.0,20688.0,91.5,0.0,0,0,1,Approved
14877,1,all_other,0.1148,395.63,10.04342339,0,777,7050.0,0.0,0,4.0,0,0,0,Approved
14878,1,all_other,0.16,98.45,10.41619141,14.77,662,1319.958333,339.0,12.1,2.0,0,0,1,Review
14879,1,debt_consolidation,0.1287,235.44,11.08220409,9.12,687,2250.0,7361.0,72.2,0.0,0,0,0,Review
14880,1,debt_consolidation,0.1253,234.27,10.91508846,21.23,697,5399.958333,28606.0,84.1,0.0,0,0,0,Review
14881,1,debt_consolidation,0.1218,372.96,10.49127422,11.1,707,6449.958333,17715.0,79,0.0,0,0,0,Approved
14882,1,home_improvement,0.0859,379.33,11.77528973,6.61,772,5820.0,11867.0,21.4,3.0,0,0,0,Approved
14883,1,debt_consolidation,0.1183,497.01,12.11448353,9.26,732,5700.958333,75854.0,46.2,1.0,1,0,1,Approved
14884,1,debt_consolidation,0.0894,317.72,11.22524339,12.64,737,5280.0,36161.0,46.4,1.0,0,0,0,Approved
14885,1,major_purchase,0.1218,149.85,11.33857208,0.07,707,3660.0,5.0,0.1,0.0,0,0,0,Approved
14886,1,debt_consolidation,0.1426,343.06,10.86856845,13.49,687,5640.0,7573.0,48.5,2.0,0,0,1,Review
14887,1,debt_consolidation,0.1114,426.45,10.98529272,18.63,742,5520.0,25195.0,24.2,0.0,0,0,0,Approved
14888,1,credit_card,0.1287,807.2,12.61153775,0.54,777,4319.958333,5068.0,46.1,1.0,0,0,0,Approved
14889,1,debt_consolidation,0.1565,874.66,11.98292909,16.79,687,2520.0,30459.0,67.8,1.0,0,0,0,Review
14890,1,debt_consolidation,0.1496,346.45,12.01370075,10.33,722,4770.0,27495.0,98.2,0.0,0,0,0,Approved
14891,1,debt_consolidation,0.1114,557.66,11.23848862,6.65,762,6839.958333,6542.0,32.7,1.0,0,0,1,Approved
14892,1,debt_consolidation,0.0894,158.86,10.08580911,19.2,727,1950.0,5089.0,56.5,0.0,0,0,0,Approved
14893,1,debt_consolidation,0.1461,172.38,11.00209984,20.92,712,5674.958333,3179.0,20.6,1.0,0,0,0,Approved
14894,1,all_other,0.0774,185.76,10.71441777,11.39,792,4410.0,711.0,2.5,1.0,0,0,0,Approved
14895,1,all_other,0.0774,56.2,10.2111193,1.46,787,5490.0,2701.0,3.2,4.0,0,0,0,Approved
14896,1,debt_consolidation,0.1183,614.64,10.66895539,5.86,732,4649.958333,10133.0,25.6,2.0,0,0,0,Approved
14897,1,debt_consolidation,0.1774,432.26,11.08214255,24.13,677,5100.0,19714.0,97.6,0.0,0,0,0,Review
14898,1,credit_card,0.0859,79.03,11.35040654,23.53,732,7169.958333,80572.0,71.4,0.0,0,0,0,Approved
14899,1,debt_consolidation,0.1322,304.21,10.96819829,16.9,677,4289.958333,11274.0,72.5,3.0,0,0,0,Review
14900,1,all_other,0.1287,319.52,11.91839057,2.5,697,5069.958333,3267.0,12.1,0.0,0,0,0,Review
14901,1,credit_card,0.1114,57.41,9.998797732,8.02,722,2190.0,1838.0,14.9,0.0,0,0,0,Approved
14902,1,small_business,0.1843,305.51,10.4125917,4.18,667,1800.0,3244.0,73.7,1.0,0,0,0,Review
14903,1,credit_card,0.1114,98.42,10.08580911,8.7,722,1830.0,6941.0,39.2,0.0,0,0,0,Approved
14904,1,debt_consolidation,0.1531,870.39,11.00209984,22.38,697,4289.958333,42430.0,81.8,0.0,0,0,0,Review
14905,1,all_other,0.1496,554.32,11.00209984,21.54,677,12480.0,36095.0,65.9,1.0,1,0,0,Review
14906,1,debt_consolidation,0.1218,832.5,11.53751466,7.49,737,7499.958333,67492.0,55.7,0.0,0,0,0,Approved
14907,1,all_other,0.1357,169.85,10.2181523,21.42,677,1890.0,8817.0,76,1.0,0,0,0,Review
14908,1,credit_card,0.0774,93.66,11.25507141,7.33,742,10230.0,37721.0,64.6,0.0,0,0,0,Approved
14909,1,debt_consolidation,0.1357,95.12,11.09922655,11.16,672,5729.958333,26343.0,83.4,1.0,0,0,0,Review
14910,1,small_business,0.1496,866.13,11.22524339,6.3,792,7020.0,3793.0,14.3,2.0,0,0,0,Approved
14911,1,credit_card,0.0894,508.35,11.23843599,6.79,772,5009.958333,7254.0,15.4,1.0,0,0,0,Approved
14912,1,credit_card,0.16,878.94,11.28983191,17.83,682,5160.0,17426.0,52.2,2.0,0,0,0,Review
14913,1,all_other,0.1218,166.5,10.43399815,2.22,697,2519.958333,2070.0,60.9,3.0,0,0,0,Review
14914,1,debt_consolidation,0.0859,410.94,10.75363848,2.87,782,6630.0,6049.0,19.1,0.0,0,0,0,Approved
14915,1,credit_card,0.1183,457.25,10.91508846,20.86,717,4470.0,21981.0,59.6,1.0,0,0,0,Approved
14916,1,debt_consolidation,0.1253,284.47,11.01856357,16.11,697,2459.958333,9836.0,69.8,1.0,0,0,0,Review
14917,1,debt_consolidation,0.1461,827.41,11.82041016,21.94,697,4440.0,124784.0,73.2,0.0,0,0,0,Review
14918,1,all_other,0.074,139.77,11.39657141,6.77,787,5820.0,6986.0,12.3,0.0,0,0,0,Approved
14919,1,home_improvement,0.1218,499.5,11.30220443,13.1,767,4290.958333,7135.0,8.3,1.0,0,0,0,Approved
14920,1,major_purchase,0.0774,218.54,11.56171563,7.27,767,10439.95833,7283.0,7.6,0.0,0,0,0,Approved
14921,1,debt_consolidation,0.0774,280.97,10.91508846,9.93,777,6240.0,3940.0,8.9,1.0,0,0,0,Approved
14922,1,all_other,0.074,217.42,10.73639668,23.87,772,2912.0,1095.0,5.2,2.0,0,0,0,Approved
14923,1,home_improvement,0.1183,516.89,11.22524339,17.26,732,5880.0,256.0,1.7,0.0,0,1,0,Approved
14924,1,all_other,0.1426,205.84,10.60905725,20.83,697,1260.0,12.0,1.5,2.0,0,0,0,Review
14925,1,all_other,0.1426,144.09,10.12647109,5.14,687,3420.0,0.0,0,3.0,2,0,0,Review
14926,1,debt_consolidation,0.1635,883.23,11.88446143,14.32,682,4619.958333,30427.0,86.9,1.0,0,0,0,Review
14927,1,debt_consolidation,0.167,887.54,11.91839057,24.77,677,8670.958333,56883.0,93.3,1.0,1,0,0,Review
14928,1,credit_card,0.1218,333.0,11.1844214,13.82,712,5669.958333,36014.0,66.1,3.0,0,0,0,Approved
14929,1,credit_card,0.1357,339.69,10.71441777,8.75,682,6360.0,24223.0,72.7,0.0,0,0,0,Review
14930,1,debt_consolidation,0.16,878.94,11.48246626,15.06,697,6149.958333,62551.0,90.1,0.0,0,0,0,Review
14931,1,all_other,0.1531,835.57,11.73606902,11.71,682,5910.0,36598.0,74.4,0.0,0,0,1,Review
14932,1,all_other,0.0774,187.32,11.22524339,22.9,752,8999.958333,63299.0,64.9,2.0,0,0,0,Approved
14933,1,credit_card,0.16,492.21,10.75363848,9.51,687,2040.041667,14401.0,92.9,0.0,0,0,0,Review
14934,1,debt_consolidation,0.1148,131.88,10.73639668,22.93,717,3690.0,0.0,0,0.0,0,0,0,Approved
14935,1,debt_consolidation,0.16,421.89,11.73606902,23.85,662,6089.958333,61956.0,85.6,2.0,1,0,0,Review
14936,1,debt_consolidation,0.0894,317.72,10.53209621,13.73,787,5039.958333,417.0,3.2,2.0,0,0,0,Approved
14937,1,debt_consolidation,0.16,189.85,10.81977828,10.61,662,3119.958333,1487.0,92.9,0.0,0,0,0,Review
14938,1,all_other,0.1392,682.74,11.35035948,12.61,707,6419.958333,197.0,0.5,2.0,0,0,0,Approved
14939,1,all_other,0.1183,397.61,11.28978191,18.9,732,3660.0,11061.0,46.1,1.0,0,0,1,Approved
14940,1,debt_consolidation,0.1322,669.26,11.58058411,17.05,707,3990.0,23075.0,67.3,0.0,0,0,1,Approved
14941,1,small_business,0.1392,102.42,12.20607265,5.35,727,5309.958333,5415.0,12.8,1.0,1,1,0,Approved
14942,1,debt_consolidation,0.0774,288.78,11.1124479,8.17,777,5789.958333,18147.0,16.7,1.0,0,0,1,Approved
14943,1,credit_card,0.1253,317.93,11.00209984,5.42,702,2129.958333,13228.0,45.6,0.0,0,0,0,Approved
14944,1,small_business,0.1531,278.53,10.91508846,19.66,752,3239.958333,39644.0,10.3,1.0,0,0,0,Approved
14945,1,debt_consolidation,0.1392,307.24,10.30895266,12.04,692,1444.0,7171.0,59.3,0.0,0,0,0,Review
14946,1,all_other,0.1253,568.93,11.22524339,14.15,727,3179.958333,4071.0,30.2,1.0,0,0,0,Approved
14947,1,debt_consolidation,0.1461,629.18,10.66886237,20.23,702,4440.0,28607.0,95,2.0,0,0,0,Approved
14948,1,debt_consolidation,0.1496,55.44,11.00209984,6.42,692,1860.0,4050.0,98.8,2.0,0,0,0,Review
14949,1,home_improvement,0.1183,497.01,10.49127422,12.27,742,2879.958333,0.0,0,2.0,0,0,0,Approved
14950,1,all_other,0.1531,97.49,9.61580548,6.8,667,1110.0,456.0,22.8,1.0,2,0,0,Review
14951,1,debt_consolidation,0.1426,154.38,10.59663473,2.34,687,1560.0,1847.0,42,1.0,0,0,0,Review
14952,1,home_improvement,0.0894,95.32,10.89673933,7.44,717,4380.0,9166.0,27,1.0,1,0,0,Approved
14953,1,small_business,0.16,703.15,11.60823564,18.13,717,10740.0,22784.0,82,0.0,0,0,1,Approved
14954,1,all_other,0.1114,49.21,9.769727562,20.37,712,2610.0,5013.0,68.7,0.0,0,0,1,Approved
14955,1,home_improvement,0.1183,662.68,11.46163217,4.24,747,6749.958333,15773.0,48.2,2.0,0,0,1,Approved
14956,1,debt_consolidation,0.1531,417.79,10.81985828,5.59,667,1830.0,6804.0,74,1.0,0,0,0,Review
14957,1,debt_consolidation,0.1148,659.37,11.51292546,11.02,752,3239.958333,1492.0,6.1,3.0,0,0,0,Approved
14958,1,debt_consolidation,0.1287,815.61,11.81303006,8.08,717,3839.958333,26361.0,73.2,1.0,0,0,1,Approved
14959,1,credit_card,0.1913,201.97,11.87756858,3.58,662,5130.0,0.0,,1.0,0,0,0,Review
14960,1,debt_consolidation,0.1253,150.6,11.00209984,1.12,687,7499.958333,1916.0,43.5,0.0,0,1,1,Review
14961,1,debt_consolidation,0.1461,163.76,9.546812609,10.71,677,1140.0,3798.0,50.6,2.0,0,0,0,Review
14962,1,all_other,0.0859,177.02,11.8277654,12.15,737,6600.0,38084.0,81,3.0,0,0,1,Approved
14963,1,all_other,0.1287,840.83,10.93310697,9.96,717,4478.0,9880.0,72.1,0.0,0,0,0,Approved
14964,1,debt_consolidation,0.1218,532.8,11.00209984,16.4,712,6960.0,12295.0,38.5,0.0,0,0,0,Approved
14965,1,debt_consolidation,0.1322,515.46,10.59663473,22.41,697,5009.958333,14876.0,56.1,1.0,0,0,1,Review
14966,1,debt_consolidation,0.1253,261.04,10.54534144,16.42,717,1860.0,25608.0,65.9,0.0,0,0,0,Approved
14967,1,all_other,0.1253,184.07,10.30895266,16.2,687,3090.0,23509.0,54.8,0.0,0,0,0,Review
14968,1,debt_consolidation,0.1392,443.78,10.96812932,19.24,682,4949.958333,17599.0,28.3,3.0,2,0,0,Review
14969,1,all_other,0.1322,101.41,10.49127422,22.43,677,5369.958333,12905.0,81.2,1.0,0,1,0,Review
14970,1,debt_consolidation,0.1357,407.63,12.04355372,5.51,712,8249.958333,31895.0,66.6,3.0,0,0,0,Approved
14971,1,debt_consolidation,0.1322,270.41,10.30895266,11.76,682,2138.958333,9036.0,82.9,0.0,0,0,0,Review
14972,1,credit_card,0.1357,190.23,11.15625052,17.47,692,7831.0,48280.0,97.7,3.0,0,0,0,Review
14973,1,credit_card,0.0751,186.66,11.71177632,1.46,747,4569.041667,10817.0,49.6,1.0,0,0,0,Approved
14974,1,all_other,0.1531,191.49,10.66895539,0.28,677,3390.0,68.0,2.5,0.0,0,0,0,Review
14975,1,debt_consolidation,0.1183,662.68,11.1124479,11.95,742,6030.0,19086.0,67.4,1.0,0,0,0,Approved
14976,1,credit_card,0.1183,596.41,11.75978554,12.92,742,6809.958333,12204.0,64.6,4.0,0,0,0,Approved
14977,1,all_other,0.0894,476.58,11.53272809,6.21,772,4110.0,4054.0,6,2.0,0,0,0,Approved
14978,1,credit_card,0.074,65.23,11.6351431,13.19,747,4229.958333,19548.0,37.2,0.0,0,0,0,Approved
14979,1,debt_consolidation,0.1253,301.2,11.88448902,9.76,722,5399.958333,110441.0,96.6,0.0,0,0,1,Approved
14980,1,small_business,0.16,281.26,11.40756495,6.03,702,6690.0,362.0,36.2,1.0,0,0,0,Approved
14981,1,home_improvement,0.0894,508.35,11.69524702,7.85,772,8760.0,92944.0,20.6,0.0,0,0,0,Approved
14982,1,credit_card,0.1218,399.6,10.59663473,19.86,707,3509.958333,9777.0,72.4,2.0,0,0,0,Approved
14983,1,all_other,0.1531,261.12,10.51867319,21.15,662,2910.0,722.0,60.2,2.0,0,0,1,Review
14984,1,debt_consolidation,0.1218,266.4,10.81977828,8.54,702,2280.0,7690.0,65.6,0.0,0,0,0,Approved
14985,1,major_purchase,0.0894,158.86,10.54534144,18.54,727,4020.0,13862.0,74.5,0.0,0,0,0,Approved
14986,1,debt_consolidation,0.1461,706.74,11.00209984,23.86,687,8071.0,4503.0,35.7,1.0,3,0,0,Review
14987,1,debt_consolidation,0.1183,238.57,11.15619338,23.33,707,5069.958333,31485.0,64.4,3.0,0,0,0,Approved
14988,1,major_purchase,0.0894,206.52,11.11654398,12.49,777,3633.0,21760.0,63.2,0.0,0,0,0,Approved
14989,1,debt_consolidation,0.1565,874.66,11.51292546,14.02,692,4559.958333,24594.0,64.3,0.0,0,0,0,Review
14990,1,all_other,0.074,77.65,10.37349118,11.48,762,2910.0,1641.0,14.9,0.0,0,0,0,Approved
14991,1,all_other,0.0894,222.41,10.71441777,15.2,722,3631.0,5764.0,31.5,1.0,0,0,1,Approved
14992,1,debt_consolidation,0.16,281.26,11.00209984,6.78,672,4080.0,0.0,0,2.0,1,0,0,Review
14993,1,major_purchase,0.1392,51.21,10.37349118,4.09,682,2550.0,286.0,35.7,2.0,0,0,0,Review
14994,1,debt_consolidation,0.1253,200.8,11.15619338,17.28,687,4800.0,33711.0,81.6,2.0,0,0,0,Review
14995,1,credit_card,0.1253,60.24,10.23995979,15.21,677,2700.0,4293.0,66,2.0,0,0,0,Review
14996,1,credit_card,0.1114,213.23,11.13458902,3.43,717,7779.0,9846.0,59.7,1.0,0,0,0,Approved
14997,1,educational,0.074,86.97,10.81769612,7.96,807,14310.0,562.0,1,0.0,0,0,0,Approved
14998,1,all_other,0.0859,105.9,11.00209984,22.54,727,4500.0,32143.0,61.7,0.0,0,0,0,Approved
14999,1,debt_consolidation,0.167,319.52,10.91508846,6.83,662,1140.0,8419.0,65.8,0.0,0,0,0,Review
15000,1,all_other,0.1392,819.29,11.28978191,9.67,742,3479.958333,254.0,1.1,6.0,0,0,0,Approved
15001,1,debt_consolidation,0.1426,205.84,11.15619338,18.4,682,3962.958333,9442.0,92.6,2.0,0,0,0,Review
15002,1,all_other,0.0859,195.99,11.00209984,19.1,742,5429.958333,9367.0,36.7,0.0,0,0,0,Approved
15003,1,all_other,0.1322,202.81,10.34817337,17.96,712,1440.0,766.0,51.1,0.0,0,0,0,Approved
15004,1,home_improvement,0.1392,256.03,11.74403719,11.86,677,4619.958333,20685.0,72.9,1.0,1,0,0,Review
15005,1,debt_consolidation,0.1218,832.5,10.73630972,11.3,747,6930.0,13873.0,15.5,4.0,0,0,0,Approved
15006,1,debt_consolidation,0.1253,120.48,10.78915411,24.47,692,2159.958333,15888.0,75.7,0.0,0,0,1,Review
15007,1,credit_card,0.1357,203.82,11.31447453,19.93,697,6930.0,52116.0,95.3,0.0,0,0,0,Review
15008,1,debt_consolidation,0.1183,397.61,11.71177632,11.02,712,8888.041667,38771.0,38.5,1.0,0,0,0,Approved
15009,1,all_other,0.16,140.63,10.62619354,19.63,667,1470.0,5277.0,97.7,1.0,0,0,0,Review
15010,1,debt_consolidation,0.1218,333.0,10.59653473,23.01,772,4500.0,0.0,5.34,2.0,0,0,0,Approved
15011,1,all_other,0.0894,222.41,10.46310334,10.49,757,2820.958333,15269.0,76.7,0.0,0,0,0,Approved
15012,1,debt_consolidation,0.1461,137.91,10.81977828,10.01,692,2759.958333,1412.0,94.1,0.0,0,0,0,Review
15013,1,debt_consolidation,0.1322,236.61,11.28978191,0.22,812,11519.95833,182.0,3.6,2.0,0,0,0,Approved
15014,1,debt_consolidation,0.1426,428.83,10.40426284,8.11,692,3959.958333,16941.0,36.5,2.0,0,0,0,Review
15015,1,credit_card,0.0894,155.69,10.81977828,10.66,757,3301.0,5076.0,22.7,0.0,0,0,0,Approved
15016,1,all_other,0.074,124.24,10.87237073,17.24,782,9089.958333,2765.0,9.4,1.0,0,0,0,Approved
15017,1,major_purchase,0.0859,292.4,10.12647109,22.9,757,2101.958333,3803.0,11.7,1.0,0,0,0,Approved
15018,1,small_business,0.1531,478.71,10.20492459,15.53,737,1769.958333,48.0,1.8,0.0,0,0,0,Approved
15019,1,educational,0.1426,377.37,11.72803684,16.3,692,13170.0,62587.0,77.4,3.0,0,0,0,Review
15020,1,home_improvement,0.0774,312.19,11.30713055,12.6,772,5069.958333,12212.0,19,2.0,0,0,0,Approved
15021,1,debt_consolidation,0.1496,623.61,11.53272809,20.45,697,6210.0,45410.0,41.2,0.0,0,0,0,Review
15022,1,small_business,0.1635,537.01,10.6454249,18.57,707,7710.0,21389.0,69.9,1.0,0,0,0,Approved
15023,1,debt_consolidation,0.1426,168.1,11.06663836,12.9,687,1140.0,2628.0,46.9,1.0,0,0,0,Review
15024,1,credit_card,0.1287,235.44,10.03801845,19.56,707,3000.0,12315.0,94.7,1.0,0,0,0,Approved
15025,1,debt_consolidation,0.1565,195.93,11.77528973,6.94,667,7229.958333,9044.0,93.2,0.0,0,0,0,Review
15026,1,debt_consolidation,0.1774,720.42,12.20607265,8.89,662,5069.958333,24724.0,46.1,3.0,2,0,1,Review
15027,1,debt_consolidation,0.1253,811.56,12.20607265,10.84,727,5580.0,72210.0,73.7,0.0,0,0,0,Approved
15028,1,all_other,0.0894,63.55,11.22524339,7.18,752,1739.958333,0.0,0,4.0,0,0,0,Approved
15029,1,debt_consolidation,0.1183,331.34,10.4125917,9.56,747,3300.0,9424.0,50.4,0.0,0,0,0,Approved
15030,1,all_other,0.1148,395.63,10.30895266,18.2,737,3000.0,434.0,3.3,1.0,1,0,0,Approved
15031,1,debt_consolidation,0.1183,795.22,11.40756495,10.21,752,9510.0,54147.0,53.5,0.0,0,0,1,Approved
15032,1,home_improvement,0.1496,173.23,11.25161265,16.99,662,8550.0,9586.0,41.5,2.0,4,0,0,Review
15033,1,debt_consolidation,0.1496,173.23,11.60823564,11.92,667,3569.958333,21753.0,90.6,2.0,1,0,0,Review
15034,1,debt_consolidation,0.1392,348.2,10.91508846,19.75,687,4289.958333,7201.0,92.3,0.0,0,0,0,Review
15035,1,debt_consolidation,0.1322,40.57,10.03819326,10.54,682,1709.958333,4826.0,57.5,2.0,0,0,0,Review
15036,1,debt_consolidation,0.1565,174.94,10.12647109,18.39,677,1530.0,663.0,51,1.0,1,0,1,Review
15037,1,debt_consolidation,0.1287,164.81,11.21182037,5.98,707,5729.958333,3052.0,76.3,0.0,0,0,0,Approved
15038,1,debt_consolidation,0.167,674.53,10.88743693,19.87,667,3904.958333,17176.0,73.4,1.0,0,0,1,Review
15039,1,debt_consolidation,0.0894,508.35,10.91508846,9.38,777,5940.0,16018.0,38,0.0,0,0,0,Approved
15040,1,all_other,0.074,82.31,9.210340372,1.2,807,3899.958333,82.0,2.3,0.0,0,0,1,Approved
15041,1,home_improvement,0.1183,132.54,10.71441777,8.43,742,1289.958333,450.0,1.7,2.0,0,0,0,Approved
15042,1,major_purchase,0.0705,92.7,10.1266311,8.16,777,2910.0,415.0,6.8,1.0,0,0,0,Approved
15043,1,debt_consolidation,0.1392,273.1,10.63535051,23.69,682,5250.0,9728.0,91.9,0.0,0,0,0,Review
15044,1,all_other,0.1357,237.78,10.59653473,16.32,702,4470.0,911.0,45.5,0.0,1,0,0,Approved
15045,1,all_other,0.074,93.18,10.59663473,5.55,757,7949.958333,13315.0,61.4,0.0,0,0,0,Approved
15046,1,all_other,0.1218,166.5,10.91508846,22.45,702,1800.0,16957.0,67,3.0,0,0,1,Approved
15047,1,debt_consolidation,0.1287,420.42,10.54534144,10.39,707,3119.958333,12343.0,67.8,0.0,0,0,1,Approved
15048,1,all_other,0.0859,63.23,10.27090459,15.96,732,1830.0,4545.0,16.2,0.0,0,0,0,Approved
15049,1,debt_consolidation,0.1114,82.01,11.15625052,18.09,712,8130.0,14482.0,84.2,0.0,0,0,1,Approved
15050,1,debt_consolidation,0.1357,611.44,11.05089001,24.4,697,4201.958333,19525.0,59,1.0,0,0,0,Review
15051,1,small_business,0.1704,89.19,10.81977828,13.66,692,3869.958333,11999.0,96.8,1.0,0,0,0,Review
15052,1,educational,0.0774,93.66,9.546812609,21.51,757,2129.958333,2520.0,13.3,0.0,0,0,0,Approved
15053,1,all_other,0.1461,275.81,11.69524702,0,687,5190.0,0.0,0,0.0,0,0,0,Review
15054,1,debt_consolidation,0.1426,686.12,11.22524339,8.02,687,3479.958333,15278.0,76.4,3.0,0,0,0,Review
15055,1,debt_consolidation,0.1531,348.16,10.49127422,14.83,667,1769.958333,6922.0,74.4,2.0,0,0,0,Review
15056,1,educational,0.074,93.18,11.38509209,5.58,792,5069.958333,0.0,0,0.0,0,0,0,Approved
15057,1,debt_consolidation,0.1322,507.01,11.53272809,6.64,697,5011.958333,9271.0,47.1,1.0,0,0,0,Review
15058,1,credit_card,0.1287,645.76,11.28978191,10.93,742,2610.0,222.0,2.8,0.0,1,0,1,Approved
15059,1,all_other,0.074,186.36,11.55718156,1.23,807,5311.958333,19647.0,27.4,0.0,0,0,0,Approved
15060,1,major_purchase,0.074,83.86,11.51192496,0.18,802,6179.958333,1269.0,2,2.0,0,0,0,Approved
15061,1,all_other,0.1114,262.43,11.35040654,17.39,727,3119.958333,19388.0,48.6,0.0,0,0,0,Approved
15062,1,all_other,0.1148,659.37,11.21182037,14.06,797,4229.958333,177.0,1.4,0.0,0,0,0,Approved
15063,1,debt_consolidation,0.1183,477.13,11.46163217,11.52,717,7680.0,19757.0,30.1,3.0,0,0,0,Approved
15064,1,all_other,0.0894,190.63,10.08580911,8.05,727,3060.0,2489.0,15.6,0.0,0,0,0,Approved
15065,1,all_other,0.1322,507.01,10.30895266,17,702,4770.0,0.0,0,0.0,0,0,0,Approved
15066,1,all_other,0.1357,163.05,11.09741002,6.29,697,3539.958333,500.0,25,0.0,0,0,0,Review
15067,1,all_other,0.1183,79.53,10.81577026,6.94,702,3599.958333,107.0,8.9,1.0,0,0,0,Approved
15068,1,all_other,0.1635,529.94,12.25486281,19.33,672,6029.958333,26388.0,94.2,1.0,0,1,1,Review
15069,1,debt_consolidation,0.0894,285.95,10.51867319,4.51,742,6930.0,8321.0,30.7,0.0,0,0,0,Approved
15070,1,debt_consolidation,0.0894,532.18,10.71441777,13.81,787,7949.958333,2669.0,22.2,0.0,0,0,0,Approved
15071,1,debt_consolidation,0.1461,517.13,10.91508846,6.74,677,5222.0,306.0,38.2,1.0,3,0,0,Review
15072,1,debt_consolidation,0.1531,417.79,11.13453063,13.1,672,4020.0,14606.0,92.4,1.0,1,0,0,Review
15073,1,debt_consolidation,0.1253,267.74,10.75798798,22.9,697,3660.0,7013.0,54.8,1.0,0,0,0,Review
15074,1,credit_card,0.1565,174.94,10.81977828,8.14,667,1320.958333,20111.0,50.8,3.0,0,0,0,Review
15075,1,debt_consolidation,0.1357,169.85,10.29768947,15.53,682,3330.0,3262.0,93.2,2.0,0,0,1,Review
15076,1,debt_consolidation,0.0894,476.58,11.40756495,8.99,782,10199.95833,17908.0,20.3,1.0,0,0,0,Approved
15077,1,debt_consolidation,0.1218,499.5,11.60823564,5.78,722,7229.958333,33436.0,50.6,0.0,0,0,0,Approved
15078,1,home_improvement,0.1809,361.96,11.26830288,21.69,667,3330.0,67776.0,98.2,2.0,0,0,0,Review
15079,1,credit_card,0.1253,535.47,10.87804719,22.96,717,5970.0,16902.0,88,0.0,0,0,0,Approved
15080,1,major_purchase,0.0894,38.13,10.08580911,22.9,727,2369.958333,6675.0,23.3,1.0,0,0,0,Approved
15081,1,small_business,0.1496,788.18,11.00209984,7.3,782,4619.958333,2247.0,18.6,0.0,0,0,1,Approved
15082,1,debt_consolidation,0.0894,317.72,11.40756495,10.47,767,9630.0,93093.0,1.4,0.0,0,0,0,Approved
15083,1,major_purchase,0.1392,273.1,11.35035948,5.99,682,2942.0,3634.0,55.9,0.0,1,0,0,Review
15084,1,educational,0.1218,832.5,11.28978191,12.36,737,4979.958333,47256.0,31.6,1.0,0,0,1,Approved
15085,1,all_other,0.1218,333.0,11.14481394,18.22,712,5820.0,17604.0,72.1,0.0,0,0,0,Approved
15086,1,all_other,0.0774,280.97,11.68687877,8.47,787,6120.958333,2525.0,7.3,0.0,0,0,0,Approved
15087,1,debt_consolidation,0.1322,540.81,11.00209984,11.76,707,4199.958333,8834.0,70.7,0.0,1,0,0,Approved
15088,1,home_improvement,0.1287,201.8,10.77895629,0,717,4110.0,0.0,0,2.0,2,0,0,Approved
15089,1,debt_consolidation,0.1392,512.06,10.46310334,14.5,682,3539.958333,17717.0,67.4,3.0,0,0,0,Review
15090,1,debt_consolidation,0.1253,401.6,11.22524339,3.74,722,7500.958333,23762.0,44.5,2.0,0,0,0,Approved
15091,1,debt_consolidation,0.1253,334.67,11.06663836,10.78,702,4800.0,26373.0,78.5,1.0,1,0,0,Approved
15092,1,all_other,0.1218,333.0,11.00209984,2.82,712,3330.0,1250.0,5.6,1.0,0,0,0,Approved
15093,1,credit_card,0.1287,454.05,11.25813644,15.88,702,8579.958333,14255.0,57.7,0.0,0,0,0,Approved
15094,1,small_business,0.1982,185.37,10.85892207,5.53,692,1482.041667,1025.0,22.3,1.0,0,0,0,Review
15095,1,major_purchase,0.1253,802.36,10.81769612,12.46,757,3930.958333,0.0,0,2.0,0,0,1,Approved
15096,1,small_business,0.1635,883.23,11.28983191,9.81,712,4349.958333,24425.0,72.6,0.0,0,0,0,Approved
15097,1,home_improvement,0.0894,476.58,11.26446411,13.82,777,6839.958333,737.0,5.7,3.0,0,0,0,Approved
15098,1,debt_consolidation,0.1287,403.6,11.15625052,22.47,697,4080.0,13260.0,66.6,2.0,0,0,1,Review
15099,1,educational,0.0859,126.45,8.987196821,9.45,737,4349.958333,2892.0,42.5,2.0,0,0,0,Approved
15100,1,debt_consolidation,0.1218,333.0,10.34817337,22.77,707,7949.958333,5274.0,17.6,2.0,0,0,0,Approved
15101,1,debt_consolidation,0.1496,866.13,11.9381932,16.55,702,7139.958333,23798.0,48.7,3.0,1,0,1,Approved
15102,1,all_other,0.1426,445.98,10.27505111,13.37,707,4830.0,69.0,7.7,0.0,0,0,0,Approved
15103,1,home_improvement,0.0894,301.83,11.69274389,2.84,747,6330.0,84712.0,57.7,1.0,0,0,0,Approved
15104,1,home_improvement,0.1392,409.65,11.40756495,13.99,687,7949.958333,21648.0,86.9,0.0,1,0,0,Review
15105,1,all_other,0.1114,656.07,11.26446411,17.2,772,3000.0,1401.0,9.2,1.0,0,0,1,Approved
15106,1,all_other,0.1183,331.34,10.9331784,13.05,727,4619.958333,2624.0,48.6,0.0,0,0,0,Approved
15107,1,home_improvement,0.1392,682.74,13.45883561,3.09,697,3869.958333,6960.0,44.6,0.0,0,0,1,Review
15108,1,credit_card,0.1114,278.83,11.28978191,9.81,727,3239.958333,18654.0,54.1,3.0,0,0,0,Approved
15109,1,debt_consolidation,0.0774,212.29,11.19821472,4.9,762,4319.958333,12296.0,19.6,0.0,0,0,0,Approved
15110,1,all_other,0.1148,131.88,10.59663473,0,802,4740.0,0.0,0,1.0,0,0,0,Approved
15111,1,debt_consolidation,0.1426,617.51,11.08214255,16.04,682,3300.0,6868.0,71.5,0.0,0,0,0,Review
15112,1,debt_consolidation,0.0894,55.61,9.169518377,21.25,732,2640.0,2385.0,54.2,1.0,0,0,1,Approved
15113,1,home_improvement,0.0774,265.36,10.6465671,23.77,782,9630.0,9955.0,20,0.0,0,0,0,Approved
15114,1,debt_consolidation,0.1253,502.0,10.70395792,20.78,707,3420.0,14145.0,43.5,0.0,0,0,0,Approved
15115,1,all_other,0.1148,659.37,12.10071213,0.39,812,5970.0,4085.0,4.7,0.0,0,0,0,Approved
15116,1,debt_consolidation,0.1531,870.39,11.15625052,20.45,697,6240.0,24105.0,84.6,0.0,0,0,0,Review
15117,1,debt_consolidation,0.0894,381.26,11.60823564,8.95,757,4860.0,6535.0,9,2.0,0,0,0,Approved
15118,1,debt_consolidation,0.1635,671.26,11.63444374,21.5,667,10499.95833,83317.0,72.2,0.0,0,0,0,Review
15119,1,debt_consolidation,0.1322,338.01,10.46310334,8.09,687,1830.0,8907.0,61.9,0.0,0,0,0,Review
15120,1,credit_card,0.0894,476.58,11.00209984,16.16,772,7830.0,25415.0,27.6,2.0,0,0,0,Approved
15121,1,debt_consolidation,0.1218,199.8,10.37349118,24,692,5039.958333,9690.0,49.2,0.0,0,0,0,Review
15122,1,all_other,0.1218,99.9,10.62132735,6.67,742,4470.0,4561.0,95,3.0,0,0,0,Approved
15123,1,debt_consolidation,0.1322,152.11,10.32728362,4.32,692,5160.0,3371.0,88.7,1.0,0,1,0,Review
15124,1,all_other,0.1218,666.0,11.26446411,9.66,722,2010.958333,15129.0,42.4,3.0,0,0,0,Approved
15125,1,all_other,0.1114,328.04,10.53049493,14.13,722,1920.0,6811.0,56.8,0.0,0,0,0,Approved
15126,1,debt_consolidation,0.0894,203.34,10.2791805,18.13,732,2462.958333,8713.0,41.3,1.0,0,0,0,Approved
15127,1,educational,0.1461,137.91,10.91501573,3.16,667,7410.0,3864.0,52.9,2.0,0,0,1,Review
15128,1,small_business,0.16,421.89,11.1844214,17.48,747,4350.958333,1249.0,6.1,6.0,0,0,1,Approved
15129,1,debt_consolidation,0.1253,803.2,10.91616952,21.55,727,6300.0,21216.0,64.1,0.0,0,0,0,Approved
15130,1,educational,0.1114,164.02,11.17064696,10.26,727,7470.0,1893.0,24.7,0.0,0,0,0,Approved
15131,1,debt_consolidation,0.1218,133.2,9.903687533,7.32,692,8850.0,3156.0,26.7,0.0,1,0,0,Review
15132,1,debt_consolidation,0.1704,249.72,11.18924309,23.39,672,3989.958333,4908.0,34.6,0.0,2,0,0,Review
15133,1,educational,0.1287,44.57,10.16585182,19.29,702,2819.958333,20493.0,95.3,0.0,0,0,1,Approved
15134,1,debt_consolidation,0.1461,836.03,11.62621844,17.19,697,7020.0,53723.0,82.2,2.0,0,0,0,Review
15135,1,all_other,0.0859,158.06,9.798127037,7.33,752,3630.0,2494.0,40.2,1.0,0,0,0,Approved
15136,1,debt_consolidation,0.1913,257.05,11.04132055,13.52,662,8130.0,7461.0,99.5,0.0,0,0,0,Review
15137,1,small_business,0.1565,104.96,10.59663473,5.82,687,5550.0,7285.0,23.5,2.0,0,1,0,Review
15138,1,debt_consolidation,0.1287,538.14,11.00209984,10.42,717,3360.0,15949.0,92.7,1.0,0,0,1,Approved
15139,1,educational,0.1461,144.8,11.23848862,15.28,667,3869.958333,15578.0,91.1,0.0,0,0,0,Review
15140,1,debt_consolidation,0.1392,682.74,11.35035948,15.02,712,5729.958333,27564.0,93.8,0.0,0,0,0,Approved
15141,1,major_purchase,0.1218,499.5,10.37349118,2.7,752,1709.958333,71.0,0.5,2.0,0,0,0,Approved
15142,1,debt_consolidation,0.1357,434.8,11.15625052,16.3,702,5610.0,17304.0,90.1,2.0,0,0,0,Approved
15143,1,small_business,0.1531,60.93,9.61580548,22.72,692,1832.0,4197.0,56,0.0,0,0,1,Review
15144,1,all_other,0.1114,328.04,10.49127422,4.77,747,1679.958333,172.0,0.9,0.0,0,0,0,Approved
15145,1,debt_consolidation,0.1357,67.94,11.51288546,14.04,687,6539.958333,44489.0,97.6,1.0,0,0,0,Review
15146,1,debt_consolidation,0.0894,381.26,11.15625052,14.66,747,5339.958333,15836.0,73.7,2.0,0,0,0,Approved
15147,1,major_purchase,0.0859,158.06,10.59663473,7.62,802,6809.958333,0.0,0,1.0,0,0,0,Approved
15148,1,debt_consolidation,0.1148,323.1,10.55581274,24.75,717,2159.958333,6095.0,23.4,1.0,0,0,0,Approved
15149,1,all_other,0.1426,171.53,11.31442574,9.34,667,3660.0,4232.0,46,1.0,0,0,0,Review
15150,1,debt_consolidation,0.1183,795.22,11.05601968,19.82,752,5040.958333,11046.0,65.4,0.0,0,0,0,Approved
15151,1,major_purchase,0.16,210.95,11.08214255,13.42,662,5130.0,4543.0,29.5,2.0,0,2,0,Review
15152,1,credit_card,0.1426,574.63,10.77895629,23.32,682,3360.0,21107.0,55,1.0,1,0,0,Review
15153,1,home_improvement,0.1114,492.06,11.15625052,13.68,802,5729.958333,1248.0,3.7,2.0,0,0,0,Approved
15154,1,all_other,0.0859,316.11,11.08214255,14.99,787,5699.958333,1034.0,3.9,0.0,0,0,0,Approved
15155,1,all_other,0.1565,279.89,10.73639668,7.43,692,2190.0,4504.0,60.9,0.0,0,0,0,Review
15156,1,debt_consolidation,0.1148,197.82,10.59663473,18.24,712,5009.958333,15955.0,70.9,1.0,0,0,0,Approved
15157,1,debt_consolidation,0.1183,659.37,11.06663836,8.18,737,6946.0,27095.0,67.1,2.0,0,0,1,Approved
15158,1,debt_consolidation,0.1218,666.0,11.20504069,22.32,727,11340.0,33980.0,74.7,0.0,0,0,0,Approved
15159,1,major_purchase,0.1253,200.8,10.858999,21.72,692,3450.0,4742.0,36.8,0.0,0,0,0,Review
15160,1,small_business,0.1635,211.98,11.42573225,0.84,782,4890.0,0.0,0,0.0,0,0,1,Approved
15161,1,debt_consolidation,0.1739,286.78,11.18996158,19.59,667,7020.0,19892.0,67,1.0,0,1,0,Review
15162,1,debt_consolidation,0.0894,317.72,11.14186178,9.53,742,2489.958333,3613.0,5.7,0.0,0,0,0,Approved
15163,1,debt_consolidation,0.0894,158.86,10.1266311,18.05,742,3090.0,9268.0,47.5,1.0,0,0,1,Approved
15164,1,debt_consolidation,0.1287,201.8,10.75790288,3.75,692,5100.0,3343.0,77.7,1.0,1,0,0,Review
15165,1,debt_consolidation,0.1218,807.53,11.88172659,10.39,747,9240.0,39716.0,37.5,1.0,0,0,0,Approved
15166,1,debt_consolidation,0.0894,285.95,10.64875269,11.33,737,3450.0,13421.0,67.4,0.0,0,0,1,Approved
15167,1,debt_consolidation,0.1114,246.03,10.95080655,19.79,732,4649.958333,4451.0,13.5,1.0,0,1,0,Approved
15168,1,home_improvement,0.0859,151.73,10.20507253,22.5,752,2429.958333,974.0,4.3,1.0,0,0,0,Approved
15169,1,debt_consolidation,0.1253,368.13,11.29601246,11.33,707,2940.0,21742.0,31.2,1.0,0,0,0,Approved
15170,1,debt_consolidation,0.1114,352.64,10.23995979,21,727,7800.0,8850.0,52.1,1.0,0,0,0,Approved
15171,1,home_improvement,0.1322,845.02,10.858999,9,752,1443.0,2951.0,20.6,0.0,0,0,0,Approved
15172,1,debt_consolidation,0.1287,53.82,10.13459927,12.14,677,1980.0,10591.0,32.8,0.0,0,0,0,Review
15173,1,debt_consolidation,0.1287,504.5,10.59663473,22.74,707,2819.958333,17328.0,79.9,0.0,0,0,0,Approved
15174,1,debt_consolidation,0.1287,134.54,11.08214255,14.73,692,3030.0,13154.0,88.3,1.0,0,0,0,Review
15175,1,major_purchase,0.1183,145.79,10.77895629,3.52,742,4200.0,3850.0,58.3,2.0,0,0,0,Approved
15176,1,home_improvement,0.1322,338.01,11.1844214,0.93,737,1409.958333,3714.0,18.2,0.0,0,0,1,Approved
15177,1,debt_consolidation,0.1322,324.49,11.04292184,15.76,697,5039.958333,5954.0,87.6,3.0,0,0,0,Review
15178,1,small_business,0.1704,713.49,11.54248427,7.6,707,5220.0,54633.0,44.4,0.0,0,0,0,Approved
15179,1,debt_consolidation,0.16,457.05,10.46244598,18.87,662,3090.0,18554.0,79.6,1.0,0,0,0,Review
15180,1,major_purchase,0.074,62.12,10.16585182,13.71,767,2879.958333,1883.0,6.5,2.0,0,0,0,Approved
15181,1,debt_consolidation,0.1739,645.26,11.22390917,11.84,672,1591.0,12798.0,93.2,1.0,0,0,1,Review
15182,1,debt_consolidation,0.1218,249.75,13.5670492,0.6,707,5550.0,6332.0,21.5,0.0,0,1,0,Approved
15183,1,small_business,0.1843,363.7,11.40087596,1.26,702,3119.958333,3327.0,23.8,2.0,0,0,0,Approved
15184,1,all_other,0.1183,828.35,10.81977828,13.27,757,8339.958333,6606.0,35.7,0.0,0,0,0,Approved
15185,1,all_other,0.0894,222.41,10.49127422,2.6,752,3270.0,0.0,0,0.0,0,0,0,Approved
15186,1,all_other,0.1148,164.85,10.99065122,16.49,717,4619.958333,0.0,36.94,0.0,0,0,0,Approved
15187,1,debt_consolidation,0.1496,866.13,10.87804719,13,707,3869.958333,9784.0,77.2,0.0,0,0,0,Approved
15188,1,all_other,0.1531,97.49,10.93310697,23.49,682,4289.958333,21076.0,98.5,2.0,0,0,0,Review
15189,1,debt_consolidation,0.1287,403.6,10.96335901,5.3,697,4319.958333,14722.0,70.1,1.0,0,0,0,Review
15190,1,debt_consolidation,0.1114,433.01,11.09741002,8.6,737,5162.0,26850.0,58.1,1.0,0,0,0,Approved
15191,1,debt_consolidation,0.1357,84.93,10.49127422,19.9,672,2550.0,2610.0,27.8,1.0,0,0,1,Review
15192,1,debt_consolidation,0.1426,806.19,11.06663836,24.88,702,10409.95833,30803.0,84.4,1.0,0,0,0,Approved
15193,1,small_business,0.1565,629.75,11.08214255,9.16,732,4200.0,13381.0,49.4,1.0,0,0,0,Approved
15194,1,debt_consolidation,0.1114,164.02,10.81977828,13.51,737,9150.0,11919.0,76.9,1.0,1,0,0,Approved
15195,1,debt_consolidation,0.1565,559.78,10.57131693,19.75,707,3300.0,19418.0,95.7,0.0,0,0,0,Approved
15196,1,all_other,0.1218,79.92,10.71441777,20.67,697,2580.0,563.0,4.5,1.0,1,0,0,Review
15197,1,debt_consolidation,0.167,568.03,11.49272276,8.52,662,4380.0,31961.0,87.9,1.0,0,0,0,Review
15198,1,debt_consolidation,0.1322,537.43,11.14186178,20,702,4110.0,4326.0,34.1,0.0,0,0,0,Approved
15199,1,debt_consolidation,0.1357,391.49,10.30895266,17.92,677,3390.0,11386.0,55.5,0.0,0,0,1,Review
15200,1,credit_card,0.0859,162.01,11.26446411,24.12,742,8639.958333,13930.0,50.1,0.0,0,0,0,Approved
15201,1,debt_consolidation,0.1253,408.29,10.23995979,10.93,707,1950.0,12558.0,40,2.0,0,0,0,Approved
15202,1,debt_consolidation,0.1287,403.6,10.81977828,11.45,692,2280.0,684.0,6.1,0.0,1,1,0,Review
15203,1,debt_consolidation,0.1183,298.21,10.49127422,11.67,727,1980.0,3973.0,44.6,1.0,0,0,0,Approved
15204,1,all_other,0.0894,317.72,11.37144254,13.34,737,7169.958333,39299.0,54.3,0.0,0,0,1,Approved
15205,1,debt_consolidation,0.1357,161.36,10.23422911,24.96,702,1740.958333,3029.0,94.7,1.0,0,0,0,Approved
15206,1,credit_card,0.0894,190.63,11.28978191,2.96,722,4800.0,4893.0,34.7,0.0,0,1,0,Approved
15207,1,debt_consolidation,0.1148,138.47,11.17043516,6.83,717,3810.0,11974.0,72.1,1.0,0,0,0,Approved
15208,1,debt_consolidation,0.1218,346.32,10.96819829,19.7,712,3117.041667,7267.0,46.6,1.0,0,0,0,Approved
15209,1,all_other,0.0859,316.11,12.20607265,0.26,797,7050.0,3313.0,2.5,0.0,0,0,0,Approved
15210,1,home_improvement,0.1183,99.41,10.94022444,15.94,697,5309.958333,3066.0,57.8,1.0,0,1,0,Review
15211,1,debt_consolidation,0.1148,98.91,12.79385931,2.09,702,3660.0,1950.0,10.7,1.0,0,0,0,Approved
15212,1,debt_consolidation,0.0894,476.58,11.78234173,1.98,807,11219.95833,8467.0,21.6,0.0,0,0,0,Approved
15213,1,all_other,0.1287,201.8,10.50232405,1.75,682,1860.0,3867.0,32.5,2.0,0,0,0,Review
15214,1,debt_consolidation,0.1114,164.02,10.46310334,7.71,722,5399.958333,6896.0,41.8,0.0,0,0,0,Approved
15215,1,debt_consolidation,0.1392,737.36,11.46163217,11.23,692,6301.0,31904.0,63.1,0.0,1,0,0,Review
15216,1,debt_consolidation,0.1148,430.24,11.05089001,13.33,727,3060.0,13046.0,65.2,0.0,0,0,0,Approved
15217,1,all_other,0.0894,317.72,10.77895629,12.38,767,1830.0,1775.0,8.4,0.0,0,0,0,Approved
15218,1,debt_consolidation,0.0774,43.71,10.59663473,7.47,732,3509.958333,15774.0,49.8,2.0,0,0,0,Approved
15219,1,all_other,0.1183,99.41,10.42228135,15.61,697,9660.0,1125.0,23.4,2.0,0,0,0,Review
15220,1,debt_consolidation,0.1426,171.53,10.59663473,19.53,672,3780.0,36934.0,86.3,2.0,0,0,1,Review
15221,1,all_other,0.0859,316.11,10.1266311,7.2,757,2944.0,4355.0,24.1,0.0,0,0,0,Approved
15222,1,credit_card,0.074,155.3,9.61580548,16.16,802,4050.0,811.0,7.7,0.0,0,0,0,Approved
15223,1,debt_consolidation,0.1183,132.54,10.30895266,20.68,717,1679.958333,3866.0,53,0.0,0,0,1,Approved
15224,1,small_business,0.1496,207.87,10.81977828,0.86,752,7619.958333,1749.0,24,0.0,0,0,0,Approved
15225,1,debt_consolidation,0.1496,840.15,11.18351821,12.19,702,5100.0,34665.0,94.7,0.0,0,0,0,Approved
15226,1,educational,0.1357,849.22,11.36789969,3.27,722,5610.0,5482.0,57.7,0.0,0,0,1,Approved
15227,1,debt_consolidation,0.0859,158.06,10.37349118,14.74,732,3390.0,3192.0,23,2.0,1,0,0,Approved
15228,1,major_purchase,0.1287,235.44,11.00209984,5.94,722,5759.958333,256.0,2,0.0,0,0,1,Approved
15229,1,all_other,0.1183,66.27,10.54534144,4.8,702,4410.0,768.0,5.6,0.0,0,0,0,Approved
15230,1,debt_consolidation,0.0859,189.67,10.92593848,24,732,4163.041667,9377.0,20.8,0.0,0,0,0,Approved
15231,1,debt_consolidation,0.0859,158.06,9.903487553,10.92,742,4319.958333,5276.0,50.2,0.0,0,0,0,Approved
15232,1,all_other,0.1114,328.04,10.30895266,8.12,732,2849.958333,15950.0,24.7,3.0,0,0,1,Approved
15233,1,debt_consolidation,0.1392,443.78,11.1124479,21.58,687,2789.958333,19335.0,74.4,0.0,0,0,0,Review
15234,1,all_other,0.1253,669.33,11.04132055,3.65,782,5910.0,9231.0,30.8,0.0,0,0,0,Approved
15235,1,home_improvement,0.1183,828.35,12.37073927,2.51,802,5190.0,2069.0,4,1.0,0,0,1,Approved
15236,1,all_other,0.1357,108.7,10.08580911,17.5,682,2670.0,8794.0,86.2,1.0,0,0,0,Review
15237,1,debt_consolidation,0.0774,171.71,10.59663473,4.38,757,9510.0,3467.0,19.5,1.0,0,0,0,Approved
15238,1,credit_card,0.0894,444.81,10.79957558,14.33,762,3660.0,11984.0,38.5,1.0,0,0,0,Approved
15239,1,home_improvement,0.0894,317.72,10.54534144,4.23,742,6630.0,16205.0,33.7,1.0,0,0,0,Approved
15240,1,debt_consolidation,0.167,860.91,11.74403719,17.14,682,8369.958333,46226.0,97.9,1.0,0,0,0,Review
15241,1,major_purchase,0.1114,328.04,11.22524339,4.53,762,2580.0,1312.0,30.5,0.0,0,0,0,Approved
15242,1,credit_card,0.1322,202.81,10.62132735,4.71,702,7229.958333,5285.0,52.8,1.0,0,1,0,Approved
15243,1,debt_consolidation,0.1357,594.45,10.96992094,13.45,692,2519.958333,5799.0,76.3,0.0,0,0,0,Review
15244,1,home_improvement,0.1148,98.91,11.40756495,7.96,707,4949.958333,7562.0,47,2.0,0,0,1,Approved
15245,1,debt_consolidation,0.1287,274.12,10.93310697,23.57,687,5100.0,11508.0,51.8,0.0,0,0,0,Review
15246,1,credit_card,0.1461,482.66,13.08154138,2.09,692,4020.0,19868.0,95.5,2.0,0,0,0,Review
15247,1,debt_consolidation,0.1148,395.63,11.40756495,3.47,732,6330.0,20739.0,44.7,0.0,0,0,0,Approved
15248,1,all_other,0.1253,83.67,9.639522007,20.63,697,1560.0,1163.0,14.7,1.0,1,0,1,Review
15249,1,debt_consolidation,0.1461,206.86,10.88482268,22.72,667,3390.0,22978.0,83.9,1.0,0,0,1,Review
15250,1,credit_card,0.0894,238.29,10.81977828,21.55,747,2940.0,7356.0,28.3,0.0,0,0,0,Approved
15251,1,credit_card,0.1148,395.63,10.40453553,24.61,727,5970.0,11820.0,40.6,1.0,0,0,1,Approved
15252,1,credit_card,0.1148,197.82,11.0084132,18.2,707,5819.958333,50935.0,74.4,0.0,0,0,0,Approved
15253,1,debt_consolidation,0.1843,500.09,10.93310697,24.04,667,4440.0,17783.0,98.8,1.0,0,0,0,Review
15254,1,debt_consolidation,0.16,450.02,10.59663473,15.24,672,1440.0,15864.0,62.5,1.0,0,0,0,Review
15255,1,debt_consolidation,0.1357,489.15,10.49127422,10.27,692,6210.0,19897.0,72.6,2.0,0,0,0,Review
15256,1,all_other,0.16,852.57,11.55214618,3.25,682,3869.958333,172.0,24.6,2.0,0,0,1,Review
15257,1,all_other,0.1287,50.45,10.4744671,22.71,702,6119.958333,705.0,70.5,1.0,1,0,0,Approved
15258,1,all_other,0.074,136.66,11.35040654,2.39,782,6660.0,3779.0,9.5,0.0,0,0,0,Approved
15259,1,small_business,0.1531,870.39,11.73606902,8.14,777,2340.0,431.0,3.5,0.0,0,0,1,Approved
15260,1,all_other,0.0859,177.02,10.93310697,18.06,742,3180.0,7556.0,49.2,0.0,0,0,0,Approved
15261,1,debt_consolidation,0.1565,559.78,12.05058774,19.45,682,10620.0,101022.0,93.2,1.0,0,0,0,Review
15262,1,credit_card,0.0774,202.93,11.36261407,16.39,752,5580.0,17524.0,33.5,0.0,0,0,0,Approved
15263,1,debt_consolidation,0.0859,189.67,10.62132735,13.23,747,2960.0,5672.0,17.1,2.0,0,0,0,Approved
15264,1,all_other,0.1253,481.92,11.01862914,3.29,742,1860.0,400.0,18.2,3.0,0,0,0,Approved
15265,1,all_other,0.0774,174.83,10.30895266,6.68,762,2965.041667,1251.0,7.3,1.0,0,0,0,Approved
15266,1,credit_card,0.1426,360.22,10.81977828,5.71,677,5565.0,7156.0,56.3,2.0,0,0,0,Review
15267,1,credit_card,0.1218,499.5,11.03488966,20.69,727,7355.0,126.0,2.2,2.0,0,0,0,Approved
15268,1,debt_consolidation,0.1357,509.53,11.22524339,12.62,702,3929.958333,6424.0,92.2,1.0,0,0,0,Approved
15269,1,debt_consolidation,0.1357,203.82,10.54534144,4.83,697,2069.958333,1629.0,90.5,0.0,0,0,0,Review
15270,1,debt_consolidation,0.1148,560.47,10.42975336,18.11,742,5460.0,15762.0,28.6,0.0,0,0,0,Approved
15271,1,home_improvement,0.0894,251.79,13.48700649,0.03,792,6270.0,865.0,30.2,2.0,0,0,0,Approved
15272,1,debt_consolidation,0.0774,241.95,10.77895629,11.75,787,3421.041667,3415.0,7.3,2.0,0,0,0,Approved
15273,1,debt_consolidation,0.1148,494.53,10.75790288,4.98,742,4500.0,13430.0,58.9,2.0,0,0,0,Approved
15274,1,debt_consolidation,0.1496,190.55,10.858999,18.74,662,4080.0,10655.0,58.2,2.0,0,0,0,Review
15275,1,credit_card,0.2017,745.01,11.08214255,15.93,662,1560.0,4569.0,95.2,0.0,0,0,0,Review
15276,1,small_business,0.1565,262.4,11.69524702,17.2,702,4830.0,38447.0,82.9,2.0,0,0,0,Approved
15277,1,all_other,0.1496,207.87,10.49127422,13.8,687,1319.958333,2439.0,78.7,3.0,0,0,0,Review
15278,1,debt_consolidation,0.0894,158.86,11.38509209,22.09,727,8400.0,20017.0,32,0.0,0,0,1,Approved
15279,1,debt_consolidation,0.1218,133.2,11.00209984,11.52,692,7619.958333,17883.0,73.6,1.0,1,0,0,Review
15280,1,debt_consolidation,0.1392,136.55,10.26813067,7.83,677,1709.958333,3323.0,75.5,0.0,0,0,1,Review
15281,1,major_purchase,0.1496,166.3,10.91508846,0,677,7080.0,0.0,0,0.0,0,0,0,Review
15282,1,debt_consolidation,0.0894,222.41,11.1124479,3.89,752,3300.0,5767.0,46.1,0.0,0,0,0,Approved
15283,1,home_improvement,0.0894,317.72,10.15812977,0,797,4500.0,0.0,0,0.0,0,0,0,Approved
15284,1,all_other,0.0894,222.41,11.91428215,1.24,727,3810.0,1330.0,10.1,0.0,0,0,0,Approved
15285,1,debt_consolidation,0.1496,259.84,10.79957558,17.51,662,2340.0,9805.0,30.5,2.0,0,0,0,Review
15286,1,debt_consolidation,0.1218,279.72,10.46310334,24.69,702,2910.0,17411.0,64,1.0,0,0,0,Approved
15287,1,home_improvement,0.1287,282.52,11.40756495,14.99,687,4170.0,30402.0,80,3.0,0,0,0,Review
15288,1,debt_consolidation,0.1148,441.78,10.46310334,20.5,727,5490.0,22375.0,26.6,2.0,0,0,0,Approved
15289,1,debt_consolidation,0.0894,457.51,11.19821472,18.05,747,6149.958333,68214.0,8.4,2.0,0,0,0,Approved
15290,1,all_other,0.1253,669.33,10.83958091,13.74,717,3752.0,7031.0,39.9,1.0,1,0,0,Approved
15291,1,debt_consolidation,0.1148,461.56,10.91508846,18.92,732,2970.0,9646.0,41.6,1.0,0,0,0,Approved
15292,1,credit_card,0.1287,218.62,10.75363848,3.15,692,8729.958333,6112.0,81.5,0.0,1,0,0,Review
15293,1,all_other,0.1253,836.66,11.66992921,12.64,732,7050.0,28821.0,52.2,0.0,0,0,1,Approved
15294,1,debt_consolidation,0.1565,839.67,11.91839057,15.76,682,3913.958333,55821.0,87.3,0.0,0,0,0,Review
15295,1,all_other,0.1565,391.85,12.36734079,12.39,677,5459.958333,21854.0,37.6,2.0,0,0,0,Review
15296,1,all_other,0.1565,104.96,10.30895266,1.68,667,1470.0,2654.0,39,2.0,1,0,0,Review
15297,1,debt_consolidation,0.1114,647.87,10.30895266,2,792,5369.958333,5162.0,17.9,1.0,0,0,0,Approved
15298,1,credit_card,0.1218,114.06,11.25257927,11.8,712,5910.0,63543.0,90.2,0.0,0,0,0,Approved
15299,1,all_other,0.0894,317.72,10.49127422,4.33,747,5250.0,8897.0,32.4,1.0,0,0,0,Approved
15300,1,all_other,0.1253,200.8,10.77745516,9.59,687,13109.95833,10115.0,70.7,0.0,0,0,0,Review
15301,1,all_other,0.1253,811.56,11.6811481,0.4,737,5280.0,1823.0,6.75,0.0,1,0,0,Approved
15302,1,small_business,0.1357,186.83,10.51296069,11.19,807,15299.95833,32062.0,0,0.0,0,0,0,Approved
15303,1,home_improvement,0.1148,263.75,10.62619354,0.79,722,8999.958333,3316.0,44.2,1.0,0,0,0,Approved
15304,1,debt_consolidation,0.1704,517.28,10.32875529,12.98,672,3900.0,2057.0,89.4,0.0,0,0,1,Review
15305,1,educational,0.0774,46.83,9.903487553,3.42,807,4979.958333,1721.0,8.6,0.0,0,0,0,Approved
15306,1,all_other,0.1426,274.45,10.53209621,14.78,687,4110.0,4986.0,83.1,3.0,0,0,0,Review
15307,1,home_improvement,0.0774,149.85,11.60823564,2.81,792,5520.0,691.0,0.8,0.0,0,0,0,Approved
15308,1,credit_card,0.1114,492.06,11.52781408,15.93,807,6270.0,0.0,0,2.0,0,0,0,Approved
15309,1,all_other,0.1253,334.67,11.13458902,11.11,702,3690.0,13827.0,52.2,1.0,1,0,0,Approved
15310,1,small_business,0.1531,870.39,11.60823564,2.69,757,8130.0,11437.0,16.3,3.0,0,0,0,Approved
15311,1,debt_consolidation,0.0894,293.89,10.08580911,22.25,737,12930.0,6738.0,28.2,0.0,0,0,1,Approved
15312,1,debt_consolidation,0.1322,709.82,11.15944541,20.59,712,4890.0,19995.0,67.3,2.0,0,0,0,Approved
15313,1,all_other,0.1114,360.84,11.38509209,8.35,762,5223.0,4397.0,48.9,0.0,0,0,0,Approved
15314,1,debt_consolidation,0.1183,99.41,10.84894866,9.43,692,5765.958333,5492.0,70.9,2.0,0,0,0,Review
15315,1,debt_consolidation,0.1114,262.43,12.07254125,15.13,722,9630.0,38107.0,69.9,0.0,0,0,0,Approved
15316,1,major_purchase,0.0774,124.88,11.15625052,5.76,797,7259.958333,825.0,1.4,0.0,0,0,0,Approved
15317,1,small_business,0.1461,344.76,11.00209984,14.32,742,11312.0,41063.0,61.3,4.0,0,0,1,Approved
15318,1,debt_consolidation,0.1426,82.34,10.54006438,21.05,667,2580.0,8138.0,62.6,0.0,0,0,0,Review
15319,1,all_other,0.1287,168.17,10.67359577,14.89,682,2429.958333,17123.0,75.8,3.0,0,0,0,Review
15320,1,debt_consolidation,0.1531,261.12,10.40426284,14.76,747,12002.95833,23875.0,12.6,5.0,0,0,0,Approved
15321,1,educational,0.1148,49.46,9.287301413,6.44,797,8939.958333,2763.0,9,5.0,0,0,1,Approved
15322,1,all_other,0.1218,49.95,10.59663473,22.23,692,2220.0,6834.0,55.1,2.0,0,0,0,Review
15323,1,debt_consolidation,0.0859,347.72,10.20359214,24.49,767,6000.0,5401.0,19.4,1.0,0,0,0,Approved
15324,1,major_purchase,0.1461,55.17,8.699514748,5,677,8369.958333,369.0,3,1.0,1,0,0,Review
15325,1,debt_consolidation,0.1287,33.64,10.31011865,23.81,692,3989.958333,18154.0,91.2,0.0,0,0,0,Review
15326,1,small_business,0.1947,184.49,10.46310334,1.78,667,7619.958333,4198.0,44.2,0.0,1,0,1,Review
15327,1,credit_card,0.1148,824.22,11.09741002,5.89,782,4380.0,3577.0,9.4,2.0,0,0,0,Approved
15328,1,major_purchase,0.0859,221.28,10.81977828,6.17,742,4272.958333,6881.0,28.2,0.0,0,0,0,Approved
15329,1,major_purchase,0.1357,67.94,10.49127422,7.83,667,3509.958333,1790.0,34.4,0.0,0,0,0,Review
15330,1,debt_consolidation,0.1426,514.59,10.89673933,7.4,697,1500.0,1366.0,21,1.0,0,0,0,Review
15331,1,debt_consolidation,0.0774,156.1,10.81977828,4.51,772,4320.958333,928.0,2,2.0,0,0,0,Approved
15332,1,debt_consolidation,0.1357,424.61,10.62132735,23.94,687,3000.0,8180.0,83.5,2.0,0,0,0,Review
15333,1,all_other,0.0705,95.79,11.28978191,10.56,772,12689.95833,5378.0,18.8,0.0,0,0,0,Approved
15334,1,debt_consolidation,0.0774,112.39,11.60823564,7.78,742,5429.958333,15695.0,67.7,0.0,0,0,0,Approved
15335,1,home_improvement,0.1218,807.53,11.15625052,10.29,787,4656.958333,1026.0,14.5,0.0,0,0,0,Approved
15336,1,home_improvement,0.0894,571.89,11.69524702,3.44,797,7529.958333,21807.0,43.6,0.0,0,0,0,Approved
15337,1,debt_consolidation,0.1982,556.1,10.68464561,5.22,667,1590.0,12390.0,98.3,1.0,0,0,0,Review
15338,1,credit_card,0.1392,204.83,11.4050284,10.35,697,3690.0,9572.0,96.7,1.0,0,0,0,Review
15339,1,debt_consolidation,0.0859,173.86,10.3859137,17.37,772,9806.0,14163.0,18.4,5.0,0,0,0,Approved
15340,1,all_other,0.1218,239.76,11.61728548,22.39,707,8969.958333,37591.0,77.2,0.0,0,0,0,Approved
15341,1,all_other,0.0774,156.1,11.22524339,2.34,792,4619.958333,0.0,0,0.0,0,0,0,Approved
15342,1,debt_consolidation,0.1531,382.97,10.81977828,22.9,662,2610.0,27297.0,80,0.0,0,0,0,Review
15343,1,home_improvement,0.1635,247.31,10.34817337,17.19,662,10620.0,0.0,33.29,0.0,3,0,0,Review
15344,1,all_other,0.1357,339.69,11.60823564,16.12,687,3330.0,1584.0,49.5,1.0,0,0,0,Review
15345,1,debt_consolidation,0.1357,679.37,11.31447453,12.34,702,4200.0,24387.0,36.6,0.0,0,0,0,Approved
15346,1,credit_card,0.1531,870.39,11.72737243,16.65,707,10590.0,40413.0,85.6,0.0,0,0,0,Approved
15347,1,all_other,0.1531,348.16,10.59663473,14.31,672,2789.958333,980.0,32.7,3.0,0,0,1,Review
15348,1,all_other,0.1322,338.01,11.00209984,18.02,692,4589.958333,11188.0,42.7,2.0,0,0,0,Review
15349,1,all_other,0.167,88.76,11.8913619,24.12,682,10710.0,27433.0,56.8,1.0,0,0,0,Review
15350,1,debt_consolidation,0.1287,470.87,10.96819829,4.3,707,3239.958333,8752.0,53,0.0,0,0,0,Approved
15351,1,debt_consolidation,0.0894,317.72,11.05089001,13.64,737,3989.958333,10326.0,27.8,1.0,0,0,0,Approved
15352,1,credit_card,0.1392,348.2,11.00209984,9.48,682,6570.0,18393.0,71.6,2.0,0,0,0,Review
15353,1,debt_consolidation,0.0859,347.72,9.952277717,16.46,752,3629.958333,4372.0,21.1,1.0,0,0,1,Approved
15354,1,debt_consolidation,0.1461,379.23,10.71441777,12,672,8639.958333,9311.0,40.5,0.0,0,0,0,Review
15355,1,debt_consolidation,0.1148,593.44,11.35040654,19.71,737,4050.0,3519.0,12.1,0.0,0,0,0,Approved
15356,1,all_other,0.0774,93.66,11.35035948,11.38,762,4474.0,265.0,3.3,1.0,0,0,0,Approved
15357,1,debt_consolidation,0.1183,596.41,10.59663473,12.42,737,3750.0,7658.0,36,0.0,0,0,0,Approved
15358,1,all_other,0.1183,265.08,10.91508846,17.72,712,3705.0,21470.0,85.5,0.0,0,0,0,Approved
15359,1,credit_card,0.1496,519.68,11.39414193,21.57,707,3599.958333,13724.0,87.4,0.0,0,0,1,Approved
15360,1,debt_consolidation,0.1461,299.94,10.25132355,11.27,687,1170.0,3430.0,71.5,1.0,0,0,0,Review
15361,1,major_purchase,0.074,155.3,11.1844214,14.22,782,5759.958333,1751.0,6.1,0.0,0,0,0,Approved
15362,1,home_improvement,0.0774,156.1,11.11346857,1.81,777,7199.958333,4814.0,23.5,0.0,0,0,0,Approved
15363,1,debt_consolidation,0.1114,623.27,10.90753272,19.83,777,5730.958333,33809.0,22.1,1.0,0,0,0,Approved
15364,1,small_business,0.2017,447.01,11.22524339,11.25,672,4530.0,3672.0,79.8,0.0,0,0,0,Review
15365,1,debt_consolidation,0.1947,258.28,11.00209984,17.08,667,1590.0,13859.0,88.5,0.0,0,0,0,Review
15366,1,educational,0.1461,68.96,10.08580911,14.86,692,1349.958333,261.0,87,0.0,0,0,0,Review
15367,1,home_improvement,0.1253,234.27,11.47210347,21.43,692,4740.0,52264.0,82.8,1.0,0,0,0,Review
15368,1,debt_consolidation,0.1635,706.59,11.40756495,17.43,677,4410.0,14218.0,74.8,0.0,0,0,0,Review
15369,1,major_purchase,0.0774,124.88,10.71441777,19.63,757,4201.0,3417.0,15.3,1.0,0,0,0,Approved
15370,1,all_other,0.1218,499.5,11.59542669,12.25,727,6035.0,24573.0,87.4,1.0,0,0,0,Approved
15371,1,small_business,0.1704,74.92,10.45045222,6.32,687,1950.0,8903.0,79.5,1.0,0,0,0,Review
15372,1,educational,0.0859,316.11,11.39075783,8.83,762,7229.958333,75336.0,32.6,0.0,0,0,0,Approved
15373,1,credit_card,0.0774,218.54,11.28499548,2.19,797,7259.958333,0.0,0,0.0,0,0,0,Approved
15374,1,home_improvement,0.1461,861.88,11.62625415,16.66,712,9120.0,65844.0,48.9,1.0,0,0,0,Approved
15375,1,debt_consolidation,0.0859,202.31,11.02179789,7.9,747,2759.958333,5418.0,8.2,1.0,0,0,0,Approved
15376,1,major_purchase,0.1114,131.22,9.798127037,2.8,742,2250.0,2135.0,46.4,1.0,0,0,0,Approved
15377,1,debt_consolidation,0.0894,460.69,11.51292546,6.54,762,6930.0,7563.0,30,0.0,0,0,0,Approved
15378,1,debt_consolidation,0.1287,210.21,10.21504483,23.73,692,3239.958333,9166.0,73.9,2.0,0,0,0,Review
15379,1,all_other,0.1148,494.53,12.15477935,6.35,767,7229.958333,544.0,2.7,2.0,1,0,0,Approved
15380,1,all_other,0.1183,248.51,10.30895266,22.52,712,3599.958333,10131.0,39.6,0.0,0,0,0,Approved
15381,1,debt_consolidation,0.0894,114.38,10.46310334,23.92,722,2250.0,8151.0,57,1.0,0,0,0,Approved
15382,1,all_other,0.1253,160.64,9.505990614,2.05,717,3090.0,1554.0,23.9,2.0,0,0,0,Approved
15383,1,debt_consolidation,0.1114,500.26,11.59910316,8.69,752,3899.958333,4963.0,14.2,1.0,0,0,0,Approved
15384,1,credit_card,0.0859,113.8,11.00209984,2.9,742,3629.958333,3880.0,25,4.0,0,0,0,Approved
15385,1,debt_consolidation,0.1114,131.22,10.69194491,22.96,717,5490.0,13694.0,83.5,0.0,0,0,0,Approved
15386,1,all_other,0.0894,381.26,10.30895266,12.56,802,4349.958333,2316.0,4.8,0.0,0,0,0,Approved
15387,1,debt_consolidation,0.1565,510.8,11.48246626,18.73,662,4440.041667,31485.0,58.6,0.0,0,0,1,Review
15388,1,credit_card,0.1114,459.25,10.6666271,14.21,747,3720.0,14447.0,68.8,0.0,0,0,0,Approved
15389,1,debt_consolidation,0.1218,499.5,11.22524339,12.22,712,2849.958333,15191.0,83,1.0,0,0,0,Approved
15390,1,all_other,0.1287,437.24,10.08580911,10.8,702,2640.0,9424.0,38.6,0.0,0,0,1,Approved
15391,1,debt_consolidation,0.1426,720.43,11.01862914,18.85,692,5459.958333,18020.0,34.9,0.0,0,0,0,Review
15392,1,debt_consolidation,0.1426,626.08,10.858999,23.12,687,3627.0,13882.0,69.4,0.0,0,0,1,Review
15393,1,major_purchase,0.1114,393.65,10.85417971,24.7,737,3240.958333,9200.0,26.8,1.0,0,0,0,Approved
15394,1,small_business,0.1287,94.18,11.52132013,0.88,777,6918.0,2817.0,9.5,0.0,0,0,0,Approved
15395,1,debt_consolidation,0.1635,538.77,10.91508846,23.21,677,3660.0,34715.0,96.7,1.0,0,0,0,Review
15396,1,all_other,0.1426,51.46,10.81977828,24.43,667,4229.958333,26669.0,92.6,0.0,1,0,0,Review
15397,1,all_other,0.1496,691.17,11.20612853,10.29,707,1531.0,12560.0,53,0.0,0,0,0,Approved
15398,1,small_business,0.1461,655.03,11.38736224,5.56,792,9636.0,14653.0,44.3,3.0,0,0,0,Approved
15399,1,debt_consolidation,0.1531,389.94,10.84544603,3.16,722,4319.958333,4138.0,98.5,0.0,0,0,0,Approved
15400,1,debt_consolidation,0.1148,395.63,12.20607265,6.11,737,6960.0,2874.0,4.7,1.0,0,0,0,Approved
15401,1,major_purchase,0.0894,308.19,11.17043516,8.15,762,3420.0,6953.0,30.9,4.0,0,0,0,Approved
15402,1,debt_consolidation,0.0894,476.58,11.5228758,3.07,772,6869.958333,13648.0,20.7,1.0,0,0,0,Approved
15403,1,debt_consolidation,0.1148,52.75,11.12726298,9.21,702,3149.958333,2822.0,40.3,0.0,0,0,0,Approved
15404,1,debt_consolidation,0.0774,156.1,12.20607265,2.52,762,9270.0,17604.0,36.1,2.0,0,0,0,Approved
15405,1,debt_consolidation,0.0894,292.3,11.12726298,17.81,752,9300.0,38581.0,65.4,1.0,0,0,0,Approved
15406,1,debt_consolidation,0.1148,659.37,11.15625052,6.84,752,3480.0,5303.0,26.6,1.0,0,0,0,Approved
15407,1,debt_consolidation,0.1496,519.68,11.1124479,13.81,687,2640.0,13217.0,96.5,0.0,0,0,0,Review
15408,1,debt_consolidation,0.1183,198.81,10.98529272,20.4,702,1980.0,7278.0,30.1,0.0,0,0,0,Approved
15409,1,small_business,0.16,421.89,10.89673933,11.2,702,3945.958333,5418.0,33.9,3.0,0,0,1,Approved
15410,1,debt_consolidation,0.0859,110.64,10.46310334,16.63,722,1860.0,3159.0,17.4,0.0,0,0,0,Approved
15411,1,debt_consolidation,0.1148,197.82,10.46253175,1.61,742,5369.958333,1926.0,6,4.0,3,0,1,Approved
15412,1,credit_card,0.0894,413.03,10.86145751,18.99,747,3209.958333,14385.0,50.3,1.0,0,0,0,Approved
15413,1,small_business,0.1392,68.28,10.82480563,1.58,757,1590.0,2138.0,14.4,0.0,0,0,0,Approved
15414,1,debt_consolidation,0.1774,792.47,11.07906088,22.81,662,9329.958333,11328.0,39.9,2.0,1,0,0,Review
15415,1,credit_card,0.1739,645.26,11.35040654,23.48,667,6124.958333,11369.0,91.7,1.0,0,0,0,Review
15416,1,debt_consolidation,0.1392,136.55,10.10821619,4.16,682,1379.958333,2791.0,35.8,1.0,0,0,0,Review
15417,1,debt_consolidation,0.1183,198.81,10.82972862,7.96,702,3149.958333,16721.0,74.6,3.0,0,0,0,Approved
15418,1,debt_consolidation,0.1148,428.59,11.22524339,9.81,722,2879.958333,14132.0,67.6,3.0,0,0,0,Approved
15419,1,all_other,0.1322,473.21,10.78518684,4.57,717,2550.0,1937.0,84.2,1.0,0,0,0,Approved
15420,1,debt_consolidation,0.167,647.9,10.93310697,23.72,707,6929.958333,27298.0,99.3,2.0,0,0,0,Approved
15421,1,debt_consolidation,0.1496,836.68,11.69524702,20.15,702,4324.958333,68903.0,92.9,0.0,0,0,0,Approved
15422,1,major_purchase,0.1392,170.69,10.30895266,18.04,672,1950.0,7768.0,42.9,1.0,0,0,0,Review
15423,1,all_other,0.0894,95.32,10.37349118,6.9,732,3450.0,11247.0,57.7,1.0,0,0,0,Approved
15424,1,credit_card,0.1287,336.34,11.31447453,12.67,697,3959.958333,33896.0,72.7,3.0,0,0,0,Review
15425,1,debt_consolidation,0.1357,288.74,9.903487553,14.94,692,1381.958333,4455.0,40.5,3.0,0,0,0,Review
15426,1,debt_consolidation,0.1565,384.85,10.42228135,11.36,682,2879.958333,10908.0,92.4,1.0,0,0,0,Review
15427,1,all_other,0.1218,166.5,10.59663473,5.64,697,2730.0,4388.0,43.9,0.0,0,0,0,Review
15428,1,debt_consolidation,0.1218,299.7,10.81977828,19.42,707,3989.958333,4711.0,77.2,3.0,0,0,0,Approved
15429,1,debt_consolidation,0.1392,477.92,10.89673933,15,682,3853.041667,18270.0,52.7,0.0,0,0,1,Review
15430,1,all_other,0.1253,400.76,10.6454249,22.74,702,3030.0,19721.0,67.1,1.0,0,0,0,Approved
15431,1,debt_consolidation,0.1253,501.16,10.30895266,16.08,712,3629.958333,6327.0,66.6,1.0,0,0,1,Approved
15432,1,debt_consolidation,0.1322,229.85,11.25392155,10.59,707,4860.0,10730.0,95.8,0.0,0,0,0,Approved
15433,1,debt_consolidation,0.1531,844.28,11.82041016,5.99,682,3930.958333,6548.0,63,0.0,0,0,1,Review
15434,1,debt_consolidation,0.1183,596.41,11.18191827,19.31,722,3720.041667,9918.0,21.1,1.0,0,0,0,Approved
15435,1,all_other,0.0859,455.19,11.12726298,7.82,802,8160.0,2889.0,14.5,1.0,0,0,0,Approved
15436,1,home_improvement,0.1392,273.1,10.30895266,20.16,697,1409.958333,1923.0,76.9,1.0,0,0,1,Review
15437,1,all_other,0.1183,828.35,12.75995776,4.87,812,6660.0,129224.0,4.6,0.0,0,0,0,Approved
15438,1,debt_consolidation,0.1461,379.23,10.91508846,19.03,692,4720.958333,10112.0,53.5,1.0,0,1,0,Review
15439,1,debt_consolidation,0.1253,324.63,11.15625052,9.89,707,7083.0,24427.0,45.6,0.0,0,0,0,Approved
15440,1,debt_consolidation,0.1218,399.6,11.15625052,7.41,712,4112.0,14610.0,29.3,0.0,0,0,0,Approved
15441,1,credit_card,0.1253,267.74,10.69194491,20.75,697,4020.0,6508.0,62,1.0,0,0,0,Review
15442,1,debt_consolidation,0.1183,115.97,10.66895539,23.79,707,2580.0,3564.0,57.5,1.0,0,0,0,Approved
15443,1,all_other,0.1148,296.72,11.60823564,11.02,712,8830.0,38771.0,38.5,1.0,0,0,0,Approved
15444,1,educational,0.1565,122.46,9.392661929,12,662,9479.958333,2383.0,95.3,0.0,1,0,0,Review
15445,1,debt_consolidation,0.1114,209.95,9.957975738,20.34,722,6932.0,2639.0,12.2,1.0,0,0,0,Approved
15446,1,all_other,0.0859,56.9,10.08580911,8.95,722,1860.0,1620.0,17.1,0.0,0,0,0,Approved
15447,1,debt_consolidation,0.1253,158.97,9.472396897,11.63,697,4140.0,4996.0,38.4,3.0,0,0,0,Review
15448,1,debt_consolidation,0.1392,150.21,9.906682443,17.58,677,1750.958333,9390.0,83.8,0.0,0,0,0,Review
15449,1,debt_consolidation,0.1392,716.88,11.35040654,18.59,702,2973.0,26090.0,89.7,2.0,0,0,0,Approved
15450,1,debt_consolidation,0.1496,528.34,10.98529272,24.08,677,5039.958333,22240.0,84.2,0.0,0,0,0,Review
15451,1,all_other,0.0774,187.32,10.30895266,14.75,767,7860.0,7552.0,15.8,2.0,0,0,0,Approved
15452,1,all_other,0.1392,681.89,11.73606902,14.16,692,3629.958333,8641.0,41.9,0.0,0,0,1,Review
15453,1,debt_consolidation,0.1183,563.28,10.91508846,12.7,737,2250.0,3644.0,52.1,1.0,0,0,0,Approved
15454,1,small_business,0.1774,180.11,10.71441777,10.35,667,4289.958333,3062.0,78.5,0.0,0,0,0,Review
15455,1,debt_consolidation,0.1218,106.56,10.6454249,20.91,697,3240.958333,973.0,48.6,3.0,0,0,0,Review
15456,1,all_other,0.1461,289.6,10.92593848,20.2,667,2220.0,22851.0,78.2,1.0,0,0,0,Review
15457,1,credit_card,0.1218,59.94,10.96819829,4.43,697,11790.0,8652.0,50.3,1.0,0,1,0,Review
15458,1,major_purchase,0.1183,101.89,10.1266311,12.91,697,3780.0,18988.0,60.7,2.0,0,0,0,Review
15459,1,debt_consolidation,0.1739,716.95,11.62625415,8.88,667,4200.0,20755.0,89.5,2.0,0,0,0,Review
15460,1,debt_consolidation,0.1531,278.53,10.62132735,8.2,662,1860.0,7979.0,48.7,0.0,1,0,0,Review
15461,1,all_other,0.1253,83.67,9.761463053,16.32,692,7320.0,1245.0,31.1,0.0,0,0,0,Review
15462,1,debt_consolidation,0.1496,692.9,10.89673933,11.78,682,1709.958333,25216.0,59.9,1.0,0,0,0,Review
15463,1,home_improvement,0.1218,499.5,12.07539432,10.19,717,3840.0,19315.0,72.1,2.0,0,0,0,Approved
15464,1,major_purchase,0.1253,87.02,10.61624126,13.54,687,2159.958333,9847.0,24.1,1.0,0,0,0,Review
15465,1,educational,0.0894,158.86,9.729134165,14.93,732,3569.958333,6109.0,43.9,1.0,0,0,0,Approved
15466,1,debt_consolidation,0.1461,275.81,11.65268741,13.36,677,4349.958333,2884.0,96.8,2.0,0,0,1,Review
15467,1,credit_card,0.1392,307.24,11.35040654,9.19,677,2069.958333,40.0,1,2.0,0,0,0,Review
15468,1,all_other,0.1218,90.75,10.81977828,1.92,727,3209.958333,0.0,0,3.0,0,0,1,Approved
15469,1,debt_consolidation,0.1183,497.01,11.38509209,19.7,732,6481.958333,32725.0,41.9,2.0,0,0,0,Approved
15470,1,all_other,0.1287,336.34,11.04132055,13.63,712,2340.0,5338.0,86.1,1.0,0,0,0,Approved
15471,1,debt_consolidation,0.0774,280.97,10.9156156,11.88,777,11249.95833,8805.0,8.4,3.0,1,0,1,Approved
15472,1,credit_card,0.1114,147.62,10.37349118,12.98,727,2069.958333,10491.0,27,3.0,0,0,1,Approved
15473,1,major_purchase,0.1148,329.69,10.39352663,18.19,782,2160.958333,0.0,0,0.0,0,0,0,Approved
15474,1,credit_card,0.0894,57.19,11.21182037,13.28,717,4980.958333,34751.0,76.5,1.0,0,0,0,Approved
15475,1,major_purchase,0.1148,316.5,10.97382039,10.99,717,3660.0,4431.0,17.3,2.0,0,0,0,Approved
15476,1,all_other,0.0894,381.26,10.37349118,18.56,757,4739.958333,16588.0,38.3,1.0,0,0,0,Approved
15477,1,home_improvement,0.0894,444.81,11.2515607,15.8,752,9779.958333,1842.0,5,0.0,0,0,0,Approved
15478,1,all_other,0.0894,245.44,10.77895629,16.63,732,3629.958333,15355.0,35.5,2.0,0,0,0,Approved
15479,1,debt_consolidation,0.1496,415.74,10.59778407,19.78,687,1170.0,3147.0,73.2,0.0,0,0,0,Review
15480,1,credit_card,0.1913,918.02,11.90496755,18.54,662,4890.0,46031.0,77.4,1.0,1,0,1,Review
15481,1,debt_consolidation,0.1531,515.27,11.00209984,15.5,672,3629.958333,7237.0,45,1.0,1,0,1,Review
15482,1,small_business,0.16,703.15,10.56874953,8.14,757,1439.958333,2120.0,13.5,3.0,0,0,0,Approved
15483,1,credit_card,0.1357,509.53,11.30220443,0.81,752,4770.0,981.0,1.1,7.0,1,0,1,Approved
15484,1,major_purchase,0.0859,240.24,11.22524339,10.5,757,14400.0,12952.0,27.2,0.0,0,0,0,Approved
15485,1,debt_consolidation,0.1426,329.34,10.81977828,19.61,682,3150.958333,4301.0,93.5,0.0,1,0,0,Review
15486,1,small_business,0.1565,139.95,10.91508846,10.82,697,7949.958333,405.0,6.2,1.0,0,0,0,Review
15487,1,credit_card,0.1322,642.22,11.47210347,10.95,712,4319.958333,19304.0,41.8,2.0,1,0,0,Approved
15488,1,small_business,0.1565,227.41,9.903487553,18.9,727,2429.958333,24.0,6,0.0,0,0,0,Approved
15489,1,debt_consolidation,0.1565,209.92,10.48893816,22.89,682,2519.958333,5019.0,98.4,1.0,0,0,0,Review
15490,1,major_purchase,0.1148,395.63,10.30895266,2.8,732,5250.0,8526.0,15.6,2.0,0,0,0,Approved
15491,1,all_other,0.1392,85.35,10.6454249,21.17,667,2519.958333,20323.0,78.8,3.0,0,0,0,Review
15492,1,debt_consolidation,0.1148,494.53,10.727663,8.84,737,4410.0,13819.0,56.4,0.0,0,0,0,Approved
15493,1,all_other,0.1183,530.15,12.22587527,6.29,727,7559.958333,41977.0,25.4,1.0,0,0,0,Approved
15494,1,debt_consolidation,0.0774,206.05,14.12446477,0.62,782,4709.958333,20.0,0.1,2.0,0,0,0,Approved
15495,1,debt_consolidation,0.1357,543.5,11.00209984,18.58,697,2524.958333,24089.0,60.2,0.0,0,0,0,Review
15496,1,debt_consolidation,0.1253,803.2,11.00209984,17.9,732,4649.958333,26715.0,39.8,1.0,0,0,0,Approved
15497,1,debt_consolidation,0.167,710.03,11.69524702,3.88,692,4650.958333,16725.0,99,1.0,0,0,0,Review
15498,1,credit_card,0.1114,68.89,9.574983486,6.75,712,3149.958333,2256.0,53.7,0.0,0,0,0,Approved
15499,1,debt_consolidation,0.0774,249.75,10.23995979,16.5,772,6720.0,7943.0,25.1,0.0,0,0,0,Approved
15500,1,all_other,0.1287,840.83,13.71015004,1.16,747,4890.0,30706.0,44,1.0,0,0,0,Approved
15501,1,debt_consolidation,0.1392,327.72,11.19821472,13.55,682,8430.0,618.0,1.8,0.0,1,0,0,Review
15502,1,debt_consolidation,0.1183,157.39,9.862665558,22.69,717,3330.0,11023.0,79.3,0.0,0,0,0,Approved
15503,1,all_other,0.1322,253.51,11.19821472,11.74,682,4384.0,21075.0,59.8,2.0,1,0,0,Review
15504,1,all_other,0.1531,452.6,10.42821608,20.52,712,1200.0,1867.0,66.7,1.0,0,0,0,Approved
15505,1,debt_consolidation,0.0705,92.7,10.59663473,9.48,772,6179.958333,1326.0,18.2,0.0,0,0,0,Approved
15506,1,debt_consolidation,0.1114,196.83,10.77895629,8.82,722,3239.958333,3688.0,32.1,0.0,0,0,0,Approved
15507,1,debt_consolidation,0.1183,397.61,10.59663473,17.61,722,2190.0,7383.0,35,0.0,0,0,0,Approved
15508,1,debt_consolidation,0.1357,285.34,10.81977828,5.78,682,4380.958333,3743.0,83.2,2.0,1,0,1,Review
15509,1,major_purchase,0.1496,242.52,10.6454249,3.71,667,1920.0,1747.0,43.7,0.0,0,0,0,Review
15510,1,major_purchase,0.1322,283.93,10.81977828,12.5,707,2580.0,3972.0,92.4,3.0,0,0,0,Approved
15511,1,debt_consolidation,0.1531,522.23,11.62625415,12.15,672,5369.958333,37859.0,82.5,1.0,1,0,0,Review
15512,1,debt_consolidation,0.1392,187.76,11.29177992,21.48,677,6630.0,62680.0,84.5,1.0,0,0,0,Review
15513,1,all_other,0.1322,219.71,10.59663473,8.64,757,3209.958333,6770.0,18.8,6.0,0,0,1,Approved
15514,1,home_improvement,0.074,77.65,10.81174611,1.33,797,7589.958333,1844.0,2.9,0.0,0,0,0,Approved
15515,1,debt_consolidation,0.1426,34.31,10.71441777,24.61,662,2554.0,7153.0,53.4,0.0,1,0,0,Review
15516,1,debt_consolidation,0.1635,556.44,10.77895629,18.13,717,1620.0,5481.0,99.7,0.0,0,0,0,Approved
15517,1,all_other,0.1496,866.13,11.17504424,8.73,702,5069.958333,8414.0,24.5,1.0,1,0,0,Approved
15518,1,debt_consolidation,0.1183,198.81,10.71441777,23.15,702,3632.0,13029.0,58.7,0.0,0,0,0,Approved
15519,1,debt_consolidation,0.1322,507.01,10.3809632,15.63,707,14879.95833,14489.0,89.4,0.0,0,0,0,Approved
15520,1,credit_card,0.1287,201.8,10.96819829,18.12,687,3480.0,6184.0,85.9,1.0,0,0,0,Review
15521,1,all_other,0.0894,190.63,10.30895266,14.72,757,2099.958333,144.0,5.8,0.0,0,0,0,Approved
15522,1,all_other,0.1426,41.17,8.476371197,13.75,702,2580.0,0.0,,0.0,0,0,1,Approved
15523,1,debt_consolidation,0.0894,174.75,11.28978191,9.29,742,3090.0,7057.0,49.3,4.0,0,0,0,Approved
15524,1,home_improvement,0.1183,414.18,10.91508846,1.07,737,3569.958333,2054.0,11.4,0.0,0,0,0,Approved
15525,1,debt_consolidation,0.1357,407.63,11.60823564,10.46,677,8339.958333,7259.0,59,0.0,0,1,0,Review
15526,1,debt_consolidation,0.1253,70.28,11.12726298,8.33,682,5429.958333,11023.0,72,3.0,0,1,0,Review
15527,1,all_other,0.1253,167.34,9.700146629,4.85,722,1110.0,1231.0,11.8,3.0,0,0,1,Approved
15528,1,debt_consolidation,0.1635,551.14,11.42954386,14.45,662,4020.0,22689.0,84,0.0,0,0,0,Review
15529,1,debt_consolidation,0.1357,203.82,10.4341158,20.79,682,2310.0,5950.0,57.8,0.0,0,0,0,Review
15530,1,credit_card,0.1565,279.89,10.1266311,7.34,672,2160.958333,6706.0,97.2,1.0,0,0,0,Review
15531,1,small_business,0.1565,699.73,10.858999,0.35,797,9690.041667,39.0,0.6,1.0,0,0,0,Approved
15532,1,debt_consolidation,0.1322,135.21,9.76995616,14.13,677,5759.958333,9874.0,62.5,1.0,0,0,0,Review
15533,1,credit_card,0.1183,298.21,11.1844214,19.5,737,4500.0,12893.0,90.8,1.0,0,0,0,Approved
15534,1,debt_consolidation,0.1461,165.49,10.93310697,8.81,662,8220.0,5993.0,70.5,0.0,1,1,0,Review
15535,1,small_business,0.1531,269.82,11.75978554,24.08,712,8279.958333,39121.0,74.9,3.0,0,0,0,Approved
15536,1,educational,0.1183,828.35,11.49272276,4.87,767,9630.041667,3142.0,8.6,3.0,0,0,0,Approved
15537,1,debt_consolidation,0.1218,249.75,10.50012383,13.02,707,4140.0,6528.0,42.7,1.0,0,0,1,Approved
15538,1,debt_consolidation,0.1253,108.77,10.23995979,22.54,687,4110.041667,6211.0,58,2.0,0,0,0,Review
15539,1,debt_consolidation,0.1148,304.96,10.23995979,18.9,717,3724.0,16683.0,24.9,0.0,1,0,0,Approved
15540,1,debt_consolidation,0.1287,121.08,11.23843599,1.58,692,3391.0,12135.0,85.5,3.0,0,0,0,Review
15541,1,debt_consolidation,0.2086,827.33,11.81303006,12.78,672,10169.95833,62553.0,44.2,2.0,0,0,0,Review
15542,1,credit_card,0.074,217.42,10.60221911,8.89,772,9089.958333,14014.0,14.1,2.0,0,0,0,Approved
15543,1,debt_consolidation,0.0894,381.26,11.34332268,5.52,792,5280.0,1940.0,2.4,1.0,0,0,0,Approved
15544,1,small_business,0.1565,69.98,10.45737267,20.41,702,2549.958333,239.0,9.2,0.0,0,0,0,Approved
15545,1,home_improvement,0.06,190.14,10.52942598,10.3,747,2160.958333,543.0,0.9,6.0,0,0,0,Approved
15546,1,debt_consolidation,0.1704,713.49,11.73606902,9.66,667,3644.0,32120.0,68.5,1.0,0,0,0,Review
15547,1,small_business,0.1461,577.46,11.65268741,10.12,747,3903.0,6341.0,21.4,0.0,0,0,0,Approved
15548,1,all_other,0.1496,207.87,10.81977828,19.58,702,2849.958333,14306.0,99.3,0.0,0,0,0,Approved
15549,1,all_other,0.1322,84.51,11.08214255,19.68,677,5399.958333,20241.0,66.4,1.0,0,0,0,Review
15550,1,all_other,0.1183,397.61,11.71993963,15.88,722,7442.0,46336.0,49.8,2.0,0,0,0,Approved
15551,1,debt_consolidation,0.0894,152.51,11.3736634,10.54,732,4140.0,27901.0,40.9,1.0,0,0,0,Approved
15552,1,debt_consolidation,0.1114,377.25,11.88448902,3.32,757,4200.0,11484.0,52,0.0,0,0,0,Approved
15553,1,all_other,0.1496,173.23,10.6281334,4.22,667,1470.0,5116.0,39.7,2.0,0,0,0,Review
15554,1,home_improvement,0.0859,316.11,11.23321156,4.75,752,5220.0,22078.0,19.8,2.0,0,0,0,Approved
15555,1,credit_card,0.1218,333.0,10.4341158,22.34,712,7470.0,19034.0,26.3,1.0,1,0,0,Approved
15556,1,major_purchase,0.1183,165.67,11.39526742,5.66,702,5970.0,8950.0,31.1,2.0,0,0,1,Approved
15557,1,debt_consolidation,0.0894,413.03,11.40756495,8.77,747,4589.958333,13298.0,54.3,2.0,0,0,0,Approved
15558,1,small_business,0.0788,50.05,10.727663,7.74,717,3519.041667,10684.0,26.3,0.0,0,0,0,Approved
15559,1,debt_consolidation,0.1322,253.51,10.83295114,3.88,682,3959.958333,7321.0,50.5,2.0,0,0,0,Review
15560,1,credit_card,0.0894,457.51,10.54534144,23.4,747,4860.0,15373.0,48,0.0,0,0,0,Approved
15561,1,debt_consolidation,0.0859,379.33,11.04292184,9.02,777,13950.0,22054.0,25.9,2.0,0,0,0,Approved
15562,1,all_other,0.1183,313.95,11.22524339,14.48,727,2789.958333,12829.0,63.5,0.0,0,0,0,Approved
15563,1,debt_consolidation,0.1357,611.44,10.69194491,6.33,692,11101.0,5494.0,14.1,0.0,0,0,0,Review
15564,1,debt_consolidation,0.167,603.53,11.48497363,10.71,672,3989.958333,56896.0,97.4,2.0,0,1,0,Review
15565,1,home_improvement,0.1392,40.97,10.22557105,11.87,672,4916.041667,9228.0,93.2,0.0,0,0,0,Review
15566,1,all_other,0.0774,202.93,11.1124479,12.77,772,7169.958333,2930.0,3.3,0.0,2,0,0,Approved
15567,1,credit_card,0.0894,381.26,11.46163217,15.52,762,4020.0,10221.0,21.8,0.0,0,0,0,Approved
15568,1,debt_consolidation,0.1183,563.28,10.75052252,3.65,722,8856.0,14907.0,43.6,0.0,0,0,0,Approved
15569,1,all_other,0.0774,109.27,10.66326482,14.23,747,2489.958333,1982.0,32.5,1.0,0,0,0,Approved
15570,1,debt_consolidation,0.1392,136.55,9.998797732,21.49,667,3335.0,12925.0,67.7,0.0,0,0,0,Review
15571,1,debt_consolidation,0.1357,101.91,10.22557105,9.87,672,2099.958333,2229.0,82.6,2.0,0,0,0,Review
15572,1,home_improvement,0.0774,156.1,11.28978191,0.54,797,6000.0,429.0,0.6,0.0,0,0,0,Approved
15573,1,debt_consolidation,0.1183,662.68,10.91508846,13.13,742,5789.958333,20357.0,59.2,0.0,0,0,0,Approved
15574,1,credit_card,0.0894,397.15,10.34174248,14.94,762,6149.958333,16495.0,30.9,1.0,0,0,0,Approved
15575,1,all_other,0.1322,81.13,10.77167988,20.67,682,3420.0,19888.0,94.7,1.0,0,0,0,Review
15576,1,debt_consolidation,0.1531,400.38,10.4487146,20.35,667,1860.0,11438.0,61.5,3.0,0,0,0,Review
15577,1,debt_consolidation,0.1218,366.3,10.62132735,21.69,707,2549.958333,11129.0,73.2,1.0,0,0,0,Approved
15578,1,major_purchase,0.1218,333.0,11.12726298,5.36,712,5280.0,35121.0,35.5,3.0,0,0,0,Approved
15579,1,debt_consolidation,0.1253,401.6,10.84933709,9.27,742,6960.0,9087.0,30.8,0.0,0,0,0,Approved
15580,1,debt_consolidation,0.16,316.42,11.38639806,5.32,697,1574.0,5273.0,43.6,0.0,0,1,0,Review
15581,1,credit_card,0.1565,131.2,9.952277717,18.91,697,1170.0,13881.0,90.7,0.0,0,0,0,Review
15582,1,debt_consolidation,0.1287,215.26,10.30895266,20.12,692,2340.0,6978.0,78.4,1.0,0,0,0,Review
15583,1,debt_consolidation,0.074,186.36,10.47425013,0.85,782,4800.0,2772.0,11.1,0.0,0,0,0,Approved
15584,1,debt_consolidation,0.1496,173.23,11.66392834,12.71,677,5789.958333,32549.0,95.5,0.0,0,0,0,Review
15585,1,major_purchase,0.1114,196.83,13.71015004,1.7,722,4112.0,6530.0,23.3,2.0,0,0,0,Approved
15586,1,all_other,0.1287,117.72,11.21182037,9.34,697,3030.0,30703.0,84.1,2.0,0,0,0,Review
15587,1,all_other,0.1148,32.97,10.49127422,1.03,742,2220.0,2287.0,15.8,0.0,0,0,0,Approved
15588,1,all_other,0.1322,676.02,11.01862914,9.68,712,6119.958333,1284.0,6.3,3.0,0,1,0,Approved
15589,1,debt_consolidation,0.1496,216.54,10.29688008,20.69,662,4110.0,18270.0,75.8,0.0,0,0,0,Review
15590,1,debt_consolidation,0.1253,174.03,10.16585182,21,692,4080.0,7839.0,37.7,2.0,0,0,0,Review
15591,1,small_business,0.16,703.15,11.98292909,5.31,717,5970.0,57602.0,80,0.0,0,0,0,Approved
15592,1,debt_consolidation,0.1531,330.75,10.49127422,21.87,667,1500.0,7306.0,73.1,2.0,0,0,1,Review
15593,1,debt_consolidation,0.074,124.24,10.81977828,5.23,787,4500.0,4071.0,11.8,0.0,0,0,0,Approved
15594,1,debt_consolidation,0.1218,333.0,11.03488966,10.88,717,2443.958333,6238.0,74.3,0.0,0,0,0,Approved
15595,1,home_improvement,0.1218,582.75,10.77895629,12.7,717,7080.0,31376.0,45.7,1.0,1,0,0,Approved
15596,1,debt_consolidation,0.1461,155.14,10.81977828,19.78,737,2459.958333,7114.0,9.2,2.0,0,0,0,Approved
15597,1,small_business,0.1843,836.51,11.81303006,6.73,687,5819.958333,17606.0,37.9,3.0,1,0,0,Review
15598,1,credit_card,0.1253,259.37,10.08029393,3.27,757,4319.958333,1709.0,94.9,3.0,0,0,1,Approved
15599,1,small_business,0.1531,870.39,11.86358234,7.31,747,5850.0,7424.0,17.1,0.0,0,0,0,Approved
15600,1,credit_card,0.1287,269.07,11.33857208,6.19,727,5142.0,685.0,85.6,0.0,0,0,1,Approved
15601,1,credit_card,0.0894,190.63,10.6454249,21.2,727,6059.958333,8706.0,32.6,2.0,0,1,0,Approved
15602,1,all_other,0.074,77.65,10.87804719,14.9,767,6059.958333,23331.0,58.5,1.0,0,0,0,Approved
15603,1,major_purchase,0.1183,662.68,10.76789534,6.77,812,3656.0,879.0,4.3,0.0,0,0,0,Approved
15604,1,major_purchase,0.074,37.28,11.00209984,6.8,762,7982.958333,37459.0,6.5,2.0,0,0,0,Approved
15605,1,home_improvement,0.0859,94.84,10.55841352,5.61,727,2310.0,2610.0,39,1.0,0,0,0,Approved
15606,1,debt_consolidation,0.0859,316.11,10.49127422,3.47,767,4150.041667,9389.0,22.2,0.0,0,0,0,Approved
15607,1,debt_consolidation,0.0774,187.32,10.66895539,23.22,762,8099.0,11413.0,22.7,1.0,0,0,0,Approved
15608,1,major_purchase,0.1218,266.4,9.510444964,1.24,747,2549.958333,707.0,35.3,0.0,0,0,0,Approved
15609,1,home_improvement,0.1287,168.17,10.87426647,16.57,682,3644.958333,1465.0,63.7,1.0,0,0,1,Review
15610,1,credit_card,0.1392,392.58,11.08214255,14.88,682,3390.0,10104.0,80.8,1.0,0,0,0,Review
15611,1,credit_card,0.1253,281.12,11.8493977,8.36,697,9389.958333,7479.0,27.8,2.0,0,0,0,Review
15612,1,all_other,0.0788,312.81,10.858999,9.09,762,5791.041667,7386.0,33.9,0.0,0,0,0,Approved
15613,1,all_other,0.1287,235.44,11.53272809,18.69,687,7980.0,22845.0,69.4,3.0,0,0,0,Review
15614,1,credit_card,0.1287,403.6,10.82774645,16.07,697,3629.958333,19137.0,42.5,0.0,0,0,0,Review
15615,1,debt_consolidation,0.1461,110.33,11.2515607,16.44,662,4709.958333,5843.0,72.1,1.0,1,0,0,Review
15616,1,credit_card,0.0894,274.83,10.30895266,11.8,767,7080.0,3590.0,30.7,0.0,0,0,0,Approved
15617,1,all_other,0.1148,692.34,10.96065265,10.53,757,5190.0,4800.0,25.9,0.0,0,0,0,Approved
15618,1,all_other,0.0894,324.07,11.35040654,0,757,3910.958333,6473.0,11.6,3.0,0,0,0,Approved
15619,1,credit_card,0.1426,411.67,11.00209984,16.28,702,5550.0,26331.0,96.9,0.0,0,0,0,Approved
15620,1,credit_card,0.1114,328.04,10.818177,19.31,722,3241.958333,6648.0,47.1,0.0,0,0,0,Approved
15621,1,debt_consolidation,0.16,852.57,11.69524702,18.08,757,4019.958333,12067.0,20.7,0.0,0,0,1,Approved
15622,1,major_purchase,0.1287,215.26,11.16726111,11.09,687,6660.0,12267.0,40,3.0,0,1,1,Review
15623,1,debt_consolidation,0.1183,828.35,11.22524339,8.74,807,5280.0,0.0,0,3.0,0,0,0,Approved
15624,1,all_other,0.1114,360.84,11.53632944,1.54,757,4259.958333,14617.0,32,0.0,0,0,0,Approved
15625,1,all_other,0.1218,333.0,10.77895629,10.68,707,5730.0,3486.0,51.3,2.0,0,0,0,Approved
15626,1,all_other,0.16,703.15,10.858999,0.6,682,2640.041667,1742.0,7.9,0.0,0,0,1,Review
15627,1,all_other,0.1148,65.94,10.81977828,12.03,712,4170.0,4005.0,58.19,1.0,0,0,0,Approved
15628,1,all_other,0.1357,509.53,10.70324447,4.88,717,4589.958333,6588.0,79.4,1.0,0,0,0,Approved
15629,1,debt_consolidation,0.1114,393.65,10.59663473,16.71,752,5557.041667,12746.0,52.5,2.0,0,0,0,Approved
15630,1,debt_consolidation,0.1218,333.0,10.59663473,16.14,707,2947.041667,10006.0,68.5,0.0,0,0,0,Approved
15631,1,all_other,0.0894,203.34,10.727663,0.26,782,5399.958333,0.0,0,3.0,0,0,0,Approved
15632,1,debt_consolidation,0.1218,532.8,10.69194491,17.4,717,6390.0,17070.0,24.7,0.0,0,0,0,Approved
15633,1,major_purchase,0.1322,338.01,11.60823564,9.86,687,5880.0,12919.0,54.3,1.0,0,0,0,Review
15634,1,all_other,0.1531,146.23,10.30895266,9.8,667,1860.0,5256.0,93.9,0.0,0,0,1,Review
15635,1,all_other,0.0859,205.47,10.37349118,5.85,732,5910.041667,2400.0,12.8,3.0,0,1,0,Approved
15636,1,all_other,0.1183,198.81,10.95109493,14.77,722,5280.0,9107.0,93.9,0.0,0,0,0,Approved
15637,1,debt_consolidation,0.0859,292.4,11.09741002,14.16,747,5009.958333,17411.0,27.7,3.0,0,0,0,Approved
15638,1,all_other,0.1461,137.91,10.57131693,10.68,722,1260.0,1942.0,48.5,0.0,0,0,0,Approved
15639,1,all_other,0.1287,815.61,12.03617361,13.7,722,5280.041667,44889.0,73.6,0.0,0,0,0,Approved
15640,1,debt_consolidation,0.1357,339.69,10.81977828,15.53,702,9089.958333,8006.0,90,2.0,0,0,0,Approved
15641,1,debt_consolidation,0.0894,98.5,10.77895629,21.75,717,6175.0,15354.0,47.8,3.0,0,0,0,Approved
15642,1,debt_consolidation,0.0894,158.86,10.23895929,6.13,742,4110.0,6479.0,36.2,1.0,1,0,0,Approved
15643,1,debt_consolidation,0.1253,401.6,10.91508846,15.4,702,3540.0,18700.0,69.3,1.0,0,0,0,Approved
15644,1,credit_card,0.0894,254.18,11.64745636,11.87,742,7050.0,53066.0,53.9,2.0,0,0,0,Approved
15645,1,all_other,0.074,62.12,11.28978191,3.92,752,6660.0,13482.0,48.1,0.0,0,0,0,Approved
15646,1,all_other,0.1114,590.47,11.6307085,0.99,772,4574.041667,0.0,0,0.0,0,0,0,Approved
15647,1,all_other,0.1218,166.5,10.6896696,8.67,692,3239.958333,11797.0,68.2,0.0,0,0,1,Review
15648,1,debt_consolidation,0.1809,506.74,10.34817337,11.73,662,1140.0,15767.0,93.1,1.0,0,0,0,Review
15649,1,debt_consolidation,0.1531,208.9,10.72317927,14.7,682,3060.041667,6474.0,93.8,1.0,0,0,0,Review
15650,1,debt_consolidation,0.1392,273.1,11.00209984,6.42,677,5789.958333,12897.0,47.8,0.0,3,0,0,Review
15651,1,home_improvement,0.0894,317.72,10.47333652,12.52,812,6419.958333,2600.0,12.3,0.0,0,0,0,Approved
15652,1,home_improvement,0.074,124.24,11.79810441,1.72,772,9990.041667,10583.0,16.9,2.0,0,0,0,Approved
15653,1,debt_consolidation,0.16,527.36,11.08214255,5.72,677,1440.0,10472.0,51.1,1.0,0,0,0,Review
15654,1,home_improvement,0.1148,824.22,11.05089001,10.17,802,4058.041667,2148.0,7.7,1.0,0,0,0,Approved
15655,1,debt_consolidation,0.1062,423.28,10.71441777,23.55,722,3874.041667,24931.0,57.6,1.0,0,0,0,Approved
15656,1,debt_consolidation,0.1253,510.37,10.49404814,20.78,707,7740.041667,22376.0,47.9,1.0,1,0,0,Approved
15657,1,all_other,0.1183,165.67,11.35040654,20.57,717,4980.0,5147.0,51.5,1.0,0,0,0,Approved
15658,1,debt_consolidation,0.16,168.76,11.49272276,6.06,662,5010.0,72289.0,97.2,0.0,0,0,0,Review
15659,1,debt_consolidation,0.1322,507.01,10.46310334,17.93,697,4320.0,12361.0,57.2,0.0,0,0,0,Review
15660,1,debt_consolidation,0.0859,300.3,10.49127422,20.7,757,3330.041667,9324.0,32.2,0.0,0,0,0,Approved
15661,1,major_purchase,0.0859,309.78,11.00209984,14.46,792,4110.041667,6.0,0,0.0,0,0,0,Approved
15662,1,home_improvement,0.0859,316.11,11.41861479,2.94,752,4890.041667,10373.0,28.7,0.0,0,0,0,Approved
15663,1,credit_card,0.0894,222.41,10.89673933,23.44,732,5310.041667,16405.0,66.1,2.0,0,0,0,Approved
15664,1,debt_consolidation,0.1253,284.47,10.79957558,19.06,712,2670.041667,2280.0,53,2.0,0,0,0,Approved
15665,1,major_purchase,0.0859,316.11,10.87804719,15.31,752,14580.0,28289.0,49.1,1.0,0,0,0,Approved
15666,1,debt_consolidation,0.1392,51.21,10.89673933,20.7,672,2400.041667,1449.0,90.6,1.0,0,0,1,Review
15667,1,debt_consolidation,0.1148,197.82,10.81977828,1.87,717,13110.0,4133.0,14,0.0,0,0,0,Approved
15668,1,all_other,0.0859,316.11,11.28978191,6.52,802,5460.0,2010.0,2.1,1.0,0,0,0,Approved
15669,1,credit_card,0.1218,532.8,11.69524702,21.58,722,7050.041667,85896.0,70.9,0.0,0,0,0,Approved
15670,1,debt_consolidation,0.1322,540.81,11.39639165,5.66,732,5160.041667,6847.0,75.2,3.0,0,0,0,Approved
15671,1,credit_card,0.1114,164.02,10.81977828,5.88,717,5280.041667,5305.0,16.8,3.0,0,1,0,Approved
15672,1,small_business,0.1392,238.96,11.05089001,10.55,747,3251.0,3969.0,17.6,3.0,0,0,0,Approved
15673,1,credit_card,0.1148,494.53,11.28978191,14.31,737,7170.0,38142.0,45.7,0.0,0,0,0,Approved
15674,1,debt_consolidation,0.0859,102.74,8.699514748,6,732,2157.0,1215.0,32.8,1.0,0,0,1,Approved
15675,1,debt_consolidation,0.1496,866.13,11.62625415,19.09,707,4860.041667,79746.0,78.4,0.0,0,0,0,Approved
15676,1,all_other,0.1253,117.14,10.27505111,6.91,692,1710.0,4613.0,32.3,3.0,0,0,0,Review
15677,1,debt_consolidation,0.074,155.3,10.81977828,17.93,772,9420.0,16685.0,47.5,0.0,0,0,0,Approved
15678,1,debt_consolidation,0.1426,171.53,11.40756495,15.6,727,7560.0,28532.0,99.4,1.0,0,0,0,Approved
15679,1,debt_consolidation,0.0894,158.86,10.96127785,14.33,727,7020.041667,2530.0,5.2,0.0,1,0,1,Approved
15680,1,debt_consolidation,0.2121,746.24,11.73606902,19.87,662,7920.0,90063.0,79.6,1.0,0,0,1,Review
15681,1,debt_consolidation,0.1426,343.06,11.44035477,4.27,677,5070.0,4848.0,56.4,3.0,0,0,0,Review
15682,1,debt_consolidation,0.0774,187.32,10.59663473,11.58,762,3720.041667,1940.0,12.5,0.0,0,0,0,Approved
15683,1,debt_consolidation,0.0894,155.69,11.58058411,10.65,727,3330.041667,26192.0,54.5,0.0,0,0,0,Approved
15684,1,small_business,0.16,815.66,11.22524339,0.56,752,5520.041667,2018.0,34.8,2.0,0,0,0,Approved
15685,1,educational,0.0774,218.54,11.15625052,12.32,752,3270.0,3233.0,10.4,3.0,0,0,0,Approved
15686,1,all_other,0.1531,334.23,11.16761428,21.31,672,4023.0,34009.0,90.7,0.0,0,0,0,Review
15687,1,debt_consolidation,0.1565,874.66,10.90381461,9.84,687,5487.0,5734.0,36.5,0.0,0,0,0,Review
15688,1,debt_consolidation,0.0894,158.86,10.87804719,24.34,732,4290.0,25295.0,62.5,2.0,0,0,0,Approved
15689,1,all_other,0.1183,99.41,9.764225485,20.34,732,1920.041667,228.0,9.9,1.0,0,0,1,Approved
15690,1,all_other,0.1148,32.97,10.13459927,11.57,702,5760.0,7569.0,74.2,2.0,0,0,1,Approved
15691,1,debt_consolidation,0.1218,832.5,12.20607265,6.28,737,3690.041667,15169.0,35,0.0,0,0,1,Approved
15692,1,educational,0.0859,237.08,11.03488966,0,782,3960.0,0.0,0,1.0,0,0,0,Approved
15693,1,debt_consolidation,0.1461,620.56,10.93310697,12.73,682,3150.0,32820.0,88.5,0.0,0,0,0,Review
15694,1,home_improvement,0.1148,49.46,10.40426284,23.67,757,1800.0,280.0,16.5,0.0,0,0,0,Approved
15695,1,credit_card,0.1183,165.67,11.47210347,23.75,702,7530.041667,66179.0,40.6,1.0,0,0,0,Approved
15696,1,all_other,0.1496,164.57,10.16277015,22.36,662,2850.0,275.0,3.2,3.0,1,0,1,Review
15697,1,all_other,0.1635,176.65,11.00209984,3.16,667,2880.0,0.0,0,1.0,0,0,1,Review
15698,1,home_improvement,0.0894,317.72,11.23413706,5.58,762,2430.0,66.0,0.5,3.0,0,0,0,Approved
15699,1,credit_card,0.0894,476.58,11.22524339,5.55,777,6840.0,1892.0,5.3,2.0,0,0,0,Approved
15700,1,credit_card,0.1392,546.2,11.39751461,16.51,692,5790.0,10852.0,60.9,0.0,5,0,0,Review
15701,1,major_purchase,0.0859,158.06,11.40756495,12.59,742,8040.0,3945.0,17.6,1.0,1,0,1,Approved
15702,1,all_other,0.1253,368.13,11.30958454,5.12,727,1410.0,358.0,7.5,2.0,0,0,0,Approved
15703,1,all_other,0.0774,249.75,11.35040654,7.06,777,4440.041667,5037.0,16.7,3.0,0,0,0,Approved
15704,1,debt_consolidation,0.1531,313.34,10.70283989,6.74,662,3510.0,3094.0,60.7,0.0,0,0,0,Review
15705,1,all_other,0.0859,31.62,11.22524339,2.42,752,5970.041667,5698.0,52.9,3.0,0,0,1,Approved
15706,1,all_other,0.1461,41.38,10.59663473,16.35,662,1800.0,7774.0,55.9,0.0,0,1,0,Review
15707,1,debt_consolidation,0.1392,204.83,10.23995979,15.64,672,3630.0,11206.0,71.8,0.0,0,0,0,Review
15708,1,all_other,0.1148,329.69,10.49127422,0.5,777,2460.0,523.0,7,0.0,0,0,0,Approved
15709,1,debt_consolidation,0.1183,331.34,10.1266311,12.96,742,1350.0,5787.0,13.8,0.0,0,0,0,Approved
15710,1,all_other,0.1531,452.6,10.6454249,21.51,672,2760.041667,12425.0,55.6,0.0,0,0,0,Review
15711,1,debt_consolidation,0.1148,346.17,10.96819829,6.23,742,3030.041667,10044.0,63.6,1.0,0,0,0,Approved
15712,1,debt_consolidation,0.1287,403.6,10.79374227,21.06,692,3665.041667,12668.0,79.7,2.0,0,0,0,Review
15713,1,credit_card,0.16,562.52,10.77895629,20.6,662,4110.041667,10441.0,50.7,2.0,2,0,1,Review
15714,1,debt_consolidation,0.1218,616.05,11.58988651,2.38,722,2280.041667,120.0,0.8,1.0,0,0,0,Approved
15715,1,debt_consolidation,0.1496,277.16,10.54534144,10.33,667,2235.041667,5124.0,35.3,1.0,2,0,0,Review
15716,1,debt_consolidation,0.1322,730.1,12.65395847,10.49,717,7050.041667,100109.0,90.4,2.0,0,0,0,Approved
15717,1,debt_consolidation,0.1392,286.75,10.41271189,18.48,682,2161.0,7452.0,73.8,0.0,0,0,0,Review
15718,1,small_business,0.1878,91.37,11.08214255,2.79,662,3720.041667,2601.0,40.6,2.0,1,1,0,Review
15719,1,debt_consolidation,0.1287,538.14,10.91508846,17.93,717,4110.041667,24953.0,94.5,0.0,0,0,0,Approved
15720,1,debt_consolidation,0.0859,316.11,11.51292546,0.22,792,8880.041667,1800.0,3.8,1.0,0,0,0,Approved
15721,1,debt_consolidation,0.1496,658.26,10.78692446,17.34,687,3540.0,23533.0,46.3,2.0,0,0,0,Review
15722,1,debt_consolidation,0.1565,237.91,10.858999,22.71,662,1620.041667,8159.0,55.4,2.0,0,0,0,Review
15723,1,all_other,0.1461,275.81,11.01862914,12.59,667,2280.041667,15183.0,70.3,1.0,0,1,1,Review
15724,1,all_other,0.1183,119.29,10.46310334,13.92,712,1770.0,800.0,15.1,0.0,0,0,0,Approved
15725,1,major_purchase,0.1218,832.5,11.56171563,8.21,762,5643.041667,2290.0,0.7,0.0,0,0,0,Approved
15726,1,all_other,0.1357,67.94,9.998797732,19.25,707,1110.041667,1527.0,22.5,0.0,0,0,0,Approved
15727,1,all_other,0.1287,201.8,9.59315079,5.81,682,8550.041667,2269.0,25.2,2.0,1,0,0,Review
15728,1,all_other,0.167,514.77,10.26813067,7.54,677,1230.041667,5465.0,80.4,2.0,0,0,1,Review
15729,1,all_other,0.1357,314.21,10.26813067,19.26,702,1802.0,0.0,0,2.0,0,0,0,Approved
15730,1,debt_consolidation,0.1426,168.1,10.19913779,23.75,722,5070.0,17998.0,99.4,1.0,0,0,0,Approved
15731,1,debt_consolidation,0.0859,316.11,11.15625052,4.15,782,8520.041667,8825.0,17.9,3.0,0,0,0,Approved
15732,1,debt_consolidation,0.1287,336.34,10.71441777,17.89,697,2970.041667,11585.0,49.1,0.0,0,0,0,Review
15733,1,small_business,0.1426,68.62,11.00209984,6.54,732,5226.041667,50082.0,0,0.0,1,0,0,Approved
15734,1,debt_consolidation,0.1531,278.53,11.01862914,0.49,677,3030.041667,858.0,66,2.0,0,0,1,Review
15735,1,debt_consolidation,0.1357,169.85,10.42228135,10.71,677,5190.041667,179.0,44.7,2.0,1,0,0,Review
15736,1,debt_consolidation,0.1565,524.8,11.98292909,3.41,687,2490.0,65872.0,59,2.0,0,0,1,Review
15737,1,home_improvement,0.1565,524.8,11.30012821,9.47,677,7440.041667,0.0,0,0.0,0,0,0,Review
15738,1,debt_consolidation,0.1322,202.81,10.71441777,15.36,682,3870.0,6026.0,80.9,1.0,0,0,1,Review
15739,1,major_purchase,0.0894,381.26,10.81977828,6,752,2760.041667,10457.0,16.1,0.0,0,0,0,Approved
15740,1,debt_consolidation,0.0894,301.04,10.20359214,7.07,752,3840.041667,7866.0,44.7,0.0,0,0,0,Approved
15741,1,debt_consolidation,0.1218,666.0,11.08214255,15.1,722,5760.0,9263.0,48,1.0,0,1,0,Approved
15742,1,credit_card,0.1739,143.39,11.38509209,23.81,662,4800.041667,44991.0,99.8,0.0,0,0,0,Review
15743,1,debt_consolidation,0.1565,559.78,10.89087028,12.94,677,4560.041667,10728.0,91.7,2.0,1,1,0,Review
15744,1,debt_consolidation,0.1253,317.93,10.95080655,10.78,702,3600.0,8300.0,38.8,0.0,0,0,0,Approved
15745,1,debt_consolidation,0.1218,765.9,11.62625415,14.96,737,6001.041667,25274.0,39.5,0.0,0,0,0,Approved
15746,1,debt_consolidation,0.1114,341.16,10.6454249,9.2,732,3330.041667,12747.0,29.8,1.0,0,0,0,Approved
15747,1,home_improvement,0.1183,198.81,12.20607265,15.1,702,2730.041667,22003.0,36.9,3.0,0,0,0,Approved
15748,1,all_other,0.1114,442.85,10.7898715,17.48,742,10590.0,13844.0,50.3,3.0,0,0,0,Approved
15749,1,all_other,0.1253,66.94,10.37349118,9.04,687,1740.0,10186.0,50.7,0.0,0,0,1,Review
15750,1,debt_consolidation,0.1218,632.7,10.5941316,13.71,737,3510.0,19697.0,59,0.0,0,0,0,Approved
15751,1,all_other,0.0774,218.54,10.16585182,4.29,772,4770.041667,0.0,0,0.0,0,0,0,Approved
15752,1,debt_consolidation,0.1148,328.87,10.09195684,15.6,727,8431.041667,21052.0,85.2,0.0,0,0,0,Approved
15753,1,all_other,0.1496,242.52,11.91839057,0.24,682,3738.041667,633.0,42.2,1.0,0,0,0,Review
15754,1,educational,0.1426,686.12,11.69524702,20.09,692,8790.041667,57803.0,81.9,1.0,0,0,0,Review
15755,1,credit_card,0.0894,190.63,10.13459927,20.1,752,4087.041667,17953.0,72.4,0.0,0,0,0,Approved
15756,1,debt_consolidation,0.1461,448.18,10.5865844,21.39,677,2430.0,14021.0,71.9,0.0,0,0,0,Review
15757,1,small_business,0.1461,620.56,11.81303006,8.04,767,5026.0,3884.0,12.8,2.0,0,0,0,Approved
15758,1,debt_consolidation,0.0859,221.28,10.93310697,9.11,762,5190.041667,977.0,2.7,1.0,0,0,0,Approved
15759,1,major_purchase,0.1357,203.82,11.00209984,13.28,682,1710.0,679.0,7.4,3.0,1,0,0,Review
15760,1,debt_consolidation,0.0751,186.66,10.91508846,22.28,737,3607.0,14217.0,20.2,2.0,0,0,0,Approved
15761,1,debt_consolidation,0.1426,377.37,10.75739211,22.84,677,5250.041667,16665.0,60.6,1.0,0,0,0,Review
15762,1,debt_consolidation,0.1322,84.51,10.35210793,14.56,727,8160.041667,17806.0,99.4,0.0,0,0,1,Approved
15763,1,debt_consolidation,0.1461,189.62,11.3736634,8.06,667,5460.0,30209.0,79.3,2.0,0,0,0,Review
15764,1,debt_consolidation,0.1322,270.41,10.858999,8.58,697,3750.041667,9017.0,39.6,1.0,0,0,0,Review
15765,1,debt_consolidation,0.0894,413.03,11.00209984,24.12,757,5370.0,17278.0,40,0.0,0,0,0,Approved
15766,1,all_other,0.074,49.7,10.41331268,3.46,752,3330.041667,2201.0,5,2.0,0,0,0,Approved
15767,1,all_other,0.1148,164.85,10.30895266,9.92,747,15692.0,452.0,90.4,0.0,0,0,1,Approved
15768,1,home_improvement,0.1218,333.0,11.35040654,0.52,712,5011.0,239.0,5.3,1.0,2,0,0,Approved
15769,1,educational,0.1114,229.63,10.55841352,1.53,772,1500.041667,777.0,4.8,0.0,0,0,0,Approved
15770,1,debt_consolidation,0.1565,587.77,11.28978191,23.65,672,1890.0,19333.0,61.2,2.0,0,0,0,Review
15771,1,debt_consolidation,0.1183,397.61,10.30895266,15.16,722,4472.041667,4893.0,58.2,0.0,0,1,0,Approved
15772,1,debt_consolidation,0.0705,92.7,10.71441777,7.44,772,4740.0,13440.0,38.6,1.0,0,0,0,Approved
15773,1,debt_consolidation,0.1218,666.0,11.22524339,6.96,732,8703.0,11522.0,46.1,0.0,1,0,0,Approved
15774,1,debt_consolidation,0.1565,349.87,11.32055357,22.23,662,6960.041667,35876.0,80.8,1.0,0,0,0,Review
15775,1,home_improvement,0.1496,277.16,11.35040654,17.34,667,3360.041667,8590.0,87.7,1.0,0,0,0,Review
15776,1,debt_consolidation,0.1287,319.52,10.75790288,12.28,697,2855.0,6696.0,47.8,1.0,1,0,0,Review
15777,1,all_other,0.0894,95.32,10.89673933,13.42,722,2610.041667,2541.0,11.1,2.0,0,0,0,Approved
15778,1,educational,0.1148,32.97,10.13459927,0.29,712,2610.041667,6.0,0.1,0.0,0,0,0,Approved
15779,1,all_other,0.1426,343.06,11.51292546,8.95,677,4758.0,1459.0,26.1,1.0,0,0,0,Review
15780,1,all_other,0.1114,164.02,10.84349481,13.31,772,4410.041667,63.0,0.5,1.0,0,0,0,Approved
15781,1,major_purchase,0.1357,163.05,12.4292162,0.89,682,2190.0,9299.0,67.4,2.0,0,0,0,Review
15782,1,all_other,0.1322,135.21,9.798127037,2.47,702,3000.041667,1291.0,47.8,0.0,0,0,0,Approved
15783,1,major_purchase,0.1392,238.96,11.08214255,9.47,682,2070.041667,400.0,44.4,0.0,0,0,0,Review
15784,1,all_other,0.0705,108.15,9.574983486,23.42,792,7980.0,12748.0,21,1.0,0,0,0,Approved
15785,1,debt_consolidation,0.1218,266.4,10.49127422,17.27,702,3990.0,7976.0,47.2,3.0,0,1,1,Approved
15786,1,debt_consolidation,0.0705,92.7,10.89673933,13.67,797,9930.041667,6015.0,43.9,1.0,0,0,0,Approved
15787,1,credit_card,0.0894,285.95,11.1123882,17.7,737,6970.041667,17870.0,42.8,1.0,0,0,0,Approved
15788,1,all_other,0.1253,60.24,10.57745191,11.9,682,5190.041667,2496.0,56.7,3.0,0,1,0,Review
15789,1,all_other,0.0859,252.89,11.2708539,8.09,772,4761.0,358.0,8.1,0.0,0,0,0,Approved
15790,1,debt_consolidation,0.1253,811.56,11.5228758,14.3,737,4500.041667,33098.0,83.8,0.0,0,0,0,Approved
15791,1,debt_consolidation,0.1183,397.61,10.4744671,5.69,722,5010.0,14406.0,67.6,1.0,0,0,1,Approved
15792,1,major_purchase,0.074,198.78,14.18015367,0,772,5071.0,2926.0,13,0.0,0,0,0,Approved
15793,1,all_other,0.1218,199.8,10.85013987,4.68,722,2040.041667,4342.0,46.2,0.0,0,0,0,Approved
15794,1,all_other,0.1496,277.16,11.08214255,6.65,662,1920.041667,7855.0,74.1,0.0,0,0,0,Review
15795,1,debt_consolidation,0.1426,171.53,10.59663473,1.65,682,1620.041667,5536.0,72.8,0.0,0,0,0,Review
15796,1,debt_consolidation,0.1148,799.49,12.20607265,5.18,777,12690.0,2574.0,7.5,3.0,0,0,0,Approved
15797,1,all_other,0.1148,725.31,11.40366848,0.56,802,3810.041667,2123.0,4.8,0.0,0,0,1,Approved
15798,1,all_other,0.1253,251.0,10.95080655,11.28,697,2880.0,4700.0,40.2,2.0,1,0,0,Review
15799,1,small_business,0.1739,179.24,11.2515607,23.19,687,9631.041667,35820.0,96.8,1.0,0,0,1,Review
15800,1,debt_consolidation,0.0859,316.11,10.70324447,3.42,752,5130.041667,6593.0,31.2,0.0,0,0,0,Approved
15801,1,debt_consolidation,0.1183,828.35,11.49272276,15.6,752,5130.041667,84110.0,55.3,0.0,0,0,0,Approved
15802,1,all_other,0.0705,92.7,10.858999,11.22,777,16652.0,14444.0,26.6,0.0,0,0,0,Approved
15803,1,debt_consolidation,0.1183,198.81,11.00141627,15.91,702,2970.041667,18549.0,43.6,0.0,0,0,0,Approved
15804,1,debt_consolidation,0.1183,662.68,11.33857208,14.67,747,6240.041667,8156.0,22,2.0,0,0,0,Approved
15805,1,debt_consolidation,0.1218,399.6,11.21182037,0.84,712,3450.041667,14615.0,70.9,2.0,0,0,0,Approved
15806,1,debt_consolidation,0.0894,413.03,10.93310697,16.76,752,5071.0,18266.0,48.6,0.0,0,0,0,Approved
15807,1,all_other,0.1183,198.81,10.02127059,4.48,747,3060.041667,2458.0,68.3,1.0,0,0,0,Approved
15808,1,all_other,0.1253,267.74,11.71993963,12.06,697,6510.0,37784.0,70.1,0.0,0,0,0,Review
15809,1,debt_consolidation,0.0774,249.75,10.30895266,12.52,792,4170.041667,4887.0,14.4,0.0,0,0,0,Approved
15810,1,debt_consolidation,0.0859,158.06,9.903487553,6.3,742,9210.041667,3406.0,9.8,1.0,0,1,0,Approved
15811,1,debt_consolidation,0.0859,205.47,10.30895266,12.28,742,3853.041667,29437.0,49.6,2.0,0,0,0,Approved
15812,1,debt_consolidation,0.1531,844.28,11.75587164,9.71,682,7140.041667,31525.0,75.8,0.0,0,0,0,Review
15813,1,debt_consolidation,0.1426,411.67,11.35040654,15.78,707,4530.041667,2335.0,97.3,3.0,0,0,1,Approved
15814,1,major_purchase,0.1114,164.02,10.55581274,2.84,712,4200.041667,2650.0,48.2,2.0,0,1,0,Approved
15815,1,all_other,0.0774,135.03,11.46507298,0.96,797,8490.041667,2792.0,5.4,1.0,0,0,0,Approved
15816,1,credit_card,0.1322,270.41,11.01862914,17.01,692,4020.0,10320.0,47.8,0.0,0,0,0,Review
15817,1,debt_consolidation,0.0894,381.26,10.55059289,0.94,797,11130.04167,201.0,0.5,1.0,0,0,0,Approved
15818,1,debt_consolidation,0.0859,316.11,11.54248427,15.22,752,4830.041667,7015.0,24.5,1.0,0,0,0,Approved
15819,1,all_other,0.1253,334.67,11.33857208,20.86,702,5640.041667,52537.0,48.9,1.0,0,0,0,Approved
15820,1,all_other,0.0774,183.41,12.82395734,0.3,807,9663.041667,6098.0,0,2.0,0,0,0,Approved
15821,1,debt_consolidation,0.1496,86.62,10.62132735,13.2,667,4020.0,1759.0,48.9,2.0,0,0,0,Review
15822,1,credit_card,0.1183,66.27,10.95954023,17.16,692,2070.0,10708.0,79.9,0.0,0,0,0,Review
15823,1,major_purchase,0.1426,343.06,11.66134547,15.74,677,4410.041667,29344.0,57.1,2.0,0,0,0,Review
15824,1,debt_consolidation,0.1148,461.56,10.91508846,6.2,727,2310.041667,12875.0,26.6,3.0,0,0,0,Approved
15825,1,debt_consolidation,0.0859,316.11,11.91839057,4.14,757,6180.0,82445.0,16.7,2.0,0,0,0,Approved
15826,1,debt_consolidation,0.1357,441.6,10.61643736,15.79,687,4770.0,17704.0,72.5,0.0,0,0,0,Review
15827,1,debt_consolidation,0.1392,102.42,10.49127422,8.77,682,1200.041667,8901.0,65.4,0.0,0,0,0,Review
15828,1,debt_consolidation,0.1287,184.99,9.169518377,4.75,692,6270.041667,253.0,3.2,0.0,0,0,0,Review
15829,1,debt_consolidation,0.06,380.27,11.35040654,9.98,677,5705.041667,10844.0,68.6,3.0,1,0,0,Review
15830,1,debt_consolidation,0.1148,164.85,11.42081018,3.54,712,5130.0,10842.0,25.7,1.0,0,1,0,Approved
15831,1,major_purchase,0.167,795.24,11.35040654,8.3,717,3180.0,11717.0,38.3,3.0,0,0,0,Approved
15832,1,all_other,0.1392,51.21,10.30895266,19.08,667,3300.041667,2603.0,44.1,3.0,0,0,0,Review
15833,1,debt_consolidation,0.1357,679.37,10.94022444,22.06,727,5981.041667,22969.0,23.8,0.0,0,0,0,Approved
15834,1,credit_card,0.1148,263.75,10.79345484,12.91,717,2280.041667,16275.0,49.2,0.0,0,0,0,Approved
15835,1,debt_consolidation,0.1114,393.65,10.71441777,23.2,772,3846.041667,3663.0,28.2,0.0,0,0,1,Approved
15836,1,credit_card,0.0894,108.03,10.25428526,20.24,777,7112.041667,3459.0,17.3,5.0,0,0,0,Approved
15837,1,all_other,0.1253,217.54,10.08580911,14.2,702,1800.0,1799.0,37.5,2.0,1,0,0,Approved
15838,1,debt_consolidation,0.0894,317.72,11.49272276,15.86,747,7230.0,32508.0,40.8,1.0,0,0,0,Approved
15839,1,debt_consolidation,0.0894,462.28,11.29488139,16.15,767,5130.0,23088.0,50.1,2.0,0,0,0,Approved
15840,1,small_business,0.1982,556.1,10.91508846,17.87,692,5422.0,10893.0,97.3,3.0,1,0,0,Review
15841,1,debt_consolidation,0.1357,679.37,11.51292546,9.8,702,4860.041667,27421.0,53.8,2.0,1,0,0,Approved
15842,1,all_other,0.0774,312.19,11.77528973,3.56,787,4230.041667,10184.0,26.9,1.0,0,0,0,Approved
15843,1,home_improvement,0.1253,502.0,11.33857208,10.13,712,5370.0,15690.0,52.1,0.0,0,0,1,Approved
15844,1,debt_consolidation,0.1322,456.31,10.9864446,9.3,692,6120.0,6702.0,56.3,1.0,0,0,0,Review
15845,1,small_business,0.1426,480.29,10.69194491,21.82,747,3661.0,14479.0,53.8,3.0,0,0,1,Approved
15846,1,debt_consolidation,0.1322,157.18,10.26370422,21.3,687,5970.041667,23810.0,73.7,0.0,0,0,0,Review
15847,1,debt_consolidation,0.1357,237.78,11.08214255,12.55,677,2640.041667,3964.0,55.8,1.0,0,0,0,Review
15848,1,all_other,0.1253,334.67,10.91508846,0.65,792,2311.041667,383.0,8.5,0.0,0,0,0,Approved
15849,1,debt_consolidation,0.1287,161.44,10.25765937,12.29,697,1950.041667,3647.0,93.5,1.0,0,0,0,Review
15850,1,all_other,0.1392,273.1,10.49127422,8.93,692,2940.041667,13568.0,75.4,3.0,0,0,0,Review
15851,1,debt_consolidation,0.1114,328.04,10.30895266,5.16,747,2706.041667,7656.0,38.1,4.0,0,0,0,Approved
15852,1,all_other,0.0774,280.97,11.23843599,11.84,772,7440.041667,9910.0,15.3,1.0,0,0,0,Approved
15853,1,credit_card,0.1322,507.01,11.77528973,8.36,697,9420.0,23494.0,46.3,0.0,3,1,0,Review
15854,1,all_other,0.1426,274.45,11.39075783,11.61,682,2610.041667,15514.0,77.2,0.0,0,0,1,Review
15855,1,small_business,0.1565,874.66,11.08214255,13.88,747,5370.0,22170.0,76.7,1.0,0,0,0,Approved
15856,1,debt_consolidation,0.0859,252.89,11.22524339,15.36,767,10380.04167,10624.0,19,0.0,0,0,0,Approved
15857,1,debt_consolidation,0.1218,532.8,11.15625052,23.82,717,4710.0,15458.0,62.8,0.0,0,0,0,Approved
15858,1,credit_card,0.1183,662.68,11.94470788,22.64,737,13020.04167,32654.0,39.2,2.0,0,0,0,Approved
15859,1,debt_consolidation,0.1218,832.5,10.75790288,16.67,752,3540.0,23602.0,58.1,4.0,0,0,0,Approved
15860,1,debt_consolidation,0.1183,198.81,11.28978191,8.89,707,5070.0,12757.0,31.1,0.0,0,1,0,Approved
15861,1,debt_consolidation,0.1114,328.04,10.39145388,19.93,782,14130.0,13952.0,23.1,0.0,0,0,0,Approved
15862,1,debt_consolidation,0.1461,172.38,10.40329267,16.74,667,2280.041667,4925.0,40,2.0,0,0,0,Review
15863,1,major_purchase,0.1322,287.31,9.798127037,13.67,682,1894.041667,4867.0,46.4,0.0,0,0,1,Review
15864,1,home_improvement,0.0894,142.98,11.07069263,7.53,787,3691.041667,858.0,4.4,4.0,0,0,0,Approved
15865,1,all_other,0.074,83.86,9.392661929,9.6,757,2250.041667,1158.0,18.7,2.0,0,0,0,Approved
15866,1,all_other,0.1148,164.85,10.30895266,16.4,782,5910.041667,1149.0,23.9,0.0,0,0,0,Approved
15867,1,debt_consolidation,0.1218,333.0,11.0744205,18.7,707,3637.0,33878.0,79,3.0,0,0,0,Approved
15868,1,debt_consolidation,0.1183,381.04,10.60903256,15.7,722,9870.0,19036.0,82.4,0.0,0,0,0,Approved
15869,1,small_business,0.2121,491.2,11.95761129,10.45,667,3538.0,14718.0,40.4,1.0,0,0,0,Review
15870,1,debt_consolidation,0.1218,266.4,10.59663473,19.32,707,2220.041667,2707.0,31.5,0.0,0,0,0,Approved
15871,1,small_business,0.1531,522.23,10.81977828,5.26,727,12690.0,8394.0,79.2,3.0,0,0,1,Approved
15872,1,all_other,0.1357,118.89,11.03488966,8.05,687,4320.0,450.0,26.5,0.0,1,0,0,Review
15873,1,major_purchase,0.1392,136.55,10.66895539,18.45,672,5940.041667,7094.0,51.4,0.0,0,0,0,Review
15874,1,debt_consolidation,0.1635,565.27,12.14950229,18.76,662,7140.041667,31742.0,84.4,0.0,1,0,0,Review
15875,1,educational,0.1218,432.9,11.15625052,3.36,717,5070.0,8535.0,50.8,0.0,1,0,0,Approved
15876,1,debt_consolidation,0.1253,585.67,10.69194491,21.63,717,3690.041667,20010.0,85.1,0.0,0,0,0,Approved
15877,1,debt_consolidation,0.0894,349.49,10.30949651,19.02,742,3122.041667,14304.0,23.9,0.0,0,0,0,Approved
15878,1,debt_consolidation,0.1322,84.51,10.54534144,15.6,692,15360.04167,3777.0,35,2.0,0,0,0,Review
15879,1,debt_consolidation,0.0859,221.28,10.6454249,17.26,737,2250.041667,1211.0,18.9,1.0,0,0,0,Approved
15880,1,all_other,0.1114,82.01,10.1266311,7.58,707,3270.0,7090.0,73.1,0.0,0,0,0,Approved
15881,1,debt_consolidation,0.0774,280.97,10.42263843,15.1,782,10770.04167,8880.0,17,0.0,0,0,1,Approved
15882,1,all_other,0.1218,186.48,9.392661929,6,727,1198.041667,843.0,31.2,0.0,0,0,0,Approved
15883,1,debt_consolidation,0.1496,173.23,10.77895629,13.68,692,4920.041667,9138.0,41.3,0.0,0,0,1,Review
15884,1,debt_consolidation,0.1322,270.41,10.46310334,9.02,682,2280.041667,7844.0,84.3,1.0,0,0,0,Review
15885,1,credit_card,0.0894,190.63,10.6454249,18.23,722,5850.0,4836.0,62,3.0,0,0,0,Approved
15886,1,major_purchase,0.1218,266.4,10.71441777,0.8,747,4770.0,150.0,10,2.0,0,0,0,Approved
15887,1,debt_consolidation,0.16,682.06,11.77528973,12.6,672,4771.041667,8907.0,26.7,3.0,1,0,0,Review
15888,1,debt_consolidation,0.1218,666.0,11.00209984,24.86,727,5190.041667,38980.0,69.2,0.0,0,0,0,Approved
15889,1,debt_consolidation,0.1496,866.16,11.51292546,17.24,702,4170.041667,30438.0,79.4,0.0,0,0,0,Approved
15890,1,small_business,0.1635,847.9,11.91839057,14.45,717,1904.041667,3539.0,36.5,1.0,0,0,1,Approved
15891,1,debt_consolidation,0.0859,316.11,10.54534144,23.34,752,3302.0,9527.0,44.7,0.0,0,0,0,Approved
15892,1,credit_card,0.1148,263.75,11.03488966,18.66,722,3300.0,17559.0,49.9,0.0,0,0,0,Approved
15893,1,debt_consolidation,0.1114,492.06,10.82972862,20.29,757,3270.0,22458.0,37,0.0,0,0,0,Approved
15894,1,debt_consolidation,0.1114,328.04,11.00209984,17.18,732,3900.0,12581.0,67.3,1.0,0,0,0,Approved
15895,1,all_other,0.0894,222.41,11.69524702,9.44,727,4020.0,7124.0,31,0.0,0,0,0,Approved
15896,1,major_purchase,0.1392,102.42,11.04292184,4.63,667,7500.041667,900.0,19.6,2.0,0,0,1,Review
15897,1,small_business,0.1565,874.66,11.73606902,0.04,762,7170.0,2668.0,76.2,1.0,0,0,0,Approved
15898,1,debt_consolidation,0.1253,602.4,11.35040654,18.96,727,6510.0,59861.0,92.2,0.0,0,0,0,Approved
15899,1,home_improvement,0.0774,140.49,11.1927202,17.85,757,8465.041667,20362.0,19.6,0.0,1,0,0,Approved
15900,1,debt_consolidation,0.1287,840.83,11.33857208,8.64,712,3811.041667,29535.0,75.7,0.0,0,0,0,Approved
15901,1,credit_card,0.0774,202.93,10.30895266,17.68,752,6090.0,4301.0,37.7,0.0,0,0,0,Approved
15902,1,small_business,0.167,532.53,11.22524339,20.4,697,3749.041667,25417.0,83.1,0.0,0,0,0,Review
15903,1,debt_consolidation,0.1635,229.64,11.08214255,11.41,672,2970.041667,7453.0,95.6,0.0,0,1,0,Review
15904,1,credit_card,0.1322,540.81,11.29836745,19.91,707,6332.041667,15171.0,36.1,0.0,1,0,0,Approved
15905,1,debt_consolidation,0.0894,476.58,10.04498711,10.1,772,5640.041667,8264.0,23.7,0.0,0,0,0,Approved
15906,1,all_other,0.074,155.3,10.81977828,3.17,792,7470.041667,4432.0,6.8,0.0,0,0,0,Approved
15907,1,debt_consolidation,0.1531,696.31,11.69524702,9.1,682,4800.041667,20249.0,93.3,0.0,0,0,0,Review
15908,1,debt_consolidation,0.1322,676.02,11.08980542,9.07,707,3060.041667,15389.0,81,0.0,0,0,0,Approved
15909,1,all_other,0.0894,95.32,12.07254125,17.22,722,7050.041667,72814.0,56,1.0,0,0,0,Approved
15910,1,debt_consolidation,0.1183,497.01,11.00209984,10.44,732,3241.0,5011.0,38.5,0.0,0,0,0,Approved
15911,1,all_other,0.0774,168.59,10.42228135,23.88,747,2490.0,2534.0,22.2,2.0,0,0,0,Approved
15912,1,major_purchase,0.1148,79.13,10.40411131,21.49,717,1472.0,3992.0,67.7,0.0,0,0,0,Approved
15913,1,major_purchase,0.0774,124.88,11.26446411,7.17,792,6360.041667,168.0,0.7,0.0,0,0,0,Approved
15914,1,all_other,0.1253,40.16,9.655026193,23.69,707,2580.041667,7826.0,70.5,1.0,0,0,0,Approved
15915,1,major_purchase,0.074,62.12,10.91508846,1.88,767,5671.041667,2796.0,9.3,1.0,0,0,0,Approved
15916,1,credit_card,0.16,773.47,11.9511804,19.9,697,7410.041667,72951.0,97.7,0.0,0,0,0,Review
15917,1,debt_consolidation,0.1183,546.71,10.96337634,17.44,727,4890.041667,24351.0,66.2,1.0,0,0,0,Approved
15918,1,debt_consolidation,0.1287,403.6,11.00209984,12.48,692,1860.041667,12558.0,62.2,1.0,0,0,0,Review
15919,1,home_improvement,0.1114,492.06,11.98292909,8.75,772,5640.041667,6065.0,41.6,4.0,0,0,0,Approved
15920,1,debt_consolidation,0.0859,278.17,11.10495723,14.29,767,5160.041667,12657.0,8.6,1.0,0,0,0,Approved
15921,1,home_improvement,0.0774,312.19,11.12726298,1.71,802,7440.041667,6077.0,24.6,0.0,0,0,0,Approved
15922,1,credit_card,0.1148,428.59,11.51292546,5.24,732,4020.0,27294.0,44.8,0.0,0,0,0,Approved
15923,1,debt_consolidation,0.1565,419.84,12.15477935,8.21,672,3630.0,33266.0,92.9,0.0,0,0,0,Review
15924,1,major_purchase,0.1357,326.1,10.24281286,4.66,682,2280.041667,3288.0,35,1.0,0,0,0,Review
15925,1,all_other,0.1114,183.7,11.15625052,13.37,722,3630.0,436.0,7.4,0.0,0,0,0,Approved
15926,1,all_other,0.1392,153.62,10.30895266,24.6,672,2582.041667,1355.0,36.6,2.0,0,0,0,Review
15927,1,debt_consolidation,0.0859,193.62,11.02451344,10.21,747,3330.041667,6775.0,22,0.0,0,0,0,Approved
15928,1,credit_card,0.0894,349.49,10.82774645,22.38,762,9539.041667,8694.0,54,4.0,0,0,0,Approved
15929,1,credit_card,0.1322,302.52,10.57131693,22.12,682,7560.0,18610.0,40,0.0,0,0,1,Review
15930,1,debt_consolidation,0.1287,504.5,11.52698615,14.07,702,5430.0,18213.0,55.5,0.0,1,0,0,Approved
15931,1,credit_card,0.1287,403.6,11.1188453,7.15,697,8100.041667,14079.0,70,0.0,0,0,0,Review
15932,1,debt_consolidation,0.167,142.01,9.574983486,0,662,1800.0,0.0,0,0.0,4,0,0,Review
15933,1,home_improvement,0.1114,426.45,11.77528973,12.15,747,9510.0,35398.0,70.5,0.0,0,0,0,Approved
15934,1,debt_consolidation,0.1357,339.69,10.91508846,18.22,682,4440.041667,16121.0,39.1,0.0,0,0,1,Review
15935,1,credit_card,0.1183,497.01,11.08214255,13.79,722,4710.0,9941.0,45.4,0.0,0,0,0,Approved
15936,1,debt_consolidation,0.1565,279.89,10.75149944,15.52,662,4110.041667,11310.0,63.5,2.0,0,0,0,Review
15937,1,debt_consolidation,0.1183,265.08,10.81154448,10.79,707,4320.0,2843.0,26.1,2.0,1,0,1,Approved
15938,1,educational,0.1183,258.45,11.35927299,8.82,757,2973.041667,3811.0,5.8,0.0,0,0,0,Approved
15939,1,debt_consolidation,0.1287,210.21,10.27505111,23.26,692,3780.041667,12082.0,82.2,1.0,1,0,1,Review
15940,1,debt_consolidation,0.1322,270.41,10.26813067,14.92,697,2913.0,7054.0,91.6,0.0,0,0,0,Review
15941,1,all_other,0.0774,46.83,11.15008872,4.36,737,2880.0,1991.0,28.9,1.0,0,0,0,Approved
15942,1,debt_consolidation,0.1426,240.15,11.08214255,11.13,672,3360.041667,6227.0,89,1.0,0,0,0,Review
15943,1,all_other,0.1183,198.81,11.45924237,5.38,707,3720.041667,1839.0,13.3,0.0,1,0,0,Approved
15944,1,all_other,0.0859,252.89,10.75790288,9.45,752,6540.0,10887.0,41.4,2.0,0,0,0,Approved
15945,1,small_business,0.167,275.14,10.16585182,19.52,697,1650.041667,10634.0,71.5,0.0,0,0,1,Review
15946,1,all_other,0.1253,334.67,9.980448594,4.72,727,1200.041667,2638.0,11.5,2.0,0,0,0,Approved
15947,1,debt_consolidation,0.1496,467.71,11.46813728,16.49,692,5910.041667,21881.0,96.4,1.0,0,0,0,Review
15948,1,all_other,0.0894,47.66,10.59663473,9.6,712,2610.041667,193.0,7.4,0.0,0,0,1,Approved
15949,1,debt_consolidation,0.1253,811.56,11.8493977,20.28,722,5400.0,60713.0,62.5,1.0,0,0,0,Approved
15950,1,debt_consolidation,0.1287,285.89,10.61043901,10.36,687,2760.041667,3934.0,52.5,1.0,0,1,0,Review
15951,1,debt_consolidation,0.0894,406.68,10.4341158,0.18,817,5432.0,306.0,0.5,0.0,0,0,0,Approved
15952,1,all_other,0.1253,133.87,10.55581274,22.31,707,1440.0,3122.0,56.8,0.0,0,0,0,Approved
15953,1,credit_card,0.1218,283.05,10.79957558,7.08,707,3210.0,7679.0,80,0.0,0,0,0,Approved
15954,1,all_other,0.1114,328.04,11.8493977,8.1,742,5040.0,17930.0,0,3.0,0,0,0,Approved
15955,1,all_other,0.1114,131.22,11.05089001,10.29,717,4320.0,2787.0,30.3,3.0,0,0,0,Approved
15956,1,small_business,0.1635,482.25,10.40426284,7.89,702,3510.041667,11209.0,66.7,1.0,0,0,1,Approved
15957,1,home_improvement,0.1392,512.06,11.53329656,13.1,682,11550.0,8785.0,37.4,1.0,0,0,0,Review
15958,1,debt_consolidation,0.0894,95.32,10.6454249,10.29,717,2220.041667,6349.0,31.6,0.0,0,0,0,Approved
15959,1,debt_consolidation,0.0894,127.09,10.49127422,2.77,762,2700.041667,3969.0,19.7,0.0,0,0,0,Approved
15960,1,all_other,0.1287,67.27,10.54534144,17.21,677,2580.0,2360.0,59,0.0,3,0,0,Review
15961,1,debt_consolidation,0.1322,676.02,11.48612964,23.86,707,5090.0,27879.0,78.3,1.0,0,0,0,Approved
15962,1,home_improvement,0.1461,517.13,11.95761129,7.83,682,5730.0,6618.0,30.5,2.0,0,0,0,Review
15963,1,credit_card,0.0894,190.63,11.34568955,0,737,2166.0,0.0,0,1.0,0,0,0,Approved
15964,1,debt_consolidation,0.0774,312.19,11.35040654,0.17,777,6570.0,2994.0,9.5,0.0,0,0,0,Approved
15965,1,debt_consolidation,0.1322,338.01,10.59663473,15.21,692,2100.0,9538.0,43.8,0.0,0,0,0,Review
15966,1,home_improvement,0.1183,828.35,11.88446833,5.54,777,10290.04167,311.0,0.4,1.0,0,0,0,Approved
15967,1,credit_card,0.0859,316.11,11.49799455,4.46,757,5282.041667,37334.0,55.4,0.0,0,0,0,Approved
15968,1,debt_consolidation,0.1218,199.8,10.96819829,13.9,727,4740.0,4563.0,67.1,0.0,0,0,0,Approved
15969,1,small_business,0.1774,612.36,11.07906088,14.13,687,5749.0,20429.0,66.1,2.0,0,0,1,Review
15970,1,all_other,0.1392,119.48,10.30895266,5.36,692,2671.041667,3162.0,73.5,1.0,0,0,0,Review
15971,1,all_other,0.0894,444.81,11.76107378,4.48,757,6198.0,5615.0,8.9,0.0,0,0,0,Approved
15972,1,credit_card,0.1461,861.88,11.53718872,17.76,707,8910.041667,25478.0,65.3,0.0,1,0,0,Approved
15973,1,debt_consolidation,0.1148,296.72,10.37349118,11.36,747,3720.041667,16021.0,30.6,1.0,0,0,1,Approved
15974,1,all_other,0.0859,158.06,10.99406767,20.32,742,3990.0,6673.0,32.4,0.0,0,0,0,Approved
15975,1,debt_consolidation,0.1531,188.01,9.798127037,11.33,677,1710.0,3600.0,94.7,0.0,0,0,0,Review
15976,1,debt_consolidation,0.1218,832.5,13.47019937,2.26,747,5880.041667,24361.0,84.3,0.0,0,0,0,Approved
15977,1,debt_consolidation,0.1287,168.17,10.42228135,13.14,702,7710.041667,11154.0,86.5,1.0,0,1,0,Approved
15978,1,home_improvement,0.074,62.12,10.69194491,4.53,787,4770.0,706.0,1.4,1.0,0,0,0,Approved
15979,1,major_purchase,0.0774,124.88,10.25765937,17.64,767,5610.041667,611.0,6.9,1.0,0,0,0,Approved
15980,1,home_improvement,0.0894,190.63,10.81977828,15.7,737,3120.041667,55.0,0.6,3.0,0,0,1,Approved
15981,1,credit_card,0.0788,206.45,11.1844214,9.62,732,5132.0,11589.0,20.8,0.0,1,0,0,Approved
15982,1,debt_consolidation,0.1531,217.6,10.1266311,13.73,712,3510.041667,1988.0,99.4,0.0,0,0,0,Approved
15983,1,all_other,0.0859,158.06,11.00209984,22.08,772,6060.041667,2930.0,20.1,5.0,0,0,0,Approved
15984,1,debt_consolidation,0.1357,475.56,10.77895629,8.8,702,5700.041667,11284.0,94.8,0.0,0,0,0,Approved
15985,1,debt_consolidation,0.1148,824.22,11.28978191,9.9,777,6120.0,30928.0,63,2.0,0,0,0,Approved
15986,1,debt_consolidation,0.1287,201.8,10.59663473,3.45,697,1590.041667,3733.0,58.3,2.0,0,0,0,Review
15987,1,debt_consolidation,0.0894,305.01,10.87804719,18.41,742,4050.041667,9571.0,31.1,3.0,1,0,0,Approved
15988,1,all_other,0.0859,252.89,10.54534144,0.95,812,9780.0,255.0,0.6,1.0,0,0,0,Approved
15989,1,home_improvement,0.0894,317.72,11.08214255,15.05,742,6660.041667,37471.0,61.9,1.0,0,0,0,Approved
15990,1,credit_card,0.1459,413.58,11.72803684,15.36,672,7610.0,30232.0,67.3,0.0,2,0,0,Review
15991,1,home_improvement,0.1392,827.82,11.77528973,2.06,757,9810.0,6834.0,30.4,5.0,0,0,1,Approved
15992,1,all_other,0.0894,317.72,11.0744205,10.33,742,3630.0,14880.0,58,2.0,0,0,0,Approved
15993,1,all_other,0.1253,267.74,11.05089001,1.81,697,3630.0,4676.0,47.2,1.0,0,0,0,Review
15994,1,debt_consolidation,0.1218,479.52,10.23995979,0,787,4860.041667,0.0,0,3.0,0,0,0,Approved
15995,1,debt_consolidation,0.1114,295.24,10.89673933,17.47,732,7140.041667,19109.0,38,2.0,0,0,0,Approved
15996,1,home_improvement,0.0894,133.45,11.40756495,19.24,727,4200.041667,15366.0,50.9,3.0,0,0,0,Approved
15997,1,all_other,0.0894,285.95,10.69194491,8.97,747,3907.041667,4051.0,13.6,1.0,0,0,0,Approved
15998,1,all_other,0.1426,171.53,11.60823564,17.64,667,5340.041667,54165.0,75,1.0,1,0,0,Review
15999,1,home_improvement,0.1322,169.01,11.60823564,15.4,692,3842.041667,53761.0,92.1,2.0,0,0,1,Review
16000,1,all_other,0.1426,222.99,9.980448594,15.17,707,1470.0,1855.0,23.2,0.0,0,0,0,Approved
16001,1,major_purchase,0.0894,317.72,10.87804719,13.09,737,2280.041667,3706.0,11.2,1.0,0,0,0,Approved
16002,1,debt_consolidation,0.1322,253.51,11.5228758,22.22,687,6840.0,33465.0,89.3,2.0,0,0,0,Review
16003,1,debt_consolidation,0.1114,32.81,9.169518377,4.38,747,1260.041667,486.0,21,0.0,0,0,0,Approved
16004,1,debt_consolidation,0.1148,501.13,10.77895629,24.13,757,8043.0,6212.0,49.7,2.0,0,0,0,Approved
16005,1,debt_consolidation,0.0859,316.11,10.95960979,8.31,757,8430.041667,20627.0,21.9,0.0,0,0,0,Approved
16006,1,debt_consolidation,0.1496,259.84,10.13459927,5.38,687,1140.041667,5385.0,58.5,1.0,0,0,0,Review
16007,1,all_other,0.1426,411.67,10.3859137,5.33,692,1288.041667,5917.0,61,3.0,0,0,0,Review
16008,1,debt_consolidation,0.1774,144.09,10.71441777,14.04,667,3264.0,3082.0,99.4,0.0,0,0,0,Review
16009,1,all_other,0.0894,540.12,11.69524702,2.19,777,4020.0,63646.0,9.8,1.0,0,0,0,Approved
16010,1,debt_consolidation,0.1218,807.53,11.57988293,17.65,742,9360.0,81940.0,35.3,0.0,0,0,0,Approved
16011,1,debt_consolidation,0.1114,278.83,10.25765937,24.63,727,8010.0,9193.0,28.5,0.0,0,0,0,Approved
16012,1,small_business,0.1496,866.13,11.43171541,0.47,772,4410.041667,3910.0,6.5,3.0,0,0,0,Approved
16013,1,debt_consolidation,0.0894,324.07,10.91508846,8.47,737,5730.0,13041.0,39,1.0,0,0,0,Approved
16014,1,credit_card,0.1114,472.38,12.20607265,9.68,737,7627.0,29411.0,59.3,3.0,0,0,0,Approved
16015,1,small_business,0.1531,678.9,11.40756495,15.89,792,16350.0,34039.0,1.6,4.0,0,0,0,Approved
16016,1,debt_consolidation,0.0774,109.27,11.08214255,9.42,742,2790.0,2087.0,9.8,0.0,0,0,0,Approved
16017,1,debt_consolidation,0.1392,136.55,10.71441777,15.76,672,5130.0,4007.0,54.9,1.0,0,0,0,Review
16018,1,debt_consolidation,0.1114,367.4,10.46310334,10.8,732,3810.041667,10631.0,36.9,3.0,0,0,1,Approved
16019,1,all_other,0.1253,240.96,10.62132735,13.61,722,2670.041667,8250.0,93.7,2.0,0,0,0,Approved
16020,1,credit_card,0.1183,397.61,10.71441777,20.69,737,3420.041667,9078.0,68.8,0.0,0,0,0,Approved
16021,1,credit_card,0.1183,99.41,10.96819829,19.31,697,6450.0,13660.0,79,1.0,0,0,0,Review
16022,1,credit_card,0.1253,585.67,10.52492389,20.85,722,4953.041667,15859.0,78.6,0.0,0,0,0,Approved
16023,1,credit_card,0.1114,196.83,10.59663473,24.1,717,4740.0,4136.0,52.4,0.0,0,0,0,Approved
16024,1,small_business,0.167,532.53,11.00584283,2.11,742,1261.041667,4949.0,0,1.0,0,0,1,Approved
16025,1,all_other,0.0894,103.26,10.71441777,6.13,747,2043.041667,4708.0,43.2,1.0,0,0,1,Approved
16026,1,debt_consolidation,0.1218,199.8,10.08580911,9.65,747,3690.041667,3380.0,31.9,4.0,0,0,1,Approved
16027,1,debt_consolidation,0.1385,818.5,10.66895539,13.7,722,9600.041667,12606.0,88.2,0.0,0,0,0,Approved
16028,1,all_other,0.0774,93.66,10.08580911,24.55,742,5220.041667,20594.0,38.3,0.0,0,0,0,Approved
16029,1,home_improvement,0.1114,393.65,11.42954386,12.52,752,4920.041667,25245.0,53.3,4.0,0,0,0,Approved
16030,1,debt_consolidation,0.1357,305.72,10.41331268,11.14,682,3930.0,3279.0,41,0.0,0,0,0,Review
16031,1,all_other,0.1426,102.92,9.729134165,12.21,672,3660.0,1772.0,73.8,0.0,0,0,0,Review
16032,1,small_business,0.167,168.64,10.34817337,18.27,687,1633.041667,14940.0,40.8,0.0,0,0,1,Review
16033,1,home_improvement,0.0894,305.01,11.22524339,18.19,742,4981.0,11361.0,35,2.0,1,0,0,Approved
16034,1,debt_consolidation,0.1531,348.16,10.42821608,15.02,667,2370.041667,8556.0,44.3,1.0,0,0,0,Review
16035,1,credit_card,0.0894,476.58,11.53272809,7.31,797,7260.0,19412.0,32.5,0.0,0,0,0,Approved
16036,1,credit_card,0.1426,483.72,10.858999,20.91,722,6360.041667,42613.0,98.4,1.0,0,0,1,Approved
16037,1,debt_consolidation,0.0894,158.86,10.34174248,16.41,727,3330.041667,1877.0,10.3,1.0,0,0,0,Approved
16038,1,credit_card,0.1426,274.45,11.15625052,18.48,672,6540.0,7862.0,71.5,0.0,0,0,0,Review
16039,1,debt_consolidation,0.0859,173.86,10.91508846,14.97,742,6990.041667,11484.0,12.5,0.0,1,0,0,Approved
16040,1,debt_consolidation,0.1322,676.02,10.81977828,10.44,712,5520.0,22576.0,82.7,3.0,0,0,0,Approved
16041,1,debt_consolidation,0.1218,666.0,11.01862914,12.96,727,4774.041667,28404.0,74.7,1.0,0,0,0,Approved
16042,1,home_improvement,0.1287,282.52,11.75194237,16.36,687,3540.0,26040.0,60.8,1.0,0,0,0,Review
16043,1,all_other,0.1253,502.0,11.02026715,16.56,712,2190.0,8109.0,59.6,0.0,0,0,0,Approved
16044,1,debt_consolidation,0.1357,441.6,10.42821608,21.76,692,6780.041667,24127.0,70.5,3.0,0,0,0,Review
16045,1,major_purchase,0.1531,389.94,10.66914142,21.85,667,2779.041667,10677.0,55,1.0,0,0,0,Review
16046,1,debt_consolidation,0.1322,540.81,11.11266399,11.94,702,5040.0,13264.0,62.3,1.0,0,0,0,Approved
16047,1,major_purchase,0.1322,331.25,10.98189713,5.88,687,2675.041667,9972.0,35.9,3.0,0,1,0,Review
16048,1,educational,0.1148,280.24,9.862665558,14.06,717,2850.0,3317.0,62.6,0.0,0,0,0,Approved
16049,1,debt_consolidation,0.0859,221.28,11.51292546,11.18,737,6420.041667,73196.0,16.6,2.0,0,0,0,Approved
16050,1,debt_consolidation,0.1531,334.23,10.83958091,5.81,662,1920.041667,3125.0,32.6,0.0,2,0,0,Review
16051,1,major_purchase,0.074,124.24,10.49127422,10.43,777,3450.041667,2063.0,12.1,0.0,0,0,0,Approved
16052,1,credit_card,0.1461,86.19,11.08214132,15.23,662,3990.0,4763.0,78.1,2.0,0,1,0,Review
16053,1,debt_consolidation,0.1531,557.05,11.15625052,20.64,677,1800.0,11725.0,54.8,1.0,0,0,1,Review
16054,1,major_purchase,0.0859,221.28,10.91508846,6.09,757,3667.0,4360.0,29.3,0.0,0,0,0,Approved
16055,1,debt_consolidation,0.1565,699.73,10.95954023,4.88,682,3150.041667,8436.0,87.9,0.0,0,0,0,Review
16056,1,debt_consolidation,0.1426,205.84,11.21946674,14.05,667,9240.041667,3407.0,48.7,2.0,5,0,0,Review
16057,1,debt_consolidation,0.16,506.27,11.31938926,12.74,662,4710.0,35174.0,69.4,3.0,0,0,0,Review
16058,1,small_business,0.1947,184.49,11.69524702,9.35,707,4260.0,2379.0,40.3,1.0,0,0,0,Approved
16059,1,debt_consolidation,0.1148,329.69,10.74194646,9.75,717,4500.041667,8368.0,66.9,1.0,0,0,0,Approved
16060,1,debt_consolidation,0.1253,502.0,10.46310334,12.03,707,4680.0,11197.0,53.3,0.0,0,1,0,Approved
16061,1,all_other,0.0859,94.84,11.25480219,15.92,727,4290.0,16116.0,67.7,2.0,0,0,0,Approved
16062,1,debt_consolidation,0.1392,477.92,11.21182037,21.91,682,7000.041667,14200.0,42.8,1.0,2,0,0,Review
16063,1,all_other,0.1148,395.63,11.69524702,1.01,772,3570.0,1957.0,12.1,1.0,0,0,0,Approved
16064,1,debt_consolidation,0.1218,176.49,11.01224817,20.73,697,4440.041667,13313.0,31.3,0.0,0,0,0,Review
16065,1,all_other,0.1878,803.99,10.55581274,9.69,662,1290.041667,12863.0,37.9,1.0,0,0,0,Review
16066,1,debt_consolidation,0.1426,754.73,11.00209984,21.34,702,3360.041667,35236.0,69.1,2.0,0,0,0,Approved
16067,1,debt_consolidation,0.1183,157.39,10.49127422,21.8,702,2130.0,28450.0,75.7,2.0,0,0,0,Approved
16068,1,all_other,0.1183,331.34,10.7623822,9.66,792,9990.041667,444.0,0.9,3.0,0,0,0,Approved
16069,1,debt_consolidation,0.1253,381.52,10.95080655,13.64,702,3780.041667,18252.0,60.8,1.0,0,0,0,Approved
16070,1,home_improvement,0.1253,811.56,12.32385568,12.7,727,9000.0,121563.0,26.6,1.0,0,0,0,Approved
16071,1,all_other,0.1287,50.45,11.00209984,8.52,677,8820.041667,1506.0,37.6,0.0,2,0,0,Review
16072,1,credit_card,0.1183,99.41,11.32659589,11.71,697,7920.0,17900.0,64.9,1.0,0,0,0,Review
16073,1,home_improvement,0.1253,585.67,11.21182037,23.35,727,5820.0,13042.0,52.2,0.0,0,0,0,Approved
16074,1,credit_card,0.1496,242.52,11.26446411,2.64,667,3660.0,54727.0,89.2,0.0,0,0,0,Review
16075,1,debt_consolidation,0.074,46.59,10.54534144,0.69,747,2640.041667,1125.0,16.5,1.0,0,0,0,Approved
16076,1,major_purchase,0.074,93.18,10.1266311,6.91,752,2250.041667,446.0,17.2,0.0,0,0,0,Approved
16077,1,credit_card,0.1183,497.01,10.6454249,14.2,727,6841.0,10894.0,39.6,0.0,0,1,0,Approved
16078,1,debt_consolidation,0.1287,252.25,10.6454249,8.31,687,3000.041667,8091.0,30.9,1.0,0,0,0,Review
16079,1,debt_consolidation,0.1148,197.82,10.46310334,15.67,717,11160.04167,6433.0,48.7,1.0,0,0,0,Approved
16080,1,major_purchase,0.0859,237.08,11.08214255,19.88,767,4440.041667,5720.0,11,0.0,0,0,0,Approved
16081,1,debt_consolidation,0.1878,913.63,11.46163217,18.18,667,5160.0,15109.0,77.9,1.0,0,0,0,Review
16082,1,credit_card,0.1253,93.71,10.77895629,23.23,682,4770.0,30423.0,66.3,1.0,0,1,0,Review
16083,1,debt_consolidation,0.1148,791.25,11.51292546,12.68,792,6780.041667,23092.0,25.7,0.0,0,0,0,Approved
16084,1,all_other,0.1148,329.69,10.70987413,14.79,727,3030.041667,16077.0,54.9,0.0,0,0,0,Approved
16085,1,debt_consolidation,0.1496,291.02,10.39690249,13.92,667,5370.0,9713.0,63.5,1.0,1,0,0,Review
16086,1,credit_card,0.1392,751.02,11.22524339,23.92,707,4699.0,13236.0,61.3,0.0,0,0,0,Approved
16087,1,all_other,0.1114,164.02,10.08580911,3.3,717,1860.041667,1124.0,9.7,1.0,0,0,0,Approved
16088,1,debt_consolidation,0.0859,189.67,11.28978191,22.52,742,5310.041667,3676.0,10.2,1.0,0,0,0,Approved
16089,1,debt_consolidation,0.1218,807.53,11.00209984,21.9,742,8617.041667,100842.0,34.4,1.0,0,0,0,Approved
16090,1,all_other,0.1287,336.34,10.79949394,21.97,697,4560.041667,22259.0,66.8,0.0,0,0,0,Review
16091,1,debt_consolidation,0.1357,101.91,11.15625052,5.69,672,6770.041667,3275.0,21,1.0,3,0,0,Review
16092,1,debt_consolidation,0.1025,442.06,10.73116563,13.98,727,4813.0,22837.0,79.3,0.0,0,0,0,Approved
16093,1,credit_card,0.1025,518.16,11.1844214,4.93,752,5909.0,3252.0,25,1.0,0,0,0,Approved
16094,1,debt_consolidation,0.1099,695.63,10.75900865,17.93,722,3181.041667,26636.0,61.6,1.0,0,0,0,Approved
16095,1,debt_consolidation,0.1114,518.3,11.51292546,21.88,747,4620.0,29860.0,47.6,0.0,0,0,0,Approved
16096,1,debt_consolidation,0.1183,803.5,12.03171926,11.42,762,5343.041667,55622.0,39.5,0.0,0,0,0,Approved
16097,1,debt_consolidation,0.0894,444.81,11.69524702,15.8,762,4770.0,60767.0,80.4,0.0,0,0,0,Approved
16098,1,debt_consolidation,0.1287,403.6,10.37349118,21.68,737,4559.041667,7370.0,85.7,1.0,0,0,1,Approved
16099,1,all_other,0.1809,253.37,10.62132735,7.52,692,2430.0,8959.0,97.4,1.0,0,0,0,Review
16100,1,debt_consolidation,0.1253,167.34,10.52674861,21.49,707,4590.041667,0.0,0,0.0,0,0,1,Approved
16101,1,debt_consolidation,0.0894,317.72,13.54370183,1.69,752,3570.0,10490.0,41,0.0,0,0,0,Approved
16102,1,all_other,0.1253,836.66,11.60827201,10.97,732,5611.041667,33383.0,63.2,1.0,0,0,0,Approved
16103,1,all_other,0.0894,190.63,11.56171563,10.42,727,4560.041667,10465.0,44,0.0,0,0,1,Approved
16104,1,all_other,0.074,77.65,10.1266311,20.02,762,3301.0,11873.0,14.7,0.0,0,0,0,Approved
16105,1,debt_consolidation,0.1357,339.69,11.01862914,21.52,687,5190.041667,10046.0,46.3,0.0,0,0,0,Review
16106,1,all_other,0.0774,202.93,11.1927202,13.72,757,3690.041667,10257.0,24,0.0,0,0,0,Approved
16107,1,credit_card,0.1218,599.4,11.44035477,10.61,722,4491.041667,28960.0,22.2,1.0,0,0,0,Approved
16108,1,debt_consolidation,0.16,878.94,11.56171563,10.8,732,6210.0,33107.0,98.8,1.0,0,0,0,Approved
16109,1,debt_consolidation,0.167,710.03,11.47210347,15.82,672,7200.0,14977.0,36.7,0.0,2,0,0,Review
16110,1,debt_consolidation,0.1183,662.68,11.49272276,19.93,737,4890.041667,41347.0,56.6,2.0,0,0,0,Approved
16111,1,all_other,0.0774,152.98,11.22524339,4.64,767,5073.0,10788.0,27.7,1.0,0,0,0,Approved
16112,1,debt_consolidation,0.1183,662.68,11.23848862,10.72,737,5040.0,2261.0,17.5,0.0,0,0,1,Approved
16113,1,credit_card,0.1218,666.0,10.92665765,23.72,727,5520.041667,38043.0,52.6,1.0,0,0,0,Approved
16114,1,credit_card,0.0894,127.09,10.79957558,18.59,722,5430.0,4692.0,35.3,0.0,0,0,0,Approved
16115,1,credit_card,0.0894,317.72,10.90646961,7.68,737,5160.041667,6525.0,7.8,3.0,0,0,0,Approved
16116,1,debt_consolidation,0.1392,221.89,10.08580911,16.2,672,2430.0,7893.0,59.3,1.0,0,0,0,Review
16117,1,debt_consolidation,0.1183,248.51,11.22524339,18.88,707,2928.0,8652.0,29.6,2.0,1,0,0,Approved
16118,1,credit_card,0.1253,401.6,11.15625052,23.14,702,4470.041667,25498.0,64.6,2.0,0,0,0,Approved
16119,1,all_other,0.1148,181.33,9.574983486,12.08,707,3280.0,5282.0,30,3.0,0,0,0,Approved
16120,1,all_other,0.1357,50.96,11.00209984,20.6,667,9840.0,19112.0,82,1.0,0,0,0,Review
16121,1,debt_consolidation,0.1218,807.53,10.90738615,17.41,737,4111.041667,28559.0,73.2,0.0,0,0,1,Approved
16122,1,debt_consolidation,0.1218,832.5,11.6784399,3.48,757,9780.0,10227.0,40.1,1.0,0,0,0,Approved
16123,1,all_other,0.1635,309.13,11.15625052,3.05,662,3420.041667,7427.0,81.2,0.0,0,0,0,Review
16124,1,debt_consolidation,0.1114,246.03,10.7243681,7.18,762,4770.0,6126.0,21.1,1.0,0,0,0,Approved
16125,1,home_improvement,0.0894,254.18,11.46163217,8.82,742,5730.0,21275.0,50.2,0.0,0,0,0,Approved
16126,1,debt_consolidation,0.074,155.3,10.69194491,13.58,777,4020.0,37803.0,35.2,0.0,0,0,0,Approved
16127,1,credit_card,0.1114,164.02,11.16336799,12.65,742,1950.041667,5238.0,73.4,0.0,0,0,0,Approved
16128,1,credit_card,0.1218,233.1,10.83958091,15.69,702,5640.041667,15239.0,81.9,0.0,0,0,0,Approved
16129,1,debt_consolidation,0.1114,295.24,10.59663473,9.9,732,5460.0,9305.0,25.5,0.0,1,0,0,Approved
16130,1,major_purchase,0.1218,133.2,11.10375349,19.84,697,3210.0,20908.0,67.7,2.0,0,0,0,Review
16131,1,credit_card,0.1357,713.34,11.87756858,13.95,707,6270.041667,25547.0,32.1,0.0,0,0,0,Approved
16132,1,debt_consolidation,0.1114,239.47,10.19351188,21.32,717,3331.041667,6528.0,72.5,0.0,0,0,0,Approved
16133,1,credit_card,0.1218,765.9,11.26446411,8.58,742,3990.0,26552.0,49.2,2.0,0,0,1,Approved
16134,1,all_other,0.1774,734.83,10.95080655,6.84,667,1830.0,1820.0,42.3,2.0,1,0,1,Review
16135,1,credit_card,0.0859,189.67,10.77895629,12.65,757,2370.041667,119.0,0.5,1.0,0,0,0,Approved
16136,1,debt_consolidation,0.1114,524.86,11.2835123,6.51,747,7020.041667,14914.0,56.1,1.0,0,0,0,Approved
16137,1,debt_consolidation,0.1531,696.31,11.46163217,9.28,697,2610.041667,11219.0,32.4,0.0,1,0,0,Review
16138,1,all_other,0.1114,656.07,11.22524339,11.31,777,3000.041667,1126.0,7.9,0.0,0,0,0,Approved
16139,1,all_other,0.1183,149.11,10.09823163,0.99,792,3511.041667,117.0,8.4,5.0,0,0,0,Approved
16140,1,debt_consolidation,0.0774,199.8,10.46310334,18.07,752,3210.0,7994.0,24.7,0.0,0,0,0,Approved
16141,1,credit_card,0.0859,316.11,10.51867319,14.85,757,6210.0,15889.0,42.6,0.0,0,0,0,Approved
16142,1,debt_consolidation,0.1218,158.18,11.82815218,23.49,697,5520.041667,24235.0,73.7,1.0,0,0,0,Review
16143,1,debt_consolidation,0.1426,137.23,10.30895266,11.32,672,1590.041667,2816.0,52.1,0.0,1,0,0,Review
16144,1,debt_consolidation,0.1392,290.17,10.59663473,16.05,697,1980.041667,13013.0,66.1,1.0,0,0,1,Review
16145,1,all_other,0.074,62.12,11.00209984,10.04,757,4351.0,3370.0,11.7,0.0,0,0,0,Approved
16146,1,debt_consolidation,0.0859,189.67,10.16585182,9.45,762,2850.0,21.0,0.1,0.0,0,0,0,Approved
16147,1,debt_consolidation,0.1253,836.66,11.33857208,13.63,732,6275.041667,25036.0,45.4,3.0,0,0,0,Approved
16148,1,debt_consolidation,0.16,534.4,10.57131693,13.91,667,5460.0,21756.0,75.7,0.0,1,0,0,Review
16149,1,all_other,0.1322,608.42,11.31447453,19.33,702,4838.041667,4556.0,47,1.0,0,0,0,Approved
16150,1,educational,0.1253,251.0,10.91508846,4.49,697,2610.041667,6644.0,44.9,1.0,0,0,0,Review
16151,1,debt_consolidation,0.1253,267.74,10.30768519,19.22,692,1950.041667,11664.0,60.7,0.0,0,0,0,Review
16152,1,all_other,0.0894,285.95,10.77895629,16.35,737,4050.0,9348.0,22.2,3.0,0,0,0,Approved
16153,1,credit_card,0.1114,82.01,10.91508846,6.2,712,2646.041667,6252.0,64.5,3.0,0,0,0,Approved
16154,1,home_improvement,0.1253,669.33,12.04355372,3.43,717,4380.0,3670.0,18.9,0.0,0,0,0,Approved
16155,1,all_other,0.1392,81.93,10.18111929,21,732,7560.0,6704.0,98.6,1.0,0,0,1,Approved
16156,1,debt_consolidation,0.1322,236.61,11.39639165,14.25,687,6960.0,19351.0,89.6,0.0,1,0,0,Review
16157,1,home_improvement,0.1287,336.34,10.46310334,12.17,717,2310.041667,5348.0,76.4,1.0,0,0,0,Approved
16158,1,all_other,0.1357,101.91,11.51292546,10.19,677,1710.0,4041.0,87.8,2.0,0,0,0,Review
16159,1,all_other,0.1531,835.57,11.19821472,13.78,682,8700.0,15268.0,57.7,0.0,0,1,0,Review
16160,1,major_purchase,0.1322,118.31,11.12726298,14.33,707,3660.0,20870.0,96.2,0.0,0,0,0,Approved
16161,1,all_other,0.0859,316.11,10.91508846,13.85,752,5910.041667,10862.0,28.5,2.0,0,0,0,Approved
16162,1,all_other,0.1565,139.95,9.472704636,3.42,667,1710.0,894.0,59.6,1.0,0,0,0,Review
16163,1,all_other,0.0774,312.19,11.1844214,3.42,777,9570.041667,11381.0,34.7,0.0,0,0,0,Approved
16164,1,all_other,0.0894,285.95,10.4341158,4.91,737,1860.041667,2354.0,24.5,0.0,0,0,0,Approved
16165,1,all_other,0.1392,716.88,11.12726298,17.95,697,4920.041667,14533.0,80.7,0.0,0,0,1,Review
16166,1,credit_card,0.1426,638.09,11.50992096,17.26,682,4230.041667,19780.0,48.8,0.0,0,0,0,Review
16167,1,credit_card,0.0894,174.75,10.89673933,13.71,727,2702.041667,5677.0,32.6,1.0,0,0,0,Approved
16168,1,educational,0.0894,158.86,10.81977828,13.27,742,2130.0,4676.0,18,0.0,0,0,0,Approved
16169,1,all_other,0.1322,169.01,10.6454249,13.49,717,3330.041667,14953.0,97.7,0.0,0,0,1,Approved
16170,1,debt_consolidation,0.1253,66.94,11.00209984,4.12,687,3600.0,3021.0,18.1,1.0,0,0,0,Review
16171,1,all_other,0.1218,66.6,10.81977828,14.83,692,2250.041667,7975.0,67.6,1.0,0,0,0,Review
16172,1,credit_card,0.1322,338.01,10.81977828,7.44,692,2070.0,7408.0,31.9,2.0,0,0,0,Review
16173,1,all_other,0.2086,94.02,10.727663,0.53,662,2029.041667,2106.0,91.6,3.0,0,0,1,Review
16174,1,home_improvement,0.1565,69.98,11.22524339,6.61,667,2709.041667,0.0,0,1.0,0,0,0,Review
16175,1,all_other,0.1287,168.17,10.49127422,18.23,682,9600.041667,7790.0,82,3.0,0,0,0,Review
16176,1,all_other,0.1287,336.34,10.08580911,8.45,697,3750.041667,1303.0,18.4,0.0,1,0,0,Review
16177,1,educational,0.1426,171.53,11.51292546,12.18,667,2670.041667,28370.0,40.3,2.0,0,0,0,Review
16178,1,all_other,0.1183,198.81,11.00209984,18.82,717,5040.0,15638.0,93.1,1.0,0,0,1,Approved
16179,1,debt_consolidation,0.1426,411.67,10.16585182,10.85,682,1620.041667,9106.0,52.6,0.0,0,0,0,Review
16180,1,credit_card,0.1218,666.0,11.30958454,9.79,727,6000.041667,30611.0,81,2.0,0,0,0,Approved
16181,1,credit_card,0.1635,176.65,11.3222491,14.33,707,5490.0,73241.0,98.5,0.0,0,0,0,Approved
16182,1,small_business,0.1531,870.39,11.28978191,0.81,797,6510.0,3656.0,11.8,1.0,0,0,0,Approved
16183,1,credit_card,0.0894,158.86,11.43712375,15.02,732,6212.0,83356.0,41.7,0.0,0,0,0,Approved
16184,1,all_other,0.1426,614.94,11.33857208,16.57,697,3720.041667,1887.0,94.3,0.0,0,0,0,Review
16185,1,all_other,0.1218,106.56,10.41232119,19.84,697,4620.041667,1568.0,71.3,2.0,0,1,0,Review
16186,1,all_other,0.1183,99.41,11.29476946,23.67,697,7380.041667,17829.0,66.3,3.0,0,0,1,Review
16187,1,all_other,0.0894,111.21,10.77895629,15.8,722,3870.041667,10659.0,76.4,0.0,0,0,1,Approved
16188,1,debt_consolidation,0.1496,554.32,11.57119437,9.87,692,4500.041667,34896.0,87.5,2.0,0,0,0,Review
16189,1,debt_consolidation,0.1774,720.42,11.81303006,19.85,672,4080.041667,34863.0,90.8,1.0,0,1,0,Review
16190,1,credit_card,0.0859,316.11,11.15625052,15.38,757,5100.0,15315.0,41.2,0.0,0,0,0,Approved
16191,1,debt_consolidation,0.1322,243.37,11.00209984,14.42,682,6210.0,23079.0,74.9,0.0,0,0,0,Review
16192,1,debt_consolidation,0.1218,333.0,10.54534144,10.2,712,4033.0,8753.0,48.9,0.0,0,0,0,Approved
16193,1,all_other,0.1287,242.16,11.00209984,14.34,687,1860.0,1068.0,10.9,0.0,0,0,0,Review
16194,1,debt_consolidation,0.1392,341.37,11.1124479,21.65,707,5550.041667,19641.0,86.5,0.0,0,0,0,Approved
16195,1,home_improvement,0.1253,669.33,11.00209984,2.6,747,3570.0,6621.0,76.1,2.0,0,0,0,Approved
16196,1,major_purchase,0.1287,168.17,10.6454249,20.14,682,3930.0,2035.0,40,2.0,1,0,0,Review
16197,1,debt_consolidation,0.0894,389.21,10.37349118,12.6,752,6870.0,15954.0,41.1,1.0,0,0,0,Approved
16198,1,debt_consolidation,0.1392,256.03,10.46310334,14.06,682,2010.041667,13089.0,69.3,0.0,0,0,0,Review
16199,1,all_other,0.1218,83.25,10.69964248,22.41,687,4380.0,14589.0,34.9,1.0,0,0,1,Review
16200,1,credit_card,0.1218,832.5,11.2515607,22.44,742,5411.0,44790.0,35.2,1.0,0,0,0,Approved
16201,1,all_other,0.0774,124.88,11.58988651,6.02,787,4230.041667,337.0,1.9,0.0,0,0,0,Approved
16202,1,all_other,0.1322,324.49,11.51292546,11.44,692,4770.0,4533.0,14.3,0.0,4,0,0,Review
16203,1,small_business,0.2121,755.69,11.24895992,5.72,672,1440.0,500.0,83.3,1.0,0,0,0,Review
16204,1,debt_consolidation,0.1496,173.23,10.33516607,14.69,672,4800.041667,11886.0,90,0.0,0,0,0,Review
16205,1,small_business,0.16,843.78,11.91839057,7.01,727,4778.0,17161.0,26,1.0,1,0,0,Approved
16206,1,debt_consolidation,0.1253,485.27,10.23995979,15.13,747,4771.0,11423.0,68.4,0.0,0,0,0,Approved
16207,1,debt_consolidation,0.1183,417.49,10.76320793,20.14,717,3660.0,10682.0,54.7,0.0,0,0,0,Approved
16208,1,all_other,0.1218,116.55,10.59663473,18.18,712,4770.0,6381.0,66.5,1.0,0,1,0,Approved
16209,1,credit_card,0.1357,509.53,11.00209984,17.22,692,2850.0,13030.0,66.6,1.0,0,0,0,Review
16210,1,debt_consolidation,0.1183,198.81,11.23848862,3.44,707,3330.041667,7269.0,38.7,0.0,0,0,0,Approved
16211,1,all_other,0.1426,137.23,10.54534144,9.92,667,5100.0,2822.0,37.1,1.0,0,0,0,Review
16212,1,debt_consolidation,0.1136,329.12,11.77528973,20.19,702,3660.0,10288.0,64.3,0.0,0,0,0,Approved
16213,1,small_business,0.1913,557.24,10.91508846,2.38,717,4740.0,491.0,98.2,0.0,0,0,0,Approved
16214,1,home_improvement,0.1461,689.51,11.40756495,9.91,687,6780.041667,239.0,3.5,1.0,0,0,0,Review
16215,1,debt_consolidation,0.1218,399.6,11.00209984,17.86,707,7170.041667,17035.0,58.7,1.0,0,0,0,Approved
16216,1,debt_consolidation,0.1183,256.79,9.952277717,17.43,707,2130.0,11212.0,44.5,1.0,0,0,0,Approved
16217,1,debt_consolidation,0.0894,381.26,10.93310697,10.26,767,3810.041667,4553.0,15.2,0.0,0,0,0,Approved
16218,1,debt_consolidation,0.1183,397.61,11.48246626,2.09,717,4590.041667,5652.0,22.3,0.0,0,0,0,Approved
16219,1,debt_consolidation,0.1531,348.16,10.30895266,18.6,667,4980.041667,9092.0,68.4,1.0,0,0,0,Review
16220,1,debt_consolidation,0.0894,381.26,10.76848499,2.78,782,5405.0,6877.0,20,0.0,0,0,0,Approved
16221,1,major_purchase,0.0894,47.66,10.858999,7.27,717,11400.04167,2504.0,21.4,0.0,1,0,0,Approved
16222,1,debt_consolidation,0.0894,222.41,10.59663473,18.42,742,2670.041667,5416.0,55.3,0.0,0,0,0,Approved
16223,1,major_purchase,0.0894,476.58,10.59663473,20.4,802,6510.0,3823.0,9,0.0,0,0,0,Approved
16224,1,all_other,0.1426,445.98,10.59663473,23.85,687,4440.041667,24119.0,91.7,0.0,0,0,0,Review
16225,1,debt_consolidation,0.1496,840.15,11.1124479,21.74,687,8189.041667,43703.0,77.8,0.0,0,0,0,Review
16226,1,debt_consolidation,0.1357,597.85,11.70354582,23.83,692,6965.0,51344.0,81.5,1.0,0,0,0,Review
16227,1,all_other,0.1253,33.47,10.23995979,20.19,682,2460.0,1697.0,39.5,1.0,0,0,0,Review
16228,1,all_other,0.1253,140.56,10.30895266,18.36,687,2700.041667,3368.0,32.7,2.0,0,0,0,Review
16229,1,debt_consolidation,0.1531,844.28,11.28978191,24.3,692,4290.0,26324.0,86.6,0.0,0,0,0,Review
16230,1,debt_consolidation,0.1287,336.34,10.4341158,21.42,707,5100.0,14096.0,86,1.0,0,0,0,Approved
16231,1,debt_consolidation,0.1148,164.85,10.96819829,8.67,712,5190.041667,1885.0,19.6,0.0,0,1,1,Approved
16232,1,credit_card,0.0859,249.72,11.41861479,15.2,812,10320.04167,3950.0,4.9,0.0,0,0,0,Approved
16233,1,credit_card,0.0774,187.32,11.57402056,6.89,762,5880.041667,7903.0,25,0.0,0,0,0,Approved
16234,1,debt_consolidation,0.0859,284.5,11.98292909,10.32,767,6930.0,126088.0,27,0.0,0,0,0,Approved
16235,1,debt_consolidation,0.1287,168.17,10.58446093,20.01,697,2760.041667,5066.0,84.4,1.0,0,0,0,Review
16236,1,all_other,0.074,139.77,11.00209984,12.76,782,3812.041667,8432.0,20.4,1.0,0,0,0,Approved
16237,1,debt_consolidation,0.16,527.36,10.858999,10.08,667,4410.0,16486.0,52.7,0.0,0,0,0,Review
16238,1,all_other,0.1322,608.42,10.77230925,12.33,732,3900.0,4646.0,55.2,1.0,0,0,1,Approved
16239,1,debt_consolidation,0.1148,197.82,11.08214255,18.11,712,4050.0,21384.0,82.2,0.0,0,0,0,Approved
16240,1,debt_consolidation,0.1183,803.5,11.53272809,3,767,6314.041667,5444.0,9.7,0.0,0,0,0,Approved
16241,1,major_purchase,0.1774,288.17,10.59663473,8.91,667,1200.041667,1825.0,67.6,3.0,1,0,0,Review
16242,1,all_other,0.0894,127.09,9.92329018,3.88,722,4079.041667,1146.0,19.4,0.0,0,0,0,Approved
16243,1,credit_card,0.1426,528.31,11.69524702,7.98,682,7650.0,27205.0,87.8,0.0,1,0,0,Review
16244,1,small_business,0.1565,874.66,10.91508846,4.25,742,2880.0,7783.0,22.6,2.0,0,0,0,Approved
16245,1,all_other,0.0894,381.26,11.08214255,10.14,752,3755.041667,700.0,5.1,3.0,0,0,0,Approved
16246,1,debt_consolidation,0.1565,227.41,10.49127422,14.97,662,4290.0,4357.0,92.7,1.0,0,0,1,Review
16247,1,all_other,0.1148,105.5,11.60823564,6.63,722,3990.0,20002.0,67.8,0.0,0,0,0,Approved
16248,1,debt_consolidation,0.1287,524.68,10.62132735,22.04,707,3630.0,15556.0,81.4,0.0,0,0,0,Approved
16249,1,credit_card,0.0894,158.86,10.62175555,14.16,767,3630.0,4463.0,28.8,0.0,0,0,0,Approved
16250,1,all_other,0.1253,214.19,10.97678203,18.22,697,7230.0,6917.0,73.6,0.0,0,0,0,Review
16251,1,major_purchase,0.1357,169.85,10.4778512,14.05,697,3480.041667,233.0,46.6,0.0,1,0,0,Review
16252,1,debt_consolidation,0.1357,407.63,11.49276357,0.18,712,5970.041667,440.0,7.9,1.0,0,0,0,Approved
16253,1,all_other,0.1183,530.15,10.59663473,9.6,732,9840.0,9082.0,35.1,2.0,2,0,0,Approved
16254,1,debt_consolidation,0.1114,104.98,10.30895266,5.04,732,2670.041667,6383.0,46.6,0.0,0,0,0,Approved
16255,1,major_purchase,0.1357,118.89,11.38509209,16.05,672,7080.041667,10977.0,70.8,0.0,0,2,0,Review
16256,1,credit_card,0.1148,197.82,11.22524339,11.9,707,4110.041667,18103.0,59.5,3.0,0,0,0,Approved
16257,1,all_other,0.1287,84.09,10.44488118,13.86,687,6780.041667,7565.0,27,1.0,2,0,0,Review
16258,1,all_other,0.1183,139.17,9.287301413,0,747,2970.041667,0.0,0,2.0,0,0,0,Approved
16259,1,debt_consolidation,0.1496,623.61,10.84349481,10.71,717,5400.0,18632.0,98.1,0.0,0,0,0,Approved
16260,1,debt_consolidation,0.0894,317.72,11.48246626,7.62,737,4830.041667,20574.0,38.2,2.0,0,0,0,Approved
16261,1,debt_consolidation,0.0774,187.32,11.40756495,15.89,762,8730.0,37397.0,29,0.0,0,0,0,Approved
16262,1,debt_consolidation,0.1183,99.41,10.6454249,14.46,697,3090.041667,6297.0,76.8,1.0,0,0,0,Review
16263,1,debt_consolidation,0.1496,242.52,10.6873891,12.66,662,5250.041667,3294.0,70.1,1.0,0,0,1,Review
16264,1,home_improvement,0.1183,497.01,11.00209984,11.7,732,3721.041667,30697.0,55.9,0.0,0,0,0,Approved
16265,1,debt_consolidation,0.1287,269.07,10.81977828,5.3,692,8070.0,7710.0,35.1,0.0,2,0,0,Review
16266,1,home_improvement,0.0774,312.19,10.83958091,7.98,777,3510.041667,696.0,15.5,0.0,0,0,0,Approved
16267,1,all_other,0.1114,656.07,11.69524702,9.55,772,6120.0,26701.0,43.1,0.0,0,0,0,Approved
16268,1,debt_consolidation,0.1183,430.75,11.33857208,12.87,717,2220.0,14331.0,37.8,1.0,0,0,0,Approved
16269,1,debt_consolidation,0.1183,298.21,10.4341158,17.12,712,3030.041667,13533.0,42.3,1.0,0,0,0,Approved
16270,1,debt_consolidation,0.1253,689.41,11.51372515,14.45,722,4291.0,13171.0,51.8,3.0,0,0,0,Approved
16271,1,debt_consolidation,0.1322,338.01,10.49127422,8.3,687,2280.041667,8989.0,36.2,0.0,0,0,0,Review
16272,1,credit_card,0.1357,285.34,10.98305293,21.34,677,6270.041667,55072.0,87.8,0.0,0,0,0,Review
16273,1,all_other,0.0894,285.95,10.75790288,21.19,737,5820.0,10325.0,30.1,0.0,0,1,0,Approved
16274,1,all_other,0.1461,172.38,10.49127422,16.57,742,5400.0,0.0,,0.0,0,0,0,Approved
16275,1,all_other,0.1114,65.61,10.08580911,21.45,712,4350.0,560.0,70,3.0,1,0,0,Approved
16276,1,all_other,0.1183,99.41,10.77895629,23.93,712,5580.041667,0.0,0,2.0,0,0,0,Approved
16277,1,credit_card,0.0894,476.58,11.51292546,2.14,782,11010.04167,8057.0,17.4,2.0,0,0,0,Approved
16278,1,all_other,0.1496,173.23,10.30895266,24.4,662,2880.0,1451.0,46.8,0.0,1,0,1,Review
16279,1,all_other,0.1357,326.1,11.00209984,13.2,677,4050.0,9164.0,47,1.0,0,0,0,Review
16280,1,credit_card,0.1148,412.11,11.08214255,1.63,732,3600.0,19898.0,36.4,2.0,0,0,0,Approved
16281,1,debt_consolidation,0.1348,474.94,10.71441777,9.17,692,3540.041667,10163.0,61.6,1.0,0,0,0,Review
16282,1,educational,0.1531,217.6,9.862665558,15.13,662,8490.041667,4815.0,94.4,0.0,1,0,0,Review
16283,1,debt_consolidation,0.0894,381.26,11.51092346,15.64,757,12990.04167,4779.0,17.1,0.0,0,0,0,Approved
16284,1,debt_consolidation,0.0894,476.58,11.56171563,12.53,777,10800.04167,8118.0,5.9,0.0,0,0,0,Approved
16285,1,all_other,0.1913,293.77,11.65268741,11.79,667,4410.0,17267.0,29.1,3.0,0,0,0,Review
16286,1,debt_consolidation,0.0894,142.98,10.1064284,13.86,762,2970.041667,4659.0,30.1,0.0,0,0,0,Approved
16287,1,home_improvement,0.0894,397.15,12.10598708,4.26,772,5103.0,31141.0,0.4,2.0,0,0,1,Approved
16288,1,all_other,0.1357,54.35,9.422220731,21.46,712,1470.0,0.0,0,3.0,0,0,1,Approved
16289,1,debt_consolidation,0.1322,212.95,10.30895266,5.28,772,11040.04167,14581.0,98,1.0,0,0,0,Approved
16290,1,debt_consolidation,0.1114,590.47,11.15625052,10.7,752,4320.0,22093.0,23.7,0.0,0,0,0,Approved
16291,1,debt_consolidation,0.1322,507.01,11.2009507,1.66,692,3602.0,17109.0,81.5,2.0,0,0,0,Review
16292,1,all_other,0.1496,173.23,9.574983486,11,697,1230.041667,2367.0,56.4,0.0,0,0,1,Review
16293,1,educational,0.0894,158.86,10.6454249,7.71,727,5280.041667,6453.0,35.1,0.0,0,0,0,Approved
16294,1,educational,0.0774,156.1,10.30895266,17.28,752,2612.041667,20385.0,18.5,0.0,0,0,0,Approved
16295,1,educational,0.1287,100.9,9.757305042,3.89,677,3150.041667,1366.0,85.4,1.0,0,0,0,Review
16296,1,major_purchase,0.1287,168.17,10.49127422,8.7,692,2672.041667,4434.0,31,3.0,1,0,0,Review
16297,1,credit_card,0.0859,120.12,10.1266311,5.33,792,7830.041667,2456.0,8.1,3.0,0,0,0,Approved
16298,1,debt_consolidation,0.1218,296.37,10.80972795,12.68,707,3570.0,9943.0,61.8,3.0,0,0,0,Approved
16299,1,debt_consolidation,0.1253,811.56,11.4065422,11.41,732,3961.0,7404.0,54.8,1.0,0,0,0,Approved
16300,1,debt_consolidation,0.1253,560.57,10.40426284,17.38,717,2040.041667,0.0,0,1.0,1,0,0,Approved
16301,1,all_other,0.1287,571.77,10.63103616,18.03,717,3120.041667,3629.0,82.5,0.0,0,0,0,Approved
16302,1,debt_consolidation,0.1287,336.34,11.51292546,21.28,717,5670.041667,9470.0,31.4,1.0,0,0,0,Approved
16303,1,all_other,0.1218,333.0,10.30895266,24.56,707,2430.041667,27735.0,41.6,3.0,0,0,1,Approved
16304,1,debt_consolidation,0.1531,522.23,10.59663473,12.33,682,1440.0,5365.0,78.9,0.0,0,0,0,Review
16305,1,all_other,0.1496,225.2,11.00209984,1.08,697,1200.041667,0.0,0,3.0,3,0,1,Review
16306,1,debt_consolidation,0.1322,338.01,11.46163217,8.29,687,4290.0,14822.0,76.4,0.0,0,0,1,Review
16307,1,debt_consolidation,0.0894,222.41,10.77895629,14.4,722,3750.041667,1821.0,31.4,2.0,0,0,0,Approved
16308,1,debt_consolidation,0.1183,497.01,11.00209984,7.78,727,6150.0,12609.0,67.1,0.0,0,0,0,Approved
16309,1,all_other,0.1148,158.25,11.50690739,23.76,742,6240.0,57542.0,24.2,0.0,0,0,0,Approved
16310,1,all_other,0.1114,459.25,12.03765399,4.76,662,3300.0,7044.0,61.8,1.0,0,0,0,Review
16311,1,major_purchase,0.1461,310.28,10.30895266,15.44,677,3690.0,3971.0,58.4,0.0,0,0,1,Review
16312,1,debt_consolidation,0.1287,311.11,9.998615898,15.44,687,4573.041667,4806.0,27.2,0.0,0,0,0,Review
16313,1,debt_consolidation,0.1531,348.16,11.36210258,16.33,672,10845.0,17768.0,65.8,1.0,0,1,0,Review
16314,1,credit_card,0.1322,287.31,11.22524339,7.73,687,7950.0,4167.0,19.8,1.0,1,0,0,Review
16315,1,all_other,0.1426,343.06,10.67359577,0.78,692,4800.041667,966.0,48.3,3.0,0,0,0,Review
16316,1,all_other,0.1565,349.87,10.49127422,14.97,662,3810.041667,11147.0,82.6,2.0,0,0,0,Review
16317,1,small_business,0.1392,426.72,11.81303006,4.95,787,10260.0,12115.0,14.1,1.0,0,0,0,Approved
16318,1,debt_consolidation,0.1287,269.07,10.87426647,17.16,687,2970.041667,4022.0,82.1,2.0,0,0,0,Review
16319,1,major_purchase,0.1531,87.04,13.00357984,0.18,712,1710.041667,0.0,,1.0,0,0,0,Approved
16320,1,credit_card,0.1253,368.13,10.81977828,16.78,707,10200.0,4877.0,46,2.0,0,0,0,Approved
16321,1,debt_consolidation,0.1287,504.5,11.00209984,10.86,702,3630.0,23369.0,58,2.0,0,0,0,Approved
16322,1,debt_consolidation,0.1287,282.52,10.46310334,21.36,687,2191.0,8039.0,75.8,0.0,0,0,0,Review
16323,1,debt_consolidation,0.1114,433.01,11.73606902,7.62,752,6240.0,1847.0,4.6,0.0,0,0,0,Approved
16324,1,major_purchase,0.1322,202.81,11.05725069,10.96,682,4410.0,20531.0,85.9,2.0,0,0,0,Review
16325,1,debt_consolidation,0.1426,624.37,10.93131966,15.65,682,2610.041667,17506.0,76.4,3.0,0,0,0,Review
16326,1,all_other,0.1183,165.67,9.903487553,13.02,702,3960.0,2177.0,31.6,2.0,0,0,0,Approved
16327,1,all_other,0.0859,284.5,10.70772878,21.99,762,7830.041667,9519.0,17.8,3.0,0,0,0,Approved
16328,1,debt_consolidation,0.1114,98.42,10.20359214,14.67,762,4800.041667,543.0,54.3,0.0,0,0,0,Approved
16329,1,debt_consolidation,0.1461,861.88,11.17043516,22.62,712,4140.041667,32484.0,52.7,0.0,0,0,0,Approved
16330,1,major_purchase,0.1218,599.4,11.08214255,13.9,717,3780.041667,6683.0,55.7,0.0,0,0,1,Approved
16331,1,all_other,0.1357,339.69,11.59873612,21.32,682,4740.0,21476.0,37.9,2.0,1,0,0,Review
16332,1,debt_consolidation,0.1461,172.38,10.40426284,18.62,667,3030.041667,5134.0,77.8,1.0,0,0,1,Review
16333,1,small_business,0.1635,247.31,11.15625052,2.57,707,1710.041667,7786.0,30.5,0.0,0,0,0,Approved
16334,1,major_purchase,0.0859,237.08,11.56171563,7.39,777,8161.041667,284.0,0.9,0.0,0,0,0,Approved
16335,1,debt_consolidation,0.1496,277.16,11.69524702,11.7,667,7027.041667,18131.0,81.1,3.0,0,0,0,Review
16336,1,major_purchase,0.1809,115.83,9.655026193,6.38,697,1170.041667,1594.0,99.6,0.0,0,0,0,Review
16337,1,all_other,0.0859,158.06,11.03488966,16.3,732,4110.041667,7739.0,32.8,0.0,0,0,0,Approved
16338,1,debt_consolidation,0.1287,269.07,11.82041016,16.59,687,4140.041667,43312.0,79.9,0.0,0,0,0,Review
16339,1,debt_consolidation,0.1357,203.82,10.03801845,20.19,702,1920.041667,4961.0,88.6,1.0,0,0,0,Approved
16340,1,debt_consolidation,0.1183,165.67,10.49127422,15.17,742,4804.041667,3024.0,33.26,1.0,0,0,0,Approved
16341,1,debt_consolidation,0.1218,199.8,11.26446411,19.88,702,3750.041667,9993.0,88.4,0.0,0,0,0,Approved
16342,1,small_business,0.1947,383.73,11.12499689,11.74,662,1512.0,6273.0,43.6,2.0,0,0,0,Review
16343,1,educational,0.1322,135.21,10.6454249,13.69,677,1920.041667,8661.0,68.2,2.0,0,1,0,Review
16344,1,all_other,0.074,93.18,10.89673933,22.82,777,7110.041667,0.0,0,0.0,0,0,0,Approved
16345,1,all_other,0.074,99.39,11.17043516,11.98,772,5790.0,2079.0,2,2.0,0,0,0,Approved
16346,1,credit_card,0.1114,52.49,11.15625052,0.45,717,1920.041667,490.0,2,2.0,0,0,0,Approved
16347,1,credit_card,0.1148,69.24,10.42228135,13.39,702,2520.0,14878.0,37.7,1.0,0,0,0,Approved
16348,1,debt_consolidation,0.1183,278.33,10.75790288,5.67,712,2341.041667,9033.0,33.3,1.0,0,0,0,Approved
16349,1,home_improvement,0.1531,348.16,11.30220443,6.59,662,4020.0,4082.0,60.9,2.0,0,0,0,Review
16350,1,all_other,0.1461,189.62,11.02516511,20.38,667,5376.0,14103.0,58,0.0,0,0,0,Review
16351,1,debt_consolidation,0.1392,682.74,11.69524702,21.64,697,3870.041667,72682.0,64.6,1.0,0,0,0,Review
16352,1,major_purchase,0.167,106.51,10.71441777,13.41,672,4650.0,2041.0,72.9,0.0,0,0,0,Review
16353,1,debt_consolidation,0.0894,31.78,13.5670492,1.39,717,2820.0,4202.0,10.9,2.0,0,0,0,Approved
16354,1,educational,0.0859,31.62,10.91508846,10.69,757,9960.041667,17069.0,11.3,1.0,0,0,0,Approved
16355,1,home_improvement,0.1426,185.26,10.49127422,18.37,667,5130.0,6890.0,47.2,2.0,0,0,0,Review
16356,1,debt_consolidation,0.1218,599.4,11.35040654,11.93,717,3240.0,64394.0,80.7,0.0,0,0,0,Approved
16357,1,debt_consolidation,0.1148,412.11,11.73606902,9.43,732,6600.0,4365.0,49,0.0,0,0,0,Approved
16358,1,all_other,0.1947,590.35,11.07558262,19.36,667,3810.041667,9605.0,86.5,3.0,0,0,1,Review
16359,1,all_other,0.1183,828.35,10.80900445,21.45,777,3662.0,1113.0,4.5,1.0,0,0,0,Approved
16360,1,debt_consolidation,0.1253,267.74,11.00209984,8.58,697,6060.041667,7473.0,50.8,0.0,0,0,0,Review
16361,1,all_other,0.1357,849.22,12.46843691,9.3,717,7140.041667,19048.0,50.9,2.0,0,0,0,Approved
16362,1,credit_card,0.1322,253.51,10.59663473,13.31,682,4153.041667,8103.0,51.9,0.0,0,0,0,Review
16363,1,debt_consolidation,0.1183,430.75,10.57131693,24.31,712,2280.041667,7834.0,55.2,0.0,0,0,0,Approved
16364,1,debt_consolidation,0.1287,134.54,10.08580911,22.55,677,1920.041667,7679.0,38.8,1.0,0,0,0,Review
16365,1,credit_card,0.1148,148.36,10.6454249,0,772,5520.0,0.0,0,0.0,0,0,0,Approved
16366,1,all_other,0.1496,124.73,10.08580911,4.75,662,2310.041667,2188.0,91.2,0.0,1,0,1,Review
16367,1,all_other,0.0859,316.11,11.53272809,9.33,802,5760.0,2890.0,4.7,0.0,0,0,0,Approved
16368,1,major_purchase,0.0774,31.22,11.49272276,0.43,752,2130.0,1641.0,4,1.0,0,0,0,Approved
16369,1,major_purchase,0.0774,81.17,10.25765937,20.13,787,4680.0,1940.0,24.2,0.0,0,0,0,Approved
16370,1,debt_consolidation,0.1253,686.06,10.61972606,17.38,712,3876.041667,18061.0,78.2,1.0,0,0,0,Approved
16371,1,all_other,0.074,186.36,11.28978191,2.9,772,5628.041667,9649.0,17.8,1.0,0,0,0,Approved
16372,1,all_other,0.0774,312.19,13.99783211,0.8,807,11700.0,7729.0,12.9,0.0,0,0,0,Approved
16373,1,debt_consolidation,0.1322,169.01,10.81977828,3.26,687,1500.0,3062.0,33.3,1.0,0,0,1,Review
16374,1,debt_consolidation,0.1322,405.61,10.17495945,3.7,767,3750.041667,4809.0,43.3,0.0,0,0,0,Approved
16375,1,credit_card,0.1114,328.04,12.04355372,10.79,722,8340.0,3441.0,41.9,3.0,0,0,0,Approved
16376,1,home_improvement,0.1322,101.41,10.38899537,22.74,677,5310.041667,8109.0,33,1.0,0,0,0,Review
16377,1,home_improvement,0.1357,203.82,11.8493977,9.51,677,8430.0,43724.0,67.6,1.0,1,0,0,Review
16378,1,all_other,0.1183,165.67,10.79949394,24.39,702,5460.0,8873.0,63.4,1.0,0,1,0,Approved
16379,1,credit_card,0.1114,82.01,10.30895266,19.88,757,2280.041667,1781.0,35.6,0.0,0,0,0,Approved
16380,1,all_other,0.1322,405.61,10.59663473,1.83,697,2163.0,2032.0,37.6,1.0,0,0,0,Review
16381,1,home_improvement,0.1322,172.39,11.15625052,9.14,692,3720.041667,1999.0,54,3.0,0,0,1,Review
16382,1,credit_card,0.1426,548.9,11.36210258,12.71,687,5264.041667,16799.0,74.7,1.0,1,0,0,Review
16383,1,all_other,0.1426,274.45,10.40426284,16.22,687,3330.0,811.0,54.1,0.0,0,0,0,Review
16384,1,major_purchase,0.1322,216.33,11.1124479,15.15,677,4020.0,32213.0,48.4,2.0,0,0,0,Review
16385,1,major_purchase,0.1253,130.52,9.917981999,24.13,697,2490.0,714.0,31,1.0,0,0,0,Review
16386,1,all_other,0.1114,492.06,11.00009784,0,797,7080.041667,0.0,0,1.0,0,0,0,Approved
16387,1,debt_consolidation,0.1148,478.05,11.27720313,6.88,752,7592.0,18003.0,35,5.0,0,0,0,Approved
16388,1,major_purchase,0.0774,156.1,11.58058411,6.24,752,5491.0,12174.0,22.4,0.0,0,0,0,Approved
16389,1,debt_consolidation,0.1392,85.35,10.74720759,16.54,672,3690.0,2271.0,87.3,1.0,1,0,0,Review
16390,1,all_other,0.1426,34.31,9.903487553,8.34,667,1710.041667,3449.0,69,1.0,0,0,0,Review
16391,1,debt_consolidation,0.1287,168.17,11.40756495,22.43,677,4140.041667,44084.0,65.1,1.0,0,0,0,Review
16392,1,debt_consolidation,0.0894,317.72,11.65094676,6.34,737,2310.041667,12077.0,71.7,1.0,0,0,0,Approved
16393,1,credit_card,0.1218,832.5,11.26446411,17.62,742,4290.0,13263.0,35.5,0.0,0,0,0,Approved
16394,1,debt_consolidation,0.1392,238.96,10.13459927,14.14,702,1230.041667,373.0,41.4,0.0,0,0,0,Approved
16395,1,debt_consolidation,0.0859,31.62,10.49127422,1.9,737,2730.041667,603.0,2.2,0.0,0,0,0,Approved
16396,1,credit_card,0.1357,407.63,11.51292546,11.48,712,7139.041667,21006.0,95,0.0,0,0,0,Approved
16397,1,debt_consolidation,0.1357,509.53,11.58988651,9.43,687,3720.041667,29988.0,83.1,0.0,0,0,0,Review
16398,1,small_business,0.1774,540.32,11.39639165,7.15,692,4410.0,692.0,11.5,0.0,1,0,1,Review
16399,1,all_other,0.0894,66.73,9.392661929,5.8,732,2310.041667,1316.0,4.1,0.0,1,0,0,Approved
16400,1,all_other,0.1426,384.23,10.77895629,12.55,682,1927.041667,11969.0,82.5,0.0,0,0,0,Review
16401,1,all_other,0.1148,164.85,10.08580911,11,732,2612.041667,4159.0,59.4,1.0,0,0,0,Approved
16402,1,debt_consolidation,0.1218,666.0,10.78384018,7.61,727,3180.0,10241.0,38.5,1.0,0,0,0,Approved
16403,1,debt_consolidation,0.1426,384.23,11.19908503,5.83,677,3990.0,9956.0,63,0.0,0,0,0,Review
16404,1,debt_consolidation,0.1253,562.24,10.81977828,8.21,732,2160.0,21589.0,84.9,0.0,0,0,0,Approved
16405,1,debt_consolidation,0.1357,475.56,11.65268741,15.43,702,4140.041667,27016.0,81.9,0.0,0,0,1,Approved
16406,1,home_improvement,0.0859,31.62,10.91272203,3.59,802,7350.0,3575.0,2.8,5.0,0,0,0,Approved
16407,1,all_other,0.0859,31.62,11.16193434,13.62,747,3690.0,23.0,0.1,1.0,0,0,0,Approved
16408,1,all_other,0.1426,514.59,11.51292546,1.09,687,2940.0,3098.0,72,0.0,0,0,0,Review
16409,1,major_purchase,0.0774,112.39,11.12726298,1.41,737,10320.04167,2907.0,21.9,0.0,0,0,0,Approved
16410,1,all_other,0.1392,102.42,9.700146629,14.71,712,1140.0,1442.0,15.3,3.0,0,0,0,Approved
16411,1,all_other,0.0894,381.26,11.39639165,1,787,5340.041667,2740.0,2.1,2.0,0,0,0,Approved
16412,1,small_business,0.16,562.52,11.00209984,19.06,722,3570.0,23333.0,74.3,0.0,0,0,0,Approved
16413,1,debt_consolidation,0.1218,832.5,11.36210258,9.99,742,7020.041667,22915.0,24.1,1.0,0,0,0,Approved
16414,1,all_other,0.0894,234.32,11.46163217,6.44,742,1747.0,4212.0,9.6,0.0,0,0,0,Approved
16415,1,debt_consolidation,0.1322,270.41,11.46126368,18.55,682,4410.0,37175.0,82.8,2.0,0,0,0,Review
16416,1,all_other,0.1287,269.07,11.59542669,15.86,687,7890.041667,9832.0,80.6,3.0,1,0,0,Review
16417,1,credit_card,0.0751,77.78,9.7433188,23.45,727,12990.04167,12003.0,54.1,1.0,0,0,0,Approved
16418,1,all_other,0.1461,86.19,10.46310334,17.25,662,2250.041667,1920.0,48,1.0,0,0,0,Review
16419,1,home_improvement,0.16,878.94,11.60823564,5.12,677,5077.0,13486.0,36,3.0,0,0,0,Review
16420,1,debt_consolidation,0.1461,103.43,10.71441777,23.2,662,3608.0,1498.0,62.4,1.0,0,0,0,Review
16421,1,debt_consolidation,0.1426,82.34,10.26813067,19.13,662,5220.041667,2041.0,70.4,0.0,0,1,1,Review
16422,1,home_improvement,0.1183,331.34,10.20359214,0.67,777,2700.041667,86.0,6.6,4.0,0,0,0,Approved
16423,1,small_business,0.1947,184.49,10.3185148,2.5,697,4800.041667,2077.0,64.9,2.0,2,0,1,Review
16424,1,debt_consolidation,0.1183,281.64,10.98529272,15.36,712,2250.041667,6444.0,41.8,0.0,0,0,0,Approved
16425,1,all_other,0.1218,399.6,11.60823564,3.64,717,4860.041667,442.0,6.9,0.0,2,0,0,Approved
16426,1,debt_consolidation,0.1496,332.6,11.11765818,5.56,667,4920.041667,11028.0,23.5,1.0,1,0,0,Review
16427,1,all_other,0.074,155.3,11.21721122,2.15,777,5250.041667,8334.0,27.1,0.0,0,0,0,Approved
16428,1,credit_card,0.1287,393.51,10.89362336,24.7,697,7380.041667,9201.0,81.4,2.0,0,0,0,Review
16429,1,home_improvement,0.1392,102.42,11.08214255,17.82,682,4080.041667,660.0,82.5,0.0,0,0,0,Review
16430,1,debt_consolidation,0.0774,171.71,10.55841352,8.42,757,3360.041667,5338.0,23,1.0,0,0,0,Approved
16431,1,major_purchase,0.0774,249.75,11.73606902,0.74,802,7141.041667,2917.0,7.4,0.0,0,0,0,Approved
16432,1,small_business,0.1496,554.32,11.22524339,7.02,742,3720.041667,9218.0,24.4,0.0,0,0,0,Approved
16433,1,small_business,0.2052,299.43,10.30895266,8.12,677,1522.0,7327.0,86.2,2.0,0,0,1,Review
16434,1,debt_consolidation,0.1287,504.5,10.78931908,15.39,717,3060.041667,15122.0,61.5,0.0,0,0,0,Approved
16435,1,all_other,0.1461,499.89,10.16585182,2.63,712,13023.04167,1318.0,94.1,0.0,0,0,0,Approved
16436,1,debt_consolidation,0.1496,692.9,11.69903982,21.04,687,6990.041667,93597.0,89.1,2.0,0,0,0,Review
16437,1,debt_consolidation,0.1392,170.69,11.6784399,21.98,677,7050.041667,53860.0,86.3,3.0,0,0,0,Review
16438,1,debt_consolidation,0.1218,466.2,10.93310697,6.36,732,3660.0,13719.0,47.6,2.0,0,0,0,Approved
16439,1,all_other,0.1253,200.8,11.19821472,2.91,692,2670.041667,2182.0,59,1.0,2,0,0,Review
16440,1,educational,0.0774,187.32,11.28978191,6.75,767,3601.0,3855.0,16.8,1.0,0,0,0,Approved
16441,1,debt_consolidation,0.1357,339.69,10.76848499,21.3,687,5490.0,8751.0,75.5,0.0,0,0,1,Review
16442,1,all_other,0.074,31.06,10.71441777,3.84,762,3360.041667,2387.0,6.9,1.0,0,0,0,Approved
16443,1,debt_consolidation,0.0894,171.57,11.22524339,10.48,732,4650.0,45340.0,61.5,1.0,0,0,0,Approved
16444,1,all_other,0.1148,32.97,10.96127785,24.46,707,3480.041667,3990.0,14.8,0.0,0,1,0,Approved
16445,1,small_business,0.1461,430.94,10.66802473,0.84,772,2820.0,425.0,6.6,2.0,0,0,0,Approved
16446,1,credit_card,0.0894,381.26,10.71441777,10.77,757,7806.041667,18115.0,33.1,0.0,0,0,0,Approved
16447,1,home_improvement,0.1183,347.91,11.27720313,4.57,777,5220.041667,258.0,0.7,0.0,0,0,1,Approved
16448,1,small_business,0.167,541.4,10.24281286,13.16,747,1140.0,29.0,0.3,2.0,0,0,1,Approved
16449,1,home_improvement,0.0894,381.26,11.1933448,15.1,762,3870.041667,7937.0,19.2,3.0,0,0,0,Approved
16450,1,debt_consolidation,0.1218,599.4,11.52781408,9.28,722,5190.041667,10433.0,45.8,0.0,0,1,0,Approved
16451,1,debt_consolidation,0.1461,172.38,10.91508846,2.42,667,4050.0,2771.0,16.4,0.0,0,0,0,Review
16452,1,debt_consolidation,0.1114,203.39,10.08580911,8.9,737,4470.041667,6143.0,56.4,1.0,0,0,1,Approved
16453,1,debt_consolidation,0.1496,866.13,11.3736634,24.19,707,10591.0,13580.0,48.5,3.0,0,0,0,Approved
16454,1,debt_consolidation,0.1114,164.02,11.12534939,13.35,722,4650.0,3768.0,43,0.0,0,0,0,Approved
16455,1,debt_consolidation,0.1322,464.76,10.6454249,24.03,707,5820.0,26418.0,85,0.0,0,0,1,Approved
16456,1,major_purchase,0.1287,50.45,10.96819829,17.32,687,6032.041667,15333.0,94.6,1.0,0,0,0,Review
16457,1,all_other,0.1565,34.99,9.680344001,14.1,667,1470.0,5802.0,70.1,0.0,0,0,0,Review
16458,1,debt_consolidation,0.1392,512.06,12.01370075,6.65,697,8880.041667,25641.0,92.2,0.0,1,0,0,Review
16459,1,debt_consolidation,0.0751,451.09,11.26446411,17.8,792,5854.0,7353.0,26.7,0.0,0,0,0,Approved
16460,1,all_other,0.1148,49.46,9.798127037,7.07,737,2220.0,2217.0,34.1,1.0,0,0,1,Approved
16461,1,all_other,0.1635,247.31,10.49127422,3.73,672,1860.0,3722.0,93,0.0,0,0,0,Review
16462,1,debt_consolidation,0.1253,267.74,10.54534144,8.43,697,2280.041667,8217.0,67.5,0.0,0,0,0,Review
16463,1,credit_card,0.1183,646.12,11.14041146,16.44,737,6570.0,27414.0,62.4,2.0,0,0,0,Approved
16464,1,debt_consolidation,0.0859,347.72,10.46310334,11.07,747,3720.041667,9298.0,36,1.0,0,0,0,Approved
16465,1,debt_consolidation,0.0859,410.94,10.47243113,17.63,777,5970.041667,10340.0,20.2,0.0,0,0,0,Approved
16466,1,debt_consolidation,0.0859,208.63,10.46310334,14.84,737,3450.041667,4262.0,15.3,2.0,0,0,0,Approved
16467,1,debt_consolidation,0.074,149.09,11.69524702,15.3,792,7320.0,4645.0,12.7,3.0,0,0,0,Approved
16468,1,small_business,0.1982,519.03,10.59663473,7.38,677,1590.041667,10812.0,85.1,0.0,0,0,0,Review
16469,1,debt_consolidation,0.1114,196.83,9.873234509,13.17,732,2550.0,1207.0,28.1,3.0,0,0,0,Approved
16470,1,debt_consolidation,0.1253,829.97,11.3736634,5.9,752,7230.0,0.0,0,0.0,0,0,0,Approved
16471,1,all_other,0.0859,316.11,11.60823564,2.02,787,6720.041667,4.0,0,0.0,0,0,0,Approved
16472,1,small_business,0.1461,551.61,11.81303006,20.74,747,4110.041667,81023.0,61.7,0.0,0,0,0,Approved
16473,1,all_other,0.1461,51.72,10.30895266,6.44,677,5040.0,5464.0,86.7,1.0,0,0,0,Review
16474,1,debt_consolidation,0.1148,329.69,10.95080655,19.12,712,5130.0,7352.0,51.1,0.0,0,1,0,Approved
16475,1,home_improvement,0.1218,166.5,11.12726298,12.76,712,4710.0,48838.0,93.6,3.0,0,0,0,Approved
16476,1,all_other,0.0894,317.72,11.1844214,9.38,782,5943.041667,3187.0,13.1,0.0,0,0,0,Approved
16477,1,debt_consolidation,0.1531,844.28,11.00209984,19.88,682,4823.041667,31756.0,79.6,2.0,0,0,0,Review
16478,1,credit_card,0.1253,267.74,11.40756495,10.59,692,3963.0,9304.0,28.3,2.0,0,1,0,Review
16479,1,all_other,0.1253,33.47,9.862665558,1.25,692,2970.0,379.0,15.8,1.0,0,0,0,Review
16480,1,debt_consolidation,0.0894,190.63,11.00209984,2.86,757,4830.041667,7392.0,42.5,0.0,0,0,0,Approved
16481,1,home_improvement,0.0859,110.64,10.61643736,8.56,787,14580.0,194.0,2.9,0.0,0,0,1,Approved
16482,1,credit_card,0.0894,285.95,10.46310334,7.58,752,2610.041667,10308.0,35.2,1.0,0,0,0,Approved
16483,1,all_other,0.074,31.06,10.34174248,0.97,812,6030.041667,753.0,2.4,0.0,0,0,0,Approved
16484,1,debt_consolidation,0.0859,252.89,10.0024275,22.17,757,5670.041667,2815.0,8.5,0.0,0,0,0,Approved
16485,1,all_other,0.1114,426.45,10.81977828,14.06,742,4410.0,12878.0,50.9,1.0,0,0,0,Approved
16486,1,home_improvement,0.1426,222.99,10.13459927,16.38,672,3990.0,1562.0,57.9,3.0,0,1,1,Review
16487,1,debt_consolidation,0.0894,355.85,11.15625052,13.08,762,4410.0,182.0,60.7,0.0,0,0,0,Approved
16488,1,debt_consolidation,0.16,527.36,11.51292546,18.91,667,6420.041667,30523.0,66.2,0.0,0,0,0,Review
16489,1,all_other,0.0705,494.4,11.59910316,5.8,727,7260.0,24166.0,55.8,2.0,0,0,0,Approved
16490,1,debt_consolidation,0.1357,441.6,10.49127422,22.53,692,4020.0,17524.0,82.9,0.0,0,0,1,Review
16491,1,all_other,0.074,71.44,10.50232405,18.59,762,5640.041667,2177.0,7.3,2.0,0,0,0,Approved
16492,1,all_other,0.0894,158.86,10.16585182,14.95,737,11702.0,10681.0,22.3,0.0,0,0,0,Approved
16493,1,home_improvement,0.1148,824.22,11.51292546,7.22,777,6630.041667,1146.0,6.8,2.0,0,0,0,Approved
16494,1,debt_consolidation,0.1218,799.2,12.20607265,9.13,757,3810.041667,298.0,1,1.0,0,0,0,Approved
16495,1,debt_consolidation,0.1183,795.22,12.1547583,1.88,792,4200.041667,682.0,3.3,1.0,0,0,0,Approved
16496,1,debt_consolidation,0.1496,831.48,12.20607265,0.2,707,5220.041667,255.0,0.8,0.0,1,0,0,Approved
16497,1,debt_consolidation,0.1183,795.22,11.91839057,0.7,812,11700.0,346.0,0.7,0.0,0,0,0,Approved
16498,1,debt_consolidation,0.1704,651.06,10.60905725,14.96,662,2430.041667,14248.0,44.9,1.0,1,0,0,Review
16499,1,all_other,0.1253,133.87,10.90716699,14.12,707,2497.0,1809.0,11.4,0.0,0,0,0,Approved
16500,1,debt_consolidation,0.0894,158.86,9.705036614,12.29,727,1830.0,7901.0,44.4,2.0,0,0,0,Approved
16501,1,all_other,0.0705,148.32,10.6873891,7.37,772,3780.041667,0.0,0,4.0,0,0,1,Approved
16502,1,debt_consolidation,0.1287,840.83,11.96718074,16.42,717,7200.041667,47643.0,82.6,1.0,0,0,0,Approved
16503,1,debt_consolidation,0.1218,166.5,10.7538359,6.38,772,1440.0,233.0,6.7,0.0,0,0,0,Approved
16504,1,all_other,0.0774,78.05,10.08580911,0.78,757,2380.041667,273.0,1.6,1.0,0,0,0,Approved
16505,1,debt_consolidation,0.0774,280.97,10.81977828,8.21,807,4410.0,5175.0,6.6,0.0,0,0,0,Approved
16506,1,all_other,0.1253,836.66,11.6351431,6.9,727,7110.041667,22180.0,55.9,2.0,1,0,0,Approved
16507,1,all_other,0.0894,238.29,10.43998092,8.88,792,4710.0,2470.0,32.1,0.0,0,0,0,Approved
16508,1,all_other,0.0859,205.47,10.76663064,4.83,782,3844.041667,1369.0,27.4,0.0,0,0,0,Approved
16509,1,debt_consolidation,0.1287,302.7,10.91508846,16.15,687,3391.041667,9846.0,80,0.0,0,0,0,Review
16510,1,all_other,0.1461,330.97,11.2835123,13.93,667,3660.0,9194.0,82.8,0.0,0,0,0,Review
16511,1,debt_consolidation,0.1148,296.72,10.4341158,24.49,722,4050.0,8016.0,49.8,0.0,0,0,0,Approved
16512,1,credit_card,0.074,186.36,11.58247951,9.51,772,10020.04167,5628.0,14.2,0.0,0,0,0,Approved
16513,1,all_other,0.074,496.95,11.1844214,21.52,702,3210.0,18813.0,53.9,1.0,0,0,0,Approved
16514,1,credit_card,0.1531,426.49,10.47333652,19.65,667,3810.041667,11705.0,81.3,0.0,0,0,0,Review
16515,1,all_other,0.0894,184.28,9.92329018,8,747,2971.0,995.0,4.2,1.0,0,0,0,Approved
16516,1,all_other,0.1287,807.2,11.28978191,10,722,1890.041667,9715.0,24.6,1.0,0,0,0,Approved
16517,1,credit_card,0.1099,818.38,11.98292909,10.24,742,5191.0,38139.0,41.8,2.0,0,0,0,Approved
16518,1,debt_consolidation,0.2121,816.14,11.03488966,15.45,667,3120.041667,10190.0,98.9,1.0,0,0,0,Review
16519,1,debt_consolidation,0.1114,656.07,11.00209984,8.56,772,8880.041667,18609.0,16.6,2.0,0,0,0,Approved
16520,1,home_improvement,0.1183,745.52,11.44035477,10.89,757,9540.0,60376.0,47.9,0.0,0,0,0,Approved
16521,1,major_purchase,0.1183,803.5,11.87756858,4.79,757,2670.041667,2097.0,12.1,1.0,0,0,0,Approved
16522,1,major_purchase,0.1392,819.29,11.26446411,4.48,707,8191.041667,656.0,8.6,1.0,0,0,0,Approved
16523,1,all_other,0.1148,276.94,10.23995979,21.05,732,7470.041667,438.0,21.9,1.0,0,0,0,Approved
16524,1,all_other,0.0774,636.86,11.22524339,15.38,707,7991.0,28260.0,45.3,3.0,0,0,0,Approved
16525,1,home_improvement,0.0894,667.21,11.91839057,10.42,757,3812.041667,298.0,1,1.0,0,0,0,Approved
16526,1,debt_consolidation,0.1183,828.35,11.77528973,16.19,752,5942.041667,48787.0,18.3,1.0,0,0,0,Approved
16527,1,debt_consolidation,0.1114,196.83,10.66895539,6.28,712,2640.041667,1571.0,30.2,1.0,0,0,0,Approved
16528,1,debt_consolidation,0.1148,494.53,10.62132735,24.97,737,4140.041667,14630.0,60.5,3.0,0,0,0,Approved
16529,1,small_business,0.1913,110.17,11.00209984,1.08,702,5100.0,1965.0,98.2,0.0,0,1,0,Approved
16530,1,home_improvement,0.1183,762.08,11.98292909,2.2,792,4202.041667,682.0,3.3,1.0,0,0,0,Approved
16531,1,debt_consolidation,0.1287,302.7,10.91508846,4.43,687,5370.041667,7132.0,28.8,1.0,1,1,0,Review
16532,1,credit_card,0.1426,171.53,12.54254488,14.27,707,4380.0,85303.0,98.2,1.0,0,0,0,Approved
16533,1,major_purchase,0.1426,686.12,12.10071213,0.2,707,5222.041667,255.0,0.8,0.0,1,0,0,Approved
16534,1,all_other,0.1183,795.22,11.91839057,0.7,812,11702.0,346.0,0.7,0.0,0,0,0,Approved
16535,1,debt_consolidation,0.1148,527.5,10.59663473,16.44,737,3990.0,5768.0,39.2,1.0,0,0,0,Approved
16536,1,credit_card,0.0774,156.1,10.8729019,23.1,757,3030.041667,4987.0,12.2,0.0,0,0,0,Approved
16537,1,all_other,0.074,155.3,10.858999,16.43,777,8910.041667,89277.0,11.6,1.0,0,0,0,Approved
16538,1,credit_card,0.1218,765.9,12.20607265,9.13,757,3813.041667,298.0,1,1.0,0,0,0,Approved
16539,1,home_improvement,0.1148,692.34,12.10071213,1.98,792,4203.041667,682.0,3.3,1.0,0,0,0,Approved
16540,1,credit_card,0.1565,166.19,9.952277717,19.14,667,4520.041667,12741.0,72.8,0.0,0,0,0,Review
16541,1,all_other,0.0774,273.17,11.91839057,0.9,782,12450.0,5016.0,17.9,0.0,0,0,0,Approved
16542,1,debt_consolidation,0.1287,100.9,9.458449669,18.35,682,6031.041667,4805.0,84.3,0.0,0,1,0,Review
16543,1,debt_consolidation,0.1531,452.6,10.858999,16.34,667,3720.041667,14092.0,57.8,0.0,1,0,0,Review
16544,1,all_other,0.1496,831.48,11.98292909,0.2,707,5223.041667,255.0,0.8,0.0,1,0,0,Approved
16545,1,home_improvement,0.1148,659.37,11.91839057,0.7,812,11703.0,346.0,0.7,0.0,0,0,0,Approved
16546,1,all_other,0.0894,238.29,10.4341158,6.46,757,2443.041667,3444.0,15.9,2.0,0,0,0,Approved
16547,1,debt_consolidation,0.1183,795.22,11.0744205,19.11,747,4170.041667,3567.0,7.4,2.0,0,0,0,Approved
16548,1,credit_card,0.0859,379.33,10.59663473,9.33,797,6030.041667,2823.0,5.7,1.0,0,0,0,Approved
16549,1,debt_consolidation,0.1253,669.33,11.98292909,21.17,717,5490.0,78024.0,66.5,2.0,0,0,1,Approved
16550,1,debt_consolidation,0.1218,166.5,10.04324949,9.08,702,7379.041667,5999.0,40.8,1.0,0,1,0,Approved
16551,1,debt_consolidation,0.0859,316.11,11.91839057,15.75,757,4830.041667,42160.0,59.4,1.0,0,0,1,Approved
16552,1,debt_consolidation,0.1357,339.69,11.17745273,4.72,687,4440.0,8989.0,79.5,0.0,0,0,0,Review
16553,1,all_other,0.1426,686.12,11.45158183,24.77,687,3690.0,17816.0,70.4,0.0,0,0,0,Review
16554,1,all_other,0.0705,231.75,10.77895629,0.85,712,5190.041667,797.0,31.9,0.0,0,1,0,Approved
16555,1,all_other,0.1287,470.87,10.42228135,22.29,767,4928.041667,12039.0,88,4.0,0,0,0,Approved
16556,1,all_other,0.1218,83.25,10.81977828,15.55,692,2040.041667,6592.0,48.1,1.0,0,0,0,Review
16557,1,all_other,0.1114,492.06,11.51292546,17.01,767,5820.0,8828.0,19.5,2.0,0,0,0,Approved
16558,1,debt_consolidation,0.1183,728.95,12.25486281,13.51,757,3814.041667,298.0,1,1.0,0,0,0,Approved
16559,1,credit_card,0.1183,762.08,12.15477935,6.91,792,4204.041667,682.0,3.3,1.0,0,0,0,Approved
16560,1,educational,0.0894,406.68,11.62735176,15.43,777,3000.041667,0.0,0,1.0,0,0,0,Approved
16561,1,debt_consolidation,0.1385,682.08,11.15625052,8.16,697,3480.041667,3153.0,28.9,2.0,0,0,0,Review
16562,1,all_other,0.0705,278.1,11.77528973,4.98,792,7620.0,4433.0,3.9,0.0,0,0,0,Approved
16563,1,all_other,0.0705,355.35,11.2185544,16.38,722,4380.0,8813.0,67.6,1.0,0,0,0,Approved
16564,1,all_other,0.1148,80.78,11.00209984,18.66,702,9360.041667,14626.0,51.5,1.0,0,0,0,Approved
16565,1,debt_consolidation,0.1287,336.34,10.69194491,11.75,692,2730.041667,703.0,18.5,0.0,1,0,0,Review
16566,1,debt_consolidation,0.1322,709.82,11.48246626,20.1,712,4358.0,22245.0,72.5,2.0,0,0,0,Approved
16567,1,all_other,0.0894,381.26,12.59133505,0.5,797,5970.041667,5306.0,2.8,0.0,0,0,0,Approved
16568,1,all_other,0.1426,720.43,12.04355372,0.2,707,5224.041667,255.0,0.8,0.0,1,0,0,Approved
16569,1,major_purchase,0.1183,795.22,11.91839057,7.06,812,11704.0,346.0,0.7,0.0,0,0,0,Approved
16570,1,credit_card,0.0894,31.78,11.46163217,0.25,767,2100.0,165.0,1.1,0.0,0,0,0,Approved
16571,1,all_other,0.0894,571.89,12.46843691,0.65,782,11580.0,6096.0,17.3,0.0,0,0,0,Approved
16572,1,all_other,0.1287,134.54,9.798127037,7,737,1140.0,48.0,4.8,1.0,0,0,1,Approved
16573,1,all_other,0.0705,494.4,12.39617634,6.4,802,5430.0,74927.0,13.9,0.0,0,0,0,Approved
16574,1,credit_card,0.1148,659.37,11.56171563,11.14,747,5875.0,8080.0,23.5,1.0,0,0,0,Approved
16575,1,all_other,0.1114,328.04,10.858999,22.08,732,3960.0,6934.0,34.2,3.0,0,0,0,Approved
16576,1,home_improvement,0.1183,82.84,12.12269104,8.45,692,5130.0,399.0,39.9,0.0,1,3,0,Review
16577,1,all_other,0.1148,197.82,11.00209984,9.12,712,4652.0,8715.0,50.1,0.0,1,0,0,Approved
16578,1,debt_consolidation,0.167,488.15,11.28978191,18.81,682,2494.0,13964.0,99.7,0.0,0,1,0,Review
16579,1,all_other,0.0894,285.95,10.59663473,12.42,767,4478.041667,739.0,2.1,1.0,0,0,0,Approved
16580,1,all_other,0.1218,799.2,11.8493977,24.2,757,3815.041667,298.0,1,1.0,0,0,0,Approved
16581,1,all_other,0.1148,692.34,11.77528973,23.43,792,4205.041667,682.0,3.3,1.0,0,0,0,Approved
16582,1,home_improvement,0.1426,720.43,11.69524702,8.51,707,5225.041667,255.0,0.8,0.0,1,0,0,Approved
16583,1,debt_consolidation,0.1114,328.04,10.95080655,16.21,722,4771.0,29682.0,28.4,0.0,0,0,0,Approved
16584,1,major_purchase,0.1253,83.67,10.30895266,9.52,682,2520.0,4987.0,22.3,3.0,1,0,0,Review
16585,1,debt_consolidation,0.1357,84.93,10.59663473,7.89,672,8460.0,1243.0,17.8,2.0,0,0,1,Review
16586,1,debt_consolidation,0.1183,795.22,11.77528973,15.38,812,11705.0,346.0,0.7,0.0,0,0,0,Approved
16587,1,debt_consolidation,0.1183,712.38,11.8493977,24.2,757,3816.041667,298.0,1,1.0,0,0,0,Approved
16588,1,home_improvement,0.1183,755.46,11.77528973,23.43,792,4206.041667,682.0,3.3,1.0,0,0,0,Approved
16589,1,major_purchase,0.1183,579.85,11.81303006,12.28,737,7140.041667,19549.0,52.5,1.0,0,0,0,Approved
16590,1,all_other,0.1496,817.63,11.69524702,8.51,707,5226.041667,255.0,0.8,0.0,1,0,0,Approved
16591,1,all_other,0.1183,811.79,11.91839057,13.42,812,11706.0,346.0,0.7,0.0,0,0,0,Approved
16592,1,debt_consolidation,0.1253,510.37,10.42228135,19.21,712,3780.041667,7645.0,41.9,1.0,1,0,0,Approved
16593,1,all_other,0.1114,328.04,11.11575585,9.64,757,4410.0,61034.0,37.6,5.0,0,0,0,Approved
16594,1,all_other,0.0988,483.16,10.71441777,12.91,797,5190.0,808.0,0.5,2.0,1,0,0,Approved
16595,1,all_other,0.0705,494.4,12.20607265,6.94,737,7983.0,64266.0,60.8,0.0,0,0,0,Approved
16596,1,debt_consolidation,0.1253,334.67,11.08214255,3.54,707,4890.041667,9514.0,27.2,1.0,0,0,0,Approved
16597,1,credit_card,0.1183,695.82,11.91839057,22.94,757,3817.041667,298.0,1,1.0,0,0,0,Approved
16598,1,home_improvement,0.1148,685.75,11.8493977,21.77,792,4207.041667,682.0,3.3,1.0,0,0,0,Approved
16599,1,all_other,0.1496,782.98,11.77528973,7.88,707,5227.041667,255.0,0.8,0.0,1,0,0,Approved
16600,1,debt_consolidation,0.1183,795.22,11.98292909,12.63,812,11707.0,346.0,0.7,0.0,0,0,0,Approved
16601,1,debt_consolidation,0.1287,235.44,11.40756495,24.76,687,8416.0,26241.0,57.4,1.0,0,0,0,Review
16602,1,all_other,0.16,175.79,10.84349481,8.88,687,2610.0,1793.0,99.6,0.0,0,0,1,Review
16603,1,debt_consolidation,0.1025,647.7,10.71441777,4.11,747,3183.041667,5081.0,40,0.0,0,0,0,Approved
16604,1,all_other,0.1253,147.26,9.980448594,6.17,687,6060.041667,902.0,12.2,2.0,2,0,0,Review
16605,1,home_improvement,0.1183,689.19,11.88448902,23.55,757,3818.041667,298.0,1,1.0,0,0,0,Approved
16606,1,debt_consolidation,0.1148,712.12,11.83500896,22.09,792,4208.041667,682.0,3.3,1.0,0,0,0,Approved
16607,1,all_other,0.1496,814.16,11.72803684,8.25,707,5228.041667,255.0,0.8,0.0,1,0,0,Approved
16608,1,major_purchase,0.1183,798.53,11.8493977,14.33,812,11708.0,346.0,0.7,0.0,0,0,0,Approved
16609,1,all_other,0.1183,99.41,11.1844214,11.12,727,8220.041667,1942.0,77.7,0.0,0,0,0,Approved
16610,1,debt_consolidation,0.1322,388.71,10.92593848,20.7,687,2280.041667,15543.0,57.4,3.0,0,0,0,Review
16611,1,credit_card,0.1322,338.01,11.95761129,14.57,687,6750.041667,4027.0,17.4,1.0,2,0,0,Review
16612,1,all_other,0.0705,587.1,10.89673933,7,752,4682.0,2606.0,57.9,0.0,0,0,1,Approved
16613,1,all_other,0.074,248.48,11.19821472,0.44,697,5190.041667,666.0,8.5,0.0,1,0,0,Review
16614,1,home_improvement,0.1183,828.35,11.77528973,5.18,772,4440.0,6469.0,1.1,1.0,0,0,0,Approved
16615,1,debt_consolidation,0.1218,233.1,10.30895266,19.36,702,2100.0,6601.0,58.2,1.0,0,0,1,Approved
16616,1,debt_consolidation,0.1114,393.65,11.28978191,2.85,757,3480.041667,31183.0,72.5,3.0,0,0,0,Approved
16617,1,debt_consolidation,0.1253,309.57,11.17745273,13.83,692,2490.0,18463.0,79.2,1.0,0,0,0,Review
16618,1,credit_card,0.1273,429.65,10.70099475,12.3,712,3727.0,15598.0,66.9,0.0,0,0,0,Approved
16619,1,debt_consolidation,0.1461,344.76,10.46310334,10.22,672,4530.041667,10274.0,76.1,1.0,0,0,0,Review
16620,1,debt_consolidation,0.1496,554.32,11.28978191,24.63,677,4412.0,21557.0,68,1.0,0,0,0,Review
16621,1,debt_consolidation,0.1148,329.69,10.30895266,16,722,2730.041667,4429.0,18.8,2.0,0,0,0,Approved
16622,1,debt_consolidation,0.1099,818.38,11.22524339,17.34,737,5890.0,21914.0,40,1.0,0,0,0,Approved
16623,1,debt_consolidation,0.1287,50.45,9.798127037,19.8,687,2340.041667,6454.0,86.1,0.0,0,0,0,Review
16624,1,all_other,0.0705,231.75,9.450930837,0,732,1200.041667,0.0,0,3.0,0,0,1,Approved
16625,1,all_other,0.0705,247.2,11.22524339,1.73,807,6810.041667,3248.0,6.1,1.0,0,0,0,Approved
16626,1,all_other,0.0705,268.83,10.89673933,2.67,787,4800.0,3519.0,11.3,0.0,0,0,0,Approved
16627,1,debt_consolidation,0.1287,504.5,10.91508846,16.93,712,5160.0,18620.0,87,0.0,0,0,0,Approved
16628,1,small_business,0.1774,864.51,11.08214255,6.18,707,11940.0,46100.0,75.5,2.0,0,1,0,Approved
16629,1,debt_consolidation,0.1114,262.43,11.00209984,8.12,732,3330.0,8127.0,60.2,2.0,0,0,0,Approved
16630,1,home_improvement,0.1287,210.21,11.08424188,13.61,687,5070.0,8471.0,44.4,1.0,0,0,0,Review
16631,1,debt_consolidation,0.1531,348.16,10.83958091,8,687,2760.041667,11529.0,96.1,2.0,0,0,0,Review
16632,1,home_improvement,0.074,31.06,11.58058411,0.96,772,4140.041667,4938.0,1.9,1.0,0,0,0,Approved
16633,1,home_improvement,0.1218,166.5,10.91508846,3.32,737,4950.041667,7728.0,32.1,0.0,0,0,0,Approved
16634,1,educational,0.1114,32.81,8.881836305,9.5,722,5040.0,1552.0,9.1,2.0,0,0,0,Approved
16635,1,debt_consolidation,0.1183,439.03,11.00209984,15.54,712,2641.041667,13141.0,44.8,1.0,0,0,0,Approved
16636,1,small_business,0.1635,529.94,10.59663473,0.78,757,1350.041667,1343.0,8.7,0.0,0,0,0,Approved
16637,1,debt_consolidation,0.1287,605.4,10.71441777,21.09,707,4530.041667,12076.0,39.7,0.0,0,0,0,Approved
16638,1,all_other,0.1322,50.71,10.54534144,4.8,712,1890.041667,3875.0,94.5,1.0,0,0,0,Approved
16639,1,debt_consolidation,0.1531,174.08,10.91508846,9.45,732,2643.041667,0.0,,0.0,0,0,0,Approved
16640,1,debt_consolidation,0.1385,341.04,11.1844214,12.83,682,6210.0,14592.0,70.8,0.0,0,0,0,Review
16641,1,all_other,0.1253,836.66,11.81790703,0.02,797,7920.041667,74.0,0.1,3.0,0,0,0,Approved
16642,1,all_other,0.0894,317.72,11.36210258,17.43,757,6060.041667,26741.0,0.3,0.0,0,0,0,Approved
16643,1,debt_consolidation,0.0894,571.89,11.56171563,12.29,777,6964.0,62689.0,9.8,0.0,0,0,0,Approved
16644,1,debt_consolidation,0.1607,612.38,11.51292546,9.9,667,7772.041667,12487.0,72.2,2.0,0,0,0,Review
16645,1,all_other,0.1183,828.35,11.36210258,11.4,747,3180.041667,11361.0,42.1,0.0,0,0,0,Approved
16646,1,debt_consolidation,0.1218,532.8,11.10495723,19.71,737,12600.04167,28735.0,82.6,3.0,0,0,0,Approved
16647,1,debt_consolidation,0.1739,716.95,11.75194237,11.39,662,4740.0,28882.0,48.3,0.0,2,0,0,Review
16648,1,home_improvement,0.1218,333.0,9.798127037,10.07,707,4560.041667,7159.0,73.1,1.0,1,0,1,Approved
16649,1,small_business,0.1635,883.23,10.7864283,10.52,717,4262.041667,13160.0,64.9,0.0,1,0,1,Approved
16650,1,debt_consolidation,0.1774,504.3,11.46163217,22.19,662,4421.0,19828.0,53.6,1.0,0,0,0,Review
16651,1,debt_consolidation,0.1218,133.2,10.62132735,16.65,697,1920.041667,1649.0,22.6,3.0,0,0,1,Review
16652,1,debt_consolidation,0.1496,304.88,10.75244803,16.35,667,2820.041667,14099.0,77.5,0.0,0,0,0,Review
16653,1,debt_consolidation,0.1607,211.17,10.80972795,15.39,702,6600.0,4941.0,98.8,1.0,0,1,0,Approved
16654,1,all_other,0.1426,377.37,12.63460303,10.21,692,7050.041667,60789.0,97.3,0.0,0,0,0,Review
16655,1,all_other,0.1183,795.22,11.22524339,3.33,807,4440.0,6469.0,1.1,1.0,0,0,0,Approved
16656,1,debt_consolidation,0.0894,301.83,10.23995979,15.81,757,2310.041667,293.0,2.3,2.0,0,0,0,Approved
16657,1,all_other,0.1114,114.82,10.71441777,15.49,782,4260.041667,0.0,0,1.0,0,0,0,Approved
16658,1,debt_consolidation,0.0894,177.93,10.53209621,21.54,747,1950.041667,1085.0,14.5,4.0,0,0,0,Approved
16659,1,all_other,0.1114,262.43,10.97944515,0.31,727,4080.0,391.0,7.2,1.0,0,0,0,Approved
16660,1,debt_consolidation,0.1531,870.39,11.98292909,16.36,697,3120.041667,31756.0,45.2,1.0,0,0,0,Review
16661,1,all_other,0.074,186.36,11.28978191,13.66,772,4441.0,2796.0,7.2,0.0,0,0,0,Approved
16662,1,small_business,0.1913,550.81,11.73606902,9.96,687,4561.041667,12730.0,95,1.0,0,0,0,Review
16663,1,all_other,0.1218,116.55,10.15767851,3.44,707,3540.041667,1815.0,62.6,0.0,0,0,1,Approved
16664,1,small_business,0.16,527.36,11.21182037,12.65,707,3064.041667,1756.0,31.4,1.0,0,0,0,Approved
16665,1,all_other,0.1273,342.38,10.91508846,9.6,697,2370.041667,17482.0,39.6,3.0,0,0,0,Review
16666,1,all_other,0.0774,312.19,11.28978191,1.14,812,8190.041667,3477.0,7.3,0.0,0,0,0,Approved
16667,1,all_other,0.074,217.42,10.18111929,9.18,787,9000.041667,6115.0,16.4,2.0,0,0,0,Approved
16668,1,all_other,0.0774,312.19,10.49127422,22.37,782,5490.0,3052.0,5.2,0.0,0,0,0,Approved
16669,1,educational,0.1148,263.75,11.02679245,19.69,717,3276.0,19967.0,52,0.0,0,0,0,Approved
16670,1,major_purchase,0.0859,252.89,10.93310697,1.82,752,3510.041667,3258.0,5.5,2.0,0,0,0,Approved
16671,1,debt_consolidation,0.1148,576.95,13.36295384,1.55,742,2970.0,9132.0,36.5,3.0,1,0,0,Approved
16672,1,debt_consolidation,0.1357,271.75,10.65725935,24.99,697,1800.0,6382.0,74.2,1.0,0,0,0,Review
16673,1,small_business,0.16,140.63,10.18746276,12.74,707,1890.041667,4303.0,51.8,1.0,0,0,0,Approved
16674,1,debt_consolidation,0.1183,828.35,11.06663836,22.22,767,7680.0,17557.0,26.2,0.0,0,0,0,Approved
16675,1,debt_consolidation,0.1183,57.99,10.59663473,22.44,707,6270.0,7757.0,93,1.0,0,0,0,Approved
16676,1,all_other,0.1114,262.43,11.00209984,13.52,732,2850.0,3862.0,13.5,3.0,0,0,0,Approved
16677,1,debt_consolidation,0.1322,304.21,10.73639668,15.57,682,2970.0,16660.0,73.1,0.0,0,0,0,Review
16678,1,credit_card,0.1218,832.5,11.51292546,18.3,747,7350.0,68.0,0.6,0.0,0,0,0,Approved
16679,1,major_purchase,0.074,31.06,10.71441777,3.31,772,3600.0,511.0,3.1,2.0,0,0,0,Approved
16680,1,debt_consolidation,0.1218,807.53,11.77528973,14.77,742,7500.041667,27947.0,25.3,0.0,0,0,0,Approved
16681,1,debt_consolidation,0.1565,223.92,10.75790288,8.94,662,2580.0,0.0,0,0.0,0,1,1,Review
16682,1,debt_consolidation,0.1287,840.83,11.28978191,18.81,722,12482.0,31890.0,78.7,1.0,0,0,0,Approved
16683,1,debt_consolidation,0.0859,189.67,11.60823564,6.43,742,6360.041667,5124.0,16.8,2.0,0,0,0,Approved
16684,1,debt_consolidation,0.1218,499.5,11.40756495,17.85,722,6961.0,9129.0,63,0.0,0,0,0,Approved
16685,1,all_other,0.0894,317.72,11.2710195,0.61,782,3390.041667,951.0,3.9,1.0,0,0,0,Approved
16686,1,major_purchase,0.1426,34.31,11.51292546,3.55,742,5940.041667,18435.0,7.2,2.0,0,0,0,Approved
16687,1,credit_card,0.1531,208.9,10.30895266,8.76,667,1440.0,5531.0,79,3.0,0,0,0,Review
16688,1,debt_consolidation,0.1739,860.34,11.75194237,15,672,9720.041667,6759.0,27.8,0.0,3,0,0,Review
16689,1,debt_consolidation,0.1253,334.67,10.46310334,21.29,702,3660.0,15248.0,57.9,0.0,0,0,0,Approved
16690,1,educational,0.0894,190.63,10.59663473,19.26,727,4230.041667,5324.0,66.5,0.0,0,0,0,Approved
16691,1,all_other,0.0894,317.72,11.40756495,12.83,742,12570.04167,43615.0,16.7,0.0,0,0,0,Approved
16692,1,all_other,0.1183,99.41,9.574983486,4.17,737,2250.0,0.0,0,1.0,0,0,1,Approved
16693,1,debt_consolidation,0.1025,194.31,10.93024574,16.33,712,3750.0,14541.0,16.5,3.0,0,0,0,Approved
16694,1,all_other,0.0894,266.89,10.62132735,13.9,737,5730.041667,9851.0,43.2,0.0,0,0,0,Approved
16695,1,credit_card,0.1322,676.02,11.57119437,9.32,707,5010.041667,16821.0,80.5,1.0,0,0,0,Approved
16696,1,debt_consolidation,0.1426,514.59,11.77528973,24.95,702,8310.0,74469.0,81.3,0.0,0,0,0,Approved
16697,1,debt_consolidation,0.1183,331.34,11.12726298,16.94,717,2130.0,14078.0,82.8,3.0,0,0,0,Approved
16698,1,all_other,0.1218,352.98,11.45105006,8.49,737,5040.0,9044.0,24.1,1.0,1,0,0,Approved
16699,1,all_other,0.1183,82.84,10.08580911,7.2,692,3570.0,4484.0,65,0.0,0,0,0,Review
16700,1,all_other,0.1136,246.84,10.49127422,18.87,697,4590.041667,14225.0,53.7,1.0,0,0,0,Review
16701,1,debt_consolidation,0.1148,428.59,10.71441777,6,732,3300.0,11574.0,14.9,1.0,1,0,1,Approved
16702,1,credit_card,0.1253,669.33,11.36986308,20.13,717,6210.0,51324.0,63.6,0.0,0,0,0,Approved
16703,1,credit_card,0.1392,682.74,11.58988651,4.62,742,4440.0,4588.0,91.8,0.0,0,0,0,Approved
16704,1,credit_card,0.1062,150.59,11.15625052,19.94,707,12150.0,34299.0,68.3,0.0,0,0,0,Approved
16705,1,debt_consolidation,0.1183,281.64,11.33857208,13.63,727,5550.041667,44643.0,90,1.0,0,0,0,Approved
16706,1,debt_consolidation,0.1565,258.9,11.1844214,9.32,662,5040.0,5001.0,84.8,0.0,1,1,0,Review
16707,1,debt_consolidation,0.1025,323.85,11.44035477,2.71,717,6138.041667,9612.0,41.1,3.0,0,0,0,Approved
16708,1,major_purchase,0.1114,196.83,11.08214255,0.52,782,3420.041667,906.0,11.6,0.0,0,0,0,Approved
16709,1,debt_consolidation,0.1183,265.08,10.89673933,21.98,712,2190.0,8959.0,65.9,2.0,0,0,0,Approved
16710,1,all_other,0.1183,115.97,11.40756495,4.33,717,3510.041667,11999.0,94.5,0.0,0,0,1,Approved
16711,1,small_business,0.167,170.41,11.03488966,23.86,677,4590.041667,3024.0,24.4,3.0,0,0,0,Review
16712,1,debt_consolidation,0.0774,202.93,9.798127037,18,787,4110.041667,2816.0,13.2,0.0,0,0,0,Approved
16713,1,all_other,0.1114,147.62,9.392661929,17,772,14640.0,5326.0,40,1.0,0,0,0,Approved
16714,1,debt_consolidation,0.1025,777.24,11.06663836,7.59,782,6300.041667,14882.0,28.2,0.0,0,0,0,Approved
16715,1,credit_card,0.0859,316.11,10.89673933,9.98,752,6930.0,21131.0,32.2,0.0,0,0,0,Approved
16716,1,debt_consolidation,0.0894,460.69,10.83958091,10.96,777,6399.041667,1461.0,3.1,0.0,0,0,0,Approved
16717,1,credit_card,0.0859,189.67,11.68687877,8.21,742,6120.0,27116.0,41.6,1.0,0,0,0,Approved
16718,1,major_purchase,0.0774,140.49,10.59663473,16.02,747,3815.041667,1580.0,29.3,1.0,0,0,0,Approved
16719,1,credit_card,0.16,316.42,11.3736634,10.86,687,5550.041667,14679.0,86.3,3.0,0,0,0,Review
16720,1,debt_consolidation,0.1739,358.48,10.87804719,22.35,672,14580.0,19099.0,99,1.0,0,1,0,Review
16721,1,debt_consolidation,0.1461,689.51,11.03488966,9.41,682,4050.0,20976.0,39.1,0.0,1,0,1,Review
16722,1,major_purchase,0.1843,872.88,13.30468493,7.09,662,6120.0,58222.0,39,1.0,0,0,1,Review
16723,1,home_improvement,0.1357,509.53,11.95761129,8.88,687,3359.041667,92755.0,49.2,1.0,0,0,0,Review
16724,1,all_other,0.0859,126.45,11.71993963,7.67,742,5850.0,32282.0,66.6,2.0,0,0,0,Approved
16725,1,all_other,0.1183,165.67,9.903487553,17.64,722,5490.0,784.0,41.3,0.0,0,0,0,Approved
16726,1,all_other,0.167,170.41,11.2009507,19.98,692,3723.041667,15934.0,99,3.0,0,0,1,Review
16727,1,debt_consolidation,0.1218,807.53,11.12726298,18.67,737,5550.041667,63437.0,65.2,0.0,0,0,0,Approved
16728,1,all_other,0.0774,156.1,11.11988288,0.6,752,3090.041667,1248.0,9.3,0.0,0,0,0,Approved
16729,1,all_other,0.1426,274.45,10.87804719,22.46,672,4110.041667,3527.0,84,3.0,0,0,0,Review
16730,1,debt_consolidation,0.1148,553.87,11.41861479,10.77,747,7290.0,17502.0,65.8,0.0,0,0,0,Approved
16731,1,all_other,0.1183,49.71,9.392661929,1.5,732,1680.041667,246.0,24.6,0.0,0,0,0,Approved
16732,1,educational,0.1253,334.67,12.16002871,12.2,712,8340.0,444.0,2.5,0.0,0,0,0,Approved
16733,1,home_improvement,0.1114,492.06,11.46163217,24.87,747,9788.0,50662.0,14.8,0.0,1,0,0,Approved
16734,1,small_business,0.1565,349.87,10.71441777,5.41,752,4410.0,5695.0,59.9,0.0,0,0,1,Approved
16735,1,credit_card,0.1114,426.45,11.15434871,10.43,742,5226.041667,12724.0,50.9,1.0,0,0,0,Approved
16736,1,debt_consolidation,0.1148,692.34,11.22524339,15.63,747,7680.0,23860.0,55.5,1.0,0,0,0,Approved
16737,1,major_purchase,0.1218,99.9,9.980448594,1.67,727,3090.041667,37.0,1.1,0.0,0,0,0,Approved
16738,1,all_other,0.1148,263.75,10.73639668,15.1,737,2400.041667,13415.0,43.6,0.0,0,0,0,Approved
16739,1,debt_consolidation,0.1287,373.33,11.04292184,19.99,692,3450.041667,9505.0,59.8,0.0,0,0,0,Review
16740,1,debt_consolidation,0.1287,504.5,10.54534144,21.98,702,1920.041667,15432.0,64,2.0,0,0,0,Approved
16741,1,all_other,0.1253,702.8,10.46310334,6.65,727,1650.041667,7191.0,27,0.0,0,0,0,Approved
16742,1,major_purchase,0.1183,297.38,10.08580911,20.65,732,2069.041667,2678.0,33.5,1.0,0,0,0,Approved
16743,1,debt_consolidation,0.1496,840.15,11.02755639,20.16,702,3690.0,21111.0,75.7,3.0,0,0,0,Approved
16744,1,all_other,0.1148,758.28,11.60823564,11.04,772,4920.041667,60184.0,46.7,0.0,0,0,0,Approved
16745,1,all_other,0.0859,94.84,11.64780595,0.16,752,1956.041667,531.0,35.4,0.0,0,0,0,Approved
16746,1,home_improvement,0.1114,131.22,10.96819829,5.86,717,4230.041667,823.0,5.1,0.0,0,0,0,Approved
16747,1,credit_card,0.1253,267.74,11.28426673,7.81,692,3780.041667,10750.0,47.1,0.0,0,0,0,Review
16748,1,all_other,0.1392,170.69,10.42228135,15.68,687,1500.0,3450.0,32.2,1.0,0,0,0,Review
16749,1,debt_consolidation,0.1357,390.64,10.49127422,12.1,682,3540.041667,13782.0,22.7,0.0,0,0,0,Review
16750,1,home_improvement,0.1253,66.94,9.92329018,24.35,717,3390.041667,0.0,0,1.0,1,0,0,Approved
16751,1,credit_card,0.1496,692.93,11.28978191,20.76,677,3240.0,22737.0,87.4,2.0,0,0,0,Review
16752,1,major_purchase,0.1114,492.06,11.04292184,9.35,767,5370.041667,19639.0,39.1,2.0,0,0,1,Approved
16753,1,all_other,0.16,98.45,10.6454249,22.31,697,3006.041667,14850.0,99,0.0,0,0,0,Review
16754,1,debt_consolidation,0.0859,269.48,10.89673933,10.56,782,4110.041667,3168.0,15.1,0.0,0,0,0,Approved
16755,1,home_improvement,0.1565,874.66,11.1124479,13.65,687,6510.0,11325.0,43.9,1.0,0,0,0,Review
16756,1,debt_consolidation,0.1183,215.38,10.37972173,22.25,722,4020.0,1604.0,72.9,0.0,0,0,0,Approved
16757,1,home_improvement,0.1392,573.5,11.09522582,17.49,687,4620.041667,19158.0,64.7,1.0,1,0,0,Review
16758,1,debt_consolidation,0.1148,296.72,10.1266311,16.7,722,3390.041667,1557.0,51.9,0.0,0,0,0,Approved
16759,1,credit_card,0.1218,719.28,12.36307639,12.88,732,7530.041667,58974.0,71.7,0.0,0,0,0,Approved
16760,1,debt_consolidation,0.0859,379.33,11.3736634,18.8,772,4627.041667,17757.0,23.5,0.0,0,0,0,Approved
16761,1,all_other,0.0894,190.63,10.26813067,15.08,722,2220.0,3322.0,21.3,0.0,0,0,0,Approved
16762,1,debt_consolidation,0.1461,206.86,10.71441777,16.67,662,2310.041667,7367.0,79.8,2.0,0,0,0,Review
16763,1,debt_consolidation,0.1392,409.65,11.96400108,18.75,702,7110.041667,139636.0,95.6,0.0,0,0,0,Approved
16764,1,debt_consolidation,0.1426,514.59,11.00429742,8.94,682,2400.041667,14917.0,64.3,0.0,0,0,0,Review
16765,1,debt_consolidation,0.1461,137.91,9.574983486,4.92,682,1350.041667,1737.0,48.2,1.0,0,0,0,Review
16766,1,debt_consolidation,0.1426,686.12,11.1124479,11.23,687,2220.0,20833.0,84.7,2.0,0,0,0,Review
16767,1,debt_consolidation,0.0859,221.28,10.6454249,13.86,757,5730.041667,0.0,0,0.0,0,0,0,Approved
16768,1,small_business,0.1635,529.94,11.8493977,11.25,702,5512.0,21229.0,64.7,2.0,0,0,0,Approved
16769,1,all_other,0.1461,96.54,9.501516334,3.14,672,15990.0,709.0,22.9,0.0,0,0,0,Review
16770,1,home_improvement,0.1287,168.17,11.58988651,16.04,682,5430.0,1405.0,23.4,1.0,0,0,0,Review
16771,1,debt_consolidation,0.1426,111.5,9.92329018,22.41,667,3450.041667,7986.0,81.5,1.0,0,1,1,Review
16772,1,debt_consolidation,0.1809,904.88,11.57119437,16.37,672,5106.0,22792.0,76.7,2.0,0,0,0,Review
16773,1,debt_consolidation,0.1287,403.6,10.59663473,19.32,697,2640.041667,10602.0,60.6,2.0,0,0,1,Review
16774,1,debt_consolidation,0.0774,199.8,9.655026193,12.69,757,5850.0,7633.0,28.8,0.0,1,0,0,Approved
16775,1,debt_consolidation,0.1114,485.5,10.30895266,15.52,737,4020.0,8458.0,28.6,1.0,0,0,0,Approved
16776,1,major_purchase,0.0894,254.18,10.51867319,21.41,742,14923.0,3276.0,11.3,1.0,0,0,0,Approved
16777,1,debt_consolidation,0.1114,295.24,10.08580911,12.1,737,2370.041667,9107.0,63.2,1.0,0,0,0,Approved
16778,1,debt_consolidation,0.1531,870.39,11.69524702,8.39,692,3480.041667,14927.0,39.1,0.0,0,0,0,Review
16779,1,all_other,0.1183,662.68,12.3883942,2.73,737,4800.0,1260.0,7.2,0.0,0,1,1,Approved
16780,1,debt_consolidation,0.1183,53.02,11.05879518,12.26,712,3900.041667,3221.0,74.9,2.0,0,0,0,Approved
16781,1,debt_consolidation,0.0894,254.18,11.00209984,3.62,747,3060.041667,7610.0,34,0.0,0,0,0,Approved
16782,1,home_improvement,0.1148,593.44,11.42954386,7.84,752,14761.04167,2522.0,34.5,4.0,1,0,0,Approved
16783,1,home_improvement,0.1183,828.35,12.3883942,14.77,757,3750.041667,51669.0,26.7,3.0,0,0,0,Approved
16784,1,debt_consolidation,0.1426,343.06,11.08214255,3.42,677,3530.041667,10141.0,47.4,0.0,1,1,0,Review
16785,1,all_other,0.1287,336.34,11.35040654,15.8,697,5010.041667,7241.0,44.7,2.0,0,0,0,Review
16786,1,debt_consolidation,0.1719,107.24,9.862665558,5.13,667,1161.0,1441.0,32,0.0,1,0,0,Review
16787,1,debt_consolidation,0.0859,158.06,10.30895266,9.04,757,8160.041667,363.0,2,0.0,0,0,1,Approved
16788,1,major_purchase,0.0774,312.19,10.28629797,21.4,772,4410.0,2656.0,5.2,0.0,0,0,0,Approved
16789,1,all_other,0.1392,136.55,10.36121362,17.77,677,1590.041667,8768.0,61.7,1.0,0,0,0,Review
16790,1,debt_consolidation,0.1774,720.42,11.14908203,23.17,662,7170.041667,24390.0,64,0.0,0,0,0,Review
16791,1,debt_consolidation,0.1183,331.34,10.858999,10.78,762,4717.0,12356.0,52.6,1.0,0,0,0,Approved
16792,1,all_other,0.1218,99.9,11.19821472,21.11,687,5310.041667,15421.0,67.6,0.0,0,0,0,Review
16793,1,all_other,0.1114,164.02,11.28978191,11.07,722,4800.0,918.0,35.3,1.0,0,0,0,Approved
16794,1,small_business,0.1531,417.79,11.00209984,14.3,732,2371.041667,19068.0,89.9,0.0,0,0,0,Approved
16795,1,debt_consolidation,0.0859,158.06,10.81977828,8.02,737,3780.041667,13736.0,30.7,1.0,0,0,0,Approved
16796,1,small_business,0.1719,185.89,11.14186178,0.57,687,6840.041667,3594.0,83.6,1.0,0,1,0,Review
16797,1,all_other,0.0705,247.2,11.15625052,7.92,782,8760.0,5236.0,8.7,2.0,0,0,0,Approved
16798,1,debt_consolidation,0.1253,334.67,11.36093911,10.81,702,3750.041667,23152.0,71.5,0.0,0,0,0,Approved
16799,1,all_other,0.074,86.97,9.655026193,15.46,762,10443.04167,641.0,40.1,0.0,0,0,0,Approved
16800,1,home_improvement,0.1531,870.39,12.32385568,1.35,702,6510.0,0.0,0,1.0,2,0,0,Approved
16801,1,debt_consolidation,0.1183,662.68,11.56171563,13.87,757,5471.0,11179.0,3.5,0.0,0,0,0,Approved
16802,1,debt_consolidation,0.1183,331.34,10.83958091,13.84,757,3060.041667,12375.0,76.6,0.0,0,0,0,Approved
16803,1,all_other,0.1426,274.45,11.21721122,12.21,702,4380.0,35638.0,97.7,1.0,0,0,1,Approved
16804,1,educational,0.0774,218.54,11.56171563,7.43,747,6930.0,31183.0,35.1,1.0,0,0,0,Approved
16805,1,all_other,0.0705,231.75,11.21721122,4.26,772,6091.041667,25768.0,2.2,2.0,0,0,0,Approved
16806,1,debt_consolidation,0.16,351.58,11.36674295,21.01,662,8100.0,37398.0,89.3,3.0,1,0,0,Review
16807,1,debt_consolidation,0.1253,368.13,10.6454249,18.89,702,3060.041667,6811.0,25.7,1.0,0,0,0,Approved
16808,1,debt_consolidation,0.1148,494.53,10.69194491,12.19,742,2490.0,5737.0,29.4,0.0,0,0,0,Approved
16809,1,educational,0.1183,397.61,10.42228135,22.57,712,5850.0,5744.0,55.8,0.0,0,0,0,Approved
16810,1,debt_consolidation,0.1496,372.44,10.54534144,22.45,672,3367.041667,15146.0,77.3,1.0,1,0,0,Review
16811,1,all_other,0.1183,662.68,11.22524339,7.42,752,3480.041667,11300.0,47.1,1.0,0,0,0,Approved
16812,1,credit_card,0.1253,284.47,10.6454249,21.97,707,3390.041667,8249.0,85.9,2.0,0,0,0,Approved
16813,1,all_other,0.1496,519.7,10.51867319,14.14,677,4067.0,7186.0,55.7,1.0,0,0,1,Review
16814,1,debt_consolidation,0.1253,669.33,10.91508846,2.71,767,3870.041667,0.0,0,1.0,0,0,0,Approved
16815,1,all_other,0.074,217.42,10.96127785,21.96,787,11160.04167,6545.0,10.7,0.0,0,0,0,Approved
16816,1,debt_consolidation,0.1322,109.86,9.798127037,23.53,707,1920.041667,12231.0,86.1,0.0,0,0,0,Approved
16817,1,all_other,0.0894,114.38,10.1266311,16.56,727,2250.0,402.0,1.9,1.0,0,0,0,Approved
16818,1,all_other,0.1461,413.71,10.59663473,16.44,687,3570.0,441.0,55.1,0.0,0,0,1,Review
16819,1,credit_card,0.0894,317.72,11.38509209,15.35,732,7020.041667,19490.0,56.5,1.0,0,0,0,Approved
16820,1,major_purchase,0.0774,312.19,10.93310697,9.02,777,6514.0,5875.0,7.1,1.0,0,0,0,Approved
16821,1,all_other,0.0774,156.1,10.8036489,4.71,797,4200.041667,1299.0,4.2,2.0,0,0,0,Approved
16822,1,all_other,0.1322,845.02,10.91806585,0,807,3933.041667,0.0,0,1.0,0,0,0,Approved
16823,1,small_business,0.167,355.02,11.42954386,6.89,692,5403.0,23285.0,30.7,1.0,0,0,0,Review
16824,1,debt_consolidation,0.1496,796.84,11.57166596,8.37,687,5702.041667,13843.0,38.2,3.0,1,0,0,Review
16825,1,debt_consolidation,0.1357,543.5,11.44035477,14.37,692,8370.0,17729.0,39,0.0,0,0,0,Review
16826,1,credit_card,0.0894,190.63,11.60823564,5.47,732,3211.0,11992.0,64.3,0.0,0,0,0,Approved
16827,1,debt_consolidation,0.1461,120.67,9.852867716,5.24,662,3360.041667,1418.0,28.9,2.0,0,0,1,Review
16828,1,small_business,0.1392,153.62,11.08214255,0.78,762,3600.0,1177.0,3.7,0.0,0,0,0,Approved
16829,1,debt_consolidation,0.1565,848.42,11.28978191,23.08,712,7860.041667,46563.0,95.2,1.0,0,0,0,Approved
16830,1,debt_consolidation,0.1392,327.72,11.40756495,13.75,677,4291.041667,12389.0,46.6,2.0,1,0,0,Review
16831,1,debt_consolidation,0.1218,399.6,11.5228758,12.93,707,9270.041667,12822.0,73.4,0.0,0,0,0,Approved
16832,1,debt_consolidation,0.1461,344.76,10.30895266,20.2,672,3450.041667,10172.0,59.1,1.0,0,0,0,Review
16833,1,debt_consolidation,0.0894,292.3,10.66895539,24.44,737,3045.041667,9274.0,20.9,1.0,0,0,0,Approved
16834,1,debt_consolidation,0.0859,379.33,11.1124479,7.54,782,8370.0,22556.0,23.8,0.0,0,0,0,Approved
16835,1,debt_consolidation,0.1531,174.08,11.35040654,9.06,662,5250.041667,9523.0,75,0.0,0,0,0,Review
16836,1,debt_consolidation,0.0774,234.14,11.69524702,7.72,777,10681.04167,5195.0,5.4,1.0,0,0,0,Approved
16837,1,debt_consolidation,0.0894,476.58,11.08214255,6,787,4770.0,15646.0,21.7,0.0,0,0,0,Approved
16838,1,all_other,0.1183,596.41,12.21106019,18.33,732,4470.041667,15715.0,56.3,2.0,0,0,0,Approved
16839,1,debt_consolidation,0.1461,206.86,10.96819829,12.95,667,11070.04167,8763.0,47.9,3.0,0,0,1,Review
16840,1,all_other,0.1461,51.72,10.59663473,3.9,677,3420.041667,2775.0,92.5,2.0,0,0,0,Review
16841,1,all_other,0.1148,328.87,11.00209984,18.98,712,4085.0,26537.0,64.9,1.0,0,0,1,Approved
16842,1,all_other,0.167,71.01,12.85839783,1.77,692,1530.0,13757.0,98.3,0.0,0,0,1,Review
16843,1,debt_consolidation,0.1496,623.61,12.69158046,11.1,692,6780.041667,105104.0,95.4,1.0,0,0,0,Review
16844,1,all_other,0.1357,509.53,11.1124479,17.89,692,8550.041667,13966.0,60.7,0.0,0,0,0,Review
16845,1,all_other,0.1218,166.5,9.586925781,10.95,697,2250.0,3753.0,51.4,0.0,0,0,0,Review
16846,1,debt_consolidation,0.16,421.89,10.23995979,12.13,717,1890.0,12593.0,33.3,1.0,0,0,1,Approved
16847,1,debt_consolidation,0.0894,413.03,10.71441777,13.17,757,3360.041667,5623.0,20,0.0,0,0,0,Approved
16848,1,credit_card,0.1183,198.81,10.51867319,20.63,702,4500.041667,5931.0,46,0.0,0,0,0,Approved
16849,1,debt_consolidation,0.1843,909.25,10.89673933,10.04,672,3660.0,1066.0,20.5,0.0,0,0,1,Review
16850,1,major_purchase,0.0714,216.58,10.08580911,14.85,807,12791.0,268.0,0.7,0.0,0,0,0,Approved
16851,1,debt_consolidation,0.1148,799.49,11.73606902,10.41,782,4380.0,9474.0,21,1.0,0,0,0,Approved
16852,1,debt_consolidation,0.1287,504.5,11.24504602,20.41,737,5130.0,57775.0,95.8,1.0,0,0,0,Approved
16853,1,debt_consolidation,0.1218,499.5,10.72326738,1.5,717,4950.041667,17516.0,84.6,1.0,0,0,0,Approved
16854,1,all_other,0.0639,76.51,10.42228135,3.39,782,6279.0,3375.0,7.8,1.0,0,0,0,Approved
16855,1,major_purchase,0.1461,224.09,11.73606902,5.49,682,1290.041667,5940.0,80.3,0.0,0,0,0,Review
16856,1,all_other,0.0774,156.1,11.15625052,2.11,767,4140.041667,2663.0,22.2,0.0,0,0,0,Approved
16857,1,debt_consolidation,0.1287,302.7,11.49272276,8.49,697,4141.041667,8644.0,80,0.0,0,0,1,Review
16858,1,credit_card,0.0859,369.84,11.35040654,8.03,787,5250.041667,15917.0,22,2.0,0,0,0,Approved
16859,1,credit_card,0.1531,174.08,11.00209984,22.57,662,2250.0,4533.0,76.8,1.0,0,0,0,Review
16860,1,debt_consolidation,0.1357,461.98,10.42633028,15.26,687,3690.0,14707.0,66.2,0.0,0,0,0,Review
16861,1,debt_consolidation,0.1287,302.7,11.15625052,17.5,687,3390.041667,2592.0,12.4,1.0,0,0,0,Review
16862,1,debt_consolidation,0.1183,149.11,9.46962297,9.17,702,4690.0,2832.0,36.8,2.0,0,1,0,Approved
16863,1,debt_consolidation,0.1183,94.44,10.08580911,24.7,702,3420.041667,4184.0,38.7,2.0,0,0,1,Approved
16864,1,major_purchase,0.1114,164.02,11.05089001,13.75,722,6030.041667,8851.0,21.7,0.0,0,0,0,Approved
16865,1,major_purchase,0.1183,165.67,11.00209984,8.92,707,2501.0,7990.0,34.3,0.0,0,0,0,Approved
16866,1,all_other,0.1183,99.41,10.4487146,20.94,697,2010.041667,5626.0,30.1,3.0,0,0,0,Review
16867,1,debt_consolidation,0.1496,320.47,9.574983486,0.08,742,1321.041667,5.0,0.2,6.0,0,0,0,Approved
16868,1,debt_consolidation,0.1496,443.46,11.17369743,9.37,672,2940.0,1142.0,11.8,0.0,0,0,0,Review
16869,1,debt_consolidation,0.1183,497.01,11.19821472,19.25,727,7440.041667,48262.0,73.2,0.0,0,0,0,Approved
16870,1,all_other,0.1496,415.74,11.33857208,15.06,677,6990.0,28577.0,94.6,0.0,0,0,1,Review
16871,1,debt_consolidation,0.1357,118.89,11.00209984,15.06,677,3750.041667,24235.0,38,2.0,1,0,0,Review
16872,1,all_other,0.0894,317.72,11.98292909,4.04,747,3930.041667,1621.0,5.3,2.0,0,0,0,Approved
16873,1,all_other,0.1635,388.63,11.32055357,12.93,672,2580.0,5814.0,96.9,1.0,0,0,0,Review
16874,1,debt_consolidation,0.1461,482.66,10.59663473,16.89,687,2250.0,21668.0,87.4,0.0,0,0,0,Review
16875,1,debt_consolidation,0.1114,328.04,11.28978191,4.68,732,3690.0,10422.0,56,0.0,0,0,0,Approved
16876,1,home_improvement,0.1148,197.82,11.00209984,9.34,712,3420.041667,4162.0,27.6,1.0,0,0,0,Approved
16877,1,credit_card,0.1114,262.43,10.93310697,20.57,727,4860.041667,8654.0,65.8,1.0,0,0,0,Approved
16878,1,debt_consolidation,0.1183,397.61,11.09741002,13.36,722,3330.0,20602.0,41.5,2.0,1,0,0,Approved
16879,1,major_purchase,0.1426,51.46,11.47210347,15.97,662,8220.041667,16964.0,77.8,1.0,0,0,0,Review
16880,1,educational,0.1253,669.33,10.83958091,23.93,722,2070.041667,10695.0,43.8,0.0,0,0,1,Approved
16881,1,credit_card,0.1253,267.74,10.858999,7.04,707,13590.04167,7910.0,90.9,3.0,0,0,1,Approved
16882,1,debt_consolidation,0.0859,284.5,10.46310334,6.62,752,5130.0,8829.0,43.5,1.0,0,0,0,Approved
16883,1,all_other,0.1136,822.78,10.91508846,17.5,722,3338.0,15103.0,78.3,0.0,0,0,0,Approved
16884,1,all_other,0.167,701.16,10.858999,18.18,667,3000.041667,12532.0,57,2.0,0,0,0,Review
16885,1,debt_consolidation,0.1357,244.58,11.35040654,6.45,692,12061.0,7983.0,43.6,0.0,0,0,0,Review
16886,1,home_improvement,0.0894,190.63,10.39083982,11.24,732,3720.0,3619.0,10.6,1.0,0,1,0,Approved
16887,1,debt_consolidation,0.1287,815.61,11.81303006,15.84,737,6000.041667,26215.0,94.6,0.0,0,0,0,Approved
16888,1,debt_consolidation,0.1459,130.97,9.92329018,19.29,672,6316.041667,17012.0,91,1.0,1,0,1,Review
16889,1,home_improvement,0.1183,331.34,11.28978191,10.59,722,6422.041667,6490.0,4.9,3.0,0,0,1,Approved
16890,1,debt_consolidation,0.1357,220.8,11.22524339,3.52,682,1770.0,6228.0,68.4,0.0,0,0,0,Review
16891,1,debt_consolidation,0.1148,164.85,10.77895629,14.57,727,2490.0,7479.0,42.7,0.0,0,0,0,Approved
16892,1,home_improvement,0.1148,799.49,11.86358234,1.27,777,5670.041667,7345.0,17.3,2.0,0,0,0,Approved
16893,1,all_other,0.1114,229.63,9.798127037,16.33,717,4050.0,7674.0,57.7,0.0,0,0,0,Approved
16894,1,educational,0.1322,202.81,10.49127422,2.33,722,1590.041667,377.0,47.1,0.0,0,0,0,Approved
16895,1,all_other,0.0894,413.03,11.58988651,2.8,787,4830.041667,0.0,0,0.0,0,0,0,Approved
16896,1,credit_card,0.0859,126.45,10.34817337,12,747,3150.041667,3933.0,51.7,0.0,0,0,0,Approved
16897,1,credit_card,0.1136,493.67,10.81977828,4.1,767,3799.041667,5694.0,21.2,2.0,0,0,0,Approved
16898,1,all_other,0.1843,363.7,11.28978191,0.08,667,3540.041667,167.0,11.1,3.0,0,1,1,Review
16899,1,all_other,0.1348,244.26,10.5686467,11.2,677,2310.041667,4743.0,62.4,2.0,0,0,0,Review
16900,1,all_other,0.0894,476.58,11.89818787,3.47,777,4711.0,4910.0,14,0.0,0,0,0,Approved
16901,1,all_other,0.1114,131.22,11.9511804,16.56,722,4560.041667,120322.0,59.6,0.0,0,0,0,Approved
16902,1,debt_consolidation,0.1218,832.5,11.66134547,16.99,737,7920.041667,32446.0,56.1,0.0,0,0,0,Approved
16903,1,small_business,0.1809,202.7,9.798127037,9.8,682,1230.041667,0.0,0,0.0,0,0,0,Review
16904,1,all_other,0.1357,631.82,11.46163217,0.44,692,6780.041667,723.0,45.2,0.0,0,0,0,Review
16905,1,debt_consolidation,0.1025,421.01,10.51867319,17.61,732,3343.0,15818.0,46.5,0.0,0,0,0,Approved
16906,1,debt_consolidation,0.1426,521.45,10.66895539,17.19,702,4051.0,18944.0,97.6,2.0,0,0,1,Approved
16907,1,debt_consolidation,0.1357,169.85,10.03451581,10.95,677,2370.041667,1559.0,45.9,1.0,1,0,0,Review
16908,1,all_other,0.1183,662.68,11.69524702,14.28,742,4770.0,14191.0,51,1.0,0,0,0,Approved
16909,1,all_other,0.1253,66.94,11.04132055,4.02,677,2130.0,8160.0,54,2.0,0,1,0,Review
16910,1,debt_consolidation,0.1357,354.98,10.68051622,22.1,682,2316.041667,12384.0,55.8,2.0,0,0,0,Review
16911,1,all_other,0.0774,312.19,10.81977828,0.86,772,5190.041667,2232.0,6.5,0.0,0,0,0,Approved
16912,1,home_improvement,0.1114,492.06,11.39639165,3.76,757,13200.0,16001.0,38.6,0.0,0,0,1,Approved
16913,1,all_other,0.0859,37.94,11.51292546,0.53,757,3990.0,0.0,0,1.0,0,0,0,Approved
16914,1,all_other,0.1253,209.17,10.08580911,21.75,697,2100.041667,1219.0,7.2,2.0,0,0,0,Review
16915,1,all_other,0.1645,353.78,10.91508846,16.97,682,6330.041667,3052.0,41.8,0.0,0,0,1,Review
16916,1,small_business,0.1531,174.08,11.74403719,12.13,702,4530.041667,30995.0,82.6,2.0,0,0,1,Approved
16917,1,debt_consolidation,0.0988,483.16,10.59663473,12,762,7179.041667,15146.0,24.8,0.0,0,0,0,Approved
16918,1,debt_consolidation,0.1392,614.47,11.51292546,17.52,692,5010.041667,9360.0,43.7,0.0,0,0,0,Review
16919,1,all_other,0.0774,78.05,10.57643203,21.55,742,2370.041667,4641.0,49.4,0.0,0,0,0,Approved
16920,1,credit_card,0.1496,519.68,11.32659589,5.94,677,5010.041667,14739.0,77.2,2.0,0,0,0,Review
16921,1,small_business,0.1739,896.19,11.8493977,2.47,747,8822.0,14556.0,94.5,0.0,0,0,1,Approved
16922,1,debt_consolidation,0.1287,336.34,11.35040654,6.23,697,3661.0,2906.0,23.2,0.0,0,0,0,Review
16923,1,credit_card,0.0859,189.67,10.18111929,10.14,742,5430.0,6435.0,19,0.0,0,0,0,Approved
16924,1,credit_card,0.1148,692.34,11.2515607,17.56,762,4620.041667,33386.0,52.9,1.0,0,0,0,Approved
16925,1,debt_consolidation,0.1148,478.05,10.71441777,16.77,722,7170.041667,17449.0,55.7,0.0,0,0,0,Approved
16926,1,debt_consolidation,0.1565,279.89,10.26081229,6.17,722,2340.041667,4479.0,99.5,0.0,0,0,0,Approved
16927,1,all_other,0.0774,124.88,11.50791292,1.74,757,4380.0,6642.0,7.9,0.0,0,0,0,Approved
16928,1,all_other,0.1704,856.18,11.91839057,3.7,677,6960.0,11010.0,49.8,0.0,2,1,0,Review
16929,1,debt_consolidation,0.0859,284.5,10.77895629,7.13,767,5190.0,5276.0,73.3,0.0,0,0,0,Approved
16930,1,small_business,0.1704,891.86,10.91508846,9.36,717,4320.0,6049.0,90.3,0.0,0,0,1,Approved
16931,1,all_other,0.1218,116.55,11.8277362,13.53,692,7500.041667,10930.0,79.8,1.0,1,0,0,Review
16932,1,debt_consolidation,0.1357,468.77,10.96127785,17.5,687,3450.041667,15365.0,70.2,1.0,0,0,1,Review
16933,1,all_other,0.0774,187.32,11.23056255,16.76,792,3900.041667,0.0,0,3.0,0,0,0,Approved
16934,1,debt_consolidation,0.0774,340.29,11.46163217,18.15,777,7440.041667,11783.0,19,0.0,0,0,0,Approved
16935,1,credit_card,0.1148,329.69,11.1962808,20.26,732,5550.0,41170.0,61.4,0.0,0,0,0,Approved
16936,1,all_other,0.1392,85.35,11.31934072,2.13,687,5340.041667,0.0,0,0.0,1,0,0,Review
16937,1,all_other,0.1322,101.41,9.487972109,5.82,727,2760.041667,1549.0,96.8,1.0,0,0,0,Approved
16938,1,debt_consolidation,0.16,492.21,10.60658506,19.16,662,6540.0,11018.0,82.2,1.0,0,0,0,Review
16939,1,all_other,0.1218,319.68,10.89673933,4.78,712,3480.041667,8077.0,76.9,0.0,0,0,0,Approved
16940,1,all_other,0.0859,303.46,10.22557105,8.43,757,2040.041667,4103.0,15.5,2.0,0,0,0,Approved
16941,1,all_other,0.0894,190.63,11.33857208,9.13,762,3180.041667,8868.0,32.4,0.0,0,0,0,Approved
16942,1,debt_consolidation,0.0774,62.44,10.61643736,6.06,737,8940.041667,37804.0,21.4,1.0,0,0,0,Approved
16943,1,credit_card,0.0774,224.78,11.00209984,4.94,767,2644.041667,2125.0,10.1,0.0,0,0,0,Approved
16944,1,all_other,0.074,31.06,11.11988288,0.52,792,15030.0,35.0,0.1,1.0,0,0,0,Approved
16945,1,credit_card,0.0859,324.01,11.08214255,7.09,782,4950.041667,613.0,4,1.0,0,0,0,Approved
16946,1,home_improvement,0.1531,870.39,12.3883942,14.72,697,4140.041667,28813.0,44.9,3.0,0,0,1,Review
16947,1,debt_consolidation,0.1287,336.34,10.77895629,16.18,702,1860.0,5029.0,58.5,0.0,0,0,0,Approved
16948,1,small_business,0.1739,179.24,11.15625052,15.34,697,8550.041667,1837.0,31.7,3.0,0,0,0,Review
16949,1,debt_consolidation,0.1148,560.47,10.86856845,21.53,742,3243.0,16285.0,41.3,0.0,0,0,0,Approved
16950,1,credit_card,0.1809,904.88,11.51292546,19.75,677,5520.0,73999.0,86.8,1.0,0,0,1,Review
16951,1,debt_consolidation,0.1114,295.24,10.81977828,14.88,747,1863.0,546.0,3.7,4.0,0,0,0,Approved
16952,1,all_other,0.0894,381.26,10.67359577,12.58,777,2160.0,1876.0,20.2,0.0,0,0,0,Approved
16953,1,all_other,0.0774,62.44,10.23995979,20.23,747,3990.0,5121.0,17.7,4.0,0,0,0,Approved
16954,1,debt_consolidation,0.1218,765.9,11.00209984,12.34,732,2760.041667,3075.0,28,1.0,0,0,0,Approved
16955,1,debt_consolidation,0.1253,334.67,11.00209984,14.36,702,9750.041667,8892.0,25.5,2.0,0,1,0,Approved
16956,1,debt_consolidation,0.1218,666.0,10.93310697,13.5,727,2550.0,21771.0,63.7,0.0,0,0,0,Approved
16957,1,all_other,0.1645,141.51,10.58294141,16.88,662,1597.041667,4701.0,72.3,0.0,0,0,0,Review
16958,1,debt_consolidation,0.1253,261.04,10.6454249,19,702,4320.0,0.0,0,2.0,0,0,0,Approved
16959,1,debt_consolidation,0.1218,299.7,10.30895266,9.48,737,3810.041667,4105.0,57.8,0.0,0,0,0,Approved
16960,1,debt_consolidation,0.0894,381.26,11.40756495,6.19,752,3394.041667,24907.0,45.3,0.0,0,0,0,Approved
16961,1,credit_card,0.0894,559.18,11.05089001,12.34,782,14100.04167,8943.0,21.2,1.0,0,0,1,Approved
16962,1,small_business,0.1565,769.7,11.08214255,17.28,732,3930.041667,23429.0,56.1,2.0,0,0,0,Approved
16963,1,debt_consolidation,0.1392,477.92,10.7254676,23.26,687,6570.0,14902.0,87.7,0.0,0,0,0,Review
16964,1,debt_consolidation,0.0894,149.33,10.36646657,21.3,722,1950.041667,4638.0,69.2,0.0,0,0,0,Approved
16965,1,all_other,0.1426,411.67,11.05089001,10.7,677,2040.041667,5849.0,45.3,1.0,0,0,0,Review
16966,1,credit_card,0.1385,330.81,12.10071213,21.03,677,4680.041667,57858.0,75.8,1.0,0,0,0,Review
16967,1,all_other,0.1218,699.3,10.88893114,4.84,802,8010.0,120.0,2.4,1.0,0,0,1,Approved
16968,1,debt_consolidation,0.1114,328.04,11.28978191,21.04,727,4171.041667,20901.0,67.4,0.0,0,0,0,Approved
16969,1,credit_card,0.1392,721.15,11.3736634,18.33,702,3810.041667,15158.0,88.6,1.0,0,0,0,Approved
16970,1,debt_consolidation,0.1565,848.42,11.38584181,15.72,687,3810.041667,31710.0,93.5,0.0,0,1,0,Review
16971,1,debt_consolidation,0.1322,439.41,10.46310334,22.53,722,3150.041667,6580.0,88.3,0.0,0,0,0,Approved
16972,1,major_purchase,0.0859,158.06,11.15625052,2.35,747,8160.041667,71.0,0.3,1.0,0,0,0,Approved
16973,1,debt_consolidation,0.0774,46.83,10.26813067,15.04,742,7500.041667,949.0,22.1,0.0,0,0,0,Approved
16974,1,home_improvement,0.1392,648.61,11.72803684,11.17,692,5130.0,22294.0,69,0.0,0,0,0,Review
16975,1,debt_consolidation,0.167,213.01,10.76848499,0.76,662,3330.0,981.0,89.2,0.0,0,0,1,Review
16976,1,debt_consolidation,0.1607,563.11,11.47110297,12.74,727,7260.0,9653.0,9.7,1.0,2,0,0,Approved
16977,1,all_other,0.1253,66.94,10.91508846,9.56,682,5520.0,6810.0,56.7,0.0,0,0,0,Review
16978,1,debt_consolidation,0.1062,455.84,10.81977828,13.25,722,11181.04167,14706.0,72.4,1.0,0,0,0,Approved
16979,1,debt_consolidation,0.0894,190.63,10.99851024,17.58,722,3030.041667,6908.0,32,2.0,0,0,0,Approved
16980,1,educational,0.1218,499.5,11.15625052,2.18,737,5101.0,4509.0,60.1,0.0,0,0,1,Approved
16981,1,debt_consolidation,0.1218,249.75,10.16585182,0,762,3120.041667,0.0,0,3.0,0,0,0,Approved
16982,1,debt_consolidation,0.0774,130.34,10.46310334,8.98,792,7890.041667,1357.0,4.2,1.0,0,0,0,Approved
16983,1,debt_consolidation,0.1253,247.66,11.73606902,7.47,722,5820.0,24344.0,65.8,0.0,0,0,0,Approved
16984,1,all_other,0.1218,133.2,11.60823564,11.87,697,9570.0,4254.0,64.5,0.0,0,0,0,Review
16985,1,debt_consolidation,0.1531,522.23,11.40756495,16.79,682,5581.041667,51605.0,97.9,1.0,0,0,0,Review
16986,1,debt_consolidation,0.1357,475.56,11.27720313,16.34,687,5520.0,11889.0,54.8,1.0,0,1,0,Review
16987,1,home_improvement,0.1635,423.95,11.28978191,5.64,672,4084.0,7472.0,97,0.0,0,1,0,Review
16988,1,educational,0.1461,344.76,11.04132055,8.46,712,4920.041667,3088.0,14.1,1.0,0,0,0,Approved
16989,1,all_other,0.1704,267.56,10.77895629,4.92,687,1144.0,8398.0,76.3,0.0,0,0,0,Review
16990,1,debt_consolidation,0.16,527.36,11.47210347,11.13,662,4080.0,14337.0,56.4,2.0,2,0,0,Review
16991,1,all_other,0.1322,189.29,11.23581399,3.31,687,4560.041667,3860.0,68.9,0.0,0,0,0,Review
16992,1,all_other,0.1183,142.48,11.58988651,17.63,707,10830.04167,15050.0,28.9,2.0,0,0,0,Approved
16993,1,debt_consolidation,0.1287,403.6,10.55309029,14.98,722,1560.041667,7060.0,71.8,0.0,0,0,0,Approved
16994,1,debt_consolidation,0.1357,407.63,10.6454249,21.77,682,5130.0,7263.0,60,2.0,0,0,0,Review
16995,1,debt_consolidation,0.1357,506.14,10.98359637,12,687,4170.041667,15445.0,78,1.0,0,0,0,Review
16996,1,debt_consolidation,0.1287,815.61,11.51292546,13.52,717,2970.0,28056.0,57,0.0,0,0,0,Approved
16997,1,debt_consolidation,0.0894,247.82,10.77895629,12.95,742,4560.041667,20035.0,65.4,0.0,0,0,0,Approved
16998,1,debt_consolidation,0.0894,571.89,11.40756495,4.64,797,9720.041667,2347.0,9.9,0.0,0,0,0,Approved
16999,1,debt_consolidation,0.1183,447.31,10.54841566,22.54,712,6000.041667,13813.0,52.7,0.0,0,0,0,Approved
17000,1,debt_consolidation,0.1322,162.25,10.71441777,15.17,677,3123.041667,6354.0,74.8,0.0,0,0,0,Review
17001,1,small_business,0.1357,135.88,11.30958454,8.71,762,3244.0,8328.0,11,1.0,0,0,0,Approved
17002,1,educational,0.1183,662.68,11.51292546,6.72,737,3041.041667,4070.0,19.5,0.0,0,0,0,Approved
17003,1,credit_card,0.1218,33.3,10.40426284,13.56,692,2130.0,13781.0,65.8,3.0,0,0,0,Review
17004,1,credit_card,0.1148,98.91,10.55841352,3.05,722,1620.041667,3738.0,30.4,1.0,0,0,0,Approved
17005,1,debt_consolidation,0.1148,105.5,10.66895539,21.43,712,3664.0,11262.0,27.1,1.0,0,0,0,Approved
17006,1,all_other,0.1426,548.9,11.1844214,18.87,682,5190.0,33587.0,45.6,0.0,0,0,0,Review
17007,1,debt_consolidation,0.1322,371.81,10.80523301,15.54,692,4080.0,11922.0,62.7,1.0,0,0,0,Review
17008,1,all_other,0.1913,220.33,11.28978191,0.38,667,8370.0,234.0,3.3,2.0,1,0,0,Review
17009,1,debt_consolidation,0.0859,410.94,11.51292546,18.35,782,5580.041667,6031.0,5.8,2.0,0,0,0,Approved
17010,1,major_purchase,0.1392,674.21,10.53049493,14.13,692,13620.04167,1466.0,16.9,0.0,4,0,0,Review
17011,1,debt_consolidation,0.0859,158.06,11.22524339,12.59,747,6060.041667,8119.0,23.9,1.0,0,0,1,Approved
17012,1,small_business,0.1426,123.51,12.24047407,2.24,742,5190.0,105418.0,66.2,3.0,0,0,1,Approved
17013,1,debt_consolidation,0.1062,455.84,10.4341158,18.07,717,2490.0,7292.0,65.1,1.0,0,0,0,Approved
17014,1,major_purchase,0.1461,517.13,10.49127422,9.17,732,1892.0,0.0,,2.0,0,0,0,Approved
17015,1,debt_consolidation,0.1357,84.93,10.55841352,13.5,677,3720.0,2542.0,29.9,2.0,0,0,0,Review
17016,1,debt_consolidation,0.0774,156.1,10.30895266,7.96,767,4170.041667,3067.0,11.9,0.0,0,0,0,Approved
17017,1,debt_consolidation,0.1565,848.42,11.56171563,1.1,702,4381.0,2883.0,31,0.0,0,0,0,Approved
17018,1,debt_consolidation,0.1322,253.51,11.1844214,24.23,692,5250.041667,3290.0,50.6,1.0,0,0,0,Review
17019,1,debt_consolidation,0.1426,603.79,11.38509209,8.73,692,5402.041667,19281.0,89.7,0.0,0,0,0,Review
17020,1,small_business,0.1565,874.66,11.53272809,7.36,767,5340.041667,0.0,0,0.0,0,0,0,Approved
17021,1,all_other,0.0774,156.1,10.57449137,10.98,757,4770.0,11305.0,52.6,3.0,0,0,0,Approved
17022,1,debt_consolidation,0.1287,336.34,10.71441777,12.64,692,6180.0,9123.0,50.2,2.0,0,0,0,Review
17023,1,home_improvement,0.1461,186.17,9.903487553,4.8,702,1560.041667,3713.0,77.4,0.0,0,0,0,Approved
17024,1,debt_consolidation,0.1253,811.56,12.56723749,13.89,727,5190.0,43922.0,65.7,2.0,0,0,0,Approved
17025,1,debt_consolidation,0.1565,685.73,11.11986806,13.58,677,4830.0,11189.0,65.1,0.0,0,1,1,Review
17026,1,debt_consolidation,0.1287,201.8,10.08580911,8.7,692,2400.041667,3374.0,63.7,0.0,0,0,0,Review
17027,1,debt_consolidation,0.1645,849.06,11.00209984,21.78,692,3000.0,35819.0,95.8,0.0,0,0,0,Review
17028,1,debt_consolidation,0.1322,202.81,10.66895539,22.32,687,2310.041667,7115.0,76.5,0.0,0,0,0,Review
17029,1,home_improvement,0.1287,672.67,10.85127695,0.23,802,6240.0,41.0,0.2,3.0,0,0,1,Approved
17030,1,home_improvement,0.1385,341.04,11.15625052,7.89,692,3180.041667,0.0,0,0.0,0,0,0,Review
17031,1,credit_card,0.1148,329.69,10.3859137,23.41,722,3180.041667,9430.0,45.3,0.0,0,0,0,Approved
17032,1,credit_card,0.0788,100.1,10.94316338,21.49,722,3896.041667,3630.0,71.2,1.0,0,0,0,Approved
17033,1,major_purchase,0.1426,205.84,9.942708266,0.87,682,1920.041667,422.0,7.7,0.0,0,0,0,Review
17034,1,home_improvement,0.0894,317.72,10.63585545,6.61,752,2160.0,3.0,0,0.0,0,0,0,Approved
17035,1,credit_card,0.1287,260.66,10.30253209,22.42,692,6990.0,7751.0,52.7,0.0,0,1,1,Review
17036,1,debt_consolidation,0.1322,283.93,10.49127422,2.3,687,2521.0,2047.0,27.7,1.0,1,0,0,Review
17037,1,debt_consolidation,0.1392,170.69,10.54534144,5.68,687,1650.041667,4324.0,86.5,1.0,0,0,0,Review
17038,1,debt_consolidation,0.1635,621.8,11.40756495,17.35,667,4980.041667,14555.0,70,0.0,0,0,0,Review
17039,1,debt_consolidation,0.1114,229.63,10.59663473,21.99,717,2310.041667,6823.0,71.1,1.0,0,0,0,Approved
17040,1,debt_consolidation,0.1183,331.34,10.59663473,0.54,732,3780.041667,554.0,14.2,0.0,0,1,0,Approved
17041,1,home_improvement,0.1253,836.66,11.77528973,11.13,752,4590.041667,40327.0,54.8,5.0,0,0,0,Approved
17042,1,debt_consolidation,0.0774,187.32,11.69524702,4.7,767,5730.041667,4378.0,27.4,0.0,0,0,0,Approved
17043,1,all_other,0.0988,483.16,11.09741002,7.69,752,5400.041667,8816.0,23.8,0.0,0,0,0,Approved
17044,1,credit_card,0.0774,124.88,11.08214255,1.83,767,4920.041667,4370.0,21,1.0,0,0,0,Approved
17045,1,credit_card,0.1496,277.16,11.47210347,5.65,662,4381.0,12080.0,74.1,1.0,2,1,0,Review
17046,1,debt_consolidation,0.1392,564.12,11.15625052,14.09,692,5340.041667,17357.0,83.9,1.0,0,0,0,Review
17047,1,major_purchase,0.0859,309.78,10.66895539,14.99,762,7680.0,5164.0,11.9,0.0,0,0,0,Approved
17048,1,debt_consolidation,0.1114,393.65,11.91839057,2.37,737,4050.0,10944.0,29.8,0.0,0,0,0,Approved
17049,1,debt_consolidation,0.1322,253.51,10.89673933,15.56,697,7923.041667,4552.0,25.6,1.0,0,0,0,Review
17050,1,all_other,0.1148,118.69,10.34817337,11.23,717,2760.041667,1866.0,74.6,0.0,0,0,0,Approved
17051,1,debt_consolidation,0.1311,398.19,11.23848862,20.42,692,4267.041667,12764.0,44.3,0.0,0,1,0,Review
17052,1,credit_card,0.1253,267.74,10.49127422,10.37,697,9842.0,8301.0,79.8,0.0,0,0,1,Review
17053,1,home_improvement,0.1531,870.39,12.22587527,7.21,697,5101.0,28406.0,45,0.0,0,0,0,Review
17054,1,all_other,0.0988,483.16,10.4341158,16.41,762,3091.041667,6919.0,26.5,0.0,0,0,0,Approved
17055,1,debt_consolidation,0.0788,359.73,11.00209984,4.96,752,5704.041667,12564.0,39.3,0.0,0,0,0,Approved
17056,1,all_other,0.1392,51.21,10.81977828,17.04,672,3900.041667,4376.0,93.1,2.0,0,0,0,Review
17057,1,debt_consolidation,0.1635,565.27,11.00209984,24.8,697,13170.0,17353.0,45.4,1.0,0,0,0,Review
17058,1,debt_consolidation,0.0859,252.89,11.03563132,4.8,752,3660.0,8903.0,21.4,1.0,0,0,0,Approved
17059,1,debt_consolidation,0.0751,311.1,11.46163217,2.93,757,3720.0,6757.0,20.6,1.0,0,0,0,Approved
17060,1,debt_consolidation,0.1148,65.94,10.26813067,14.25,702,3180.041667,179.0,59.7,2.0,0,0,0,Approved
17061,1,debt_consolidation,0.1136,378.48,10.30895266,22.68,702,1861.0,946.0,9,1.0,1,0,0,Approved
17062,1,debt_consolidation,0.1218,99.9,10.30895266,20.04,697,1650.041667,3832.0,66.1,1.0,0,0,0,Review
17063,1,debt_consolidation,0.1099,274.98,10.858999,18.62,702,4940.041667,9222.0,34.7,3.0,0,1,0,Approved
17064,1,debt_consolidation,0.0894,206.52,11.12726298,16.45,727,3840.041667,12658.0,53.4,0.0,0,0,0,Approved
17065,1,all_other,0.1461,193.07,10.59663473,17.58,667,5280.041667,1182.0,39.4,0.0,1,0,0,Review
17066,1,debt_consolidation,0.1099,98.21,10.66895539,9.82,687,6462.041667,14338.0,34.2,1.0,0,0,0,Review
17067,1,all_other,0.0774,62.44,9.392661929,14.9,757,5438.0,2234.0,21.6,0.0,0,0,0,Approved
17068,1,debt_consolidation,0.1136,658.23,11.17043516,8.25,717,12692.04167,30987.0,48.4,1.0,4,0,0,Approved
17069,1,debt_consolidation,0.0788,306.55,10.77895629,7.95,742,3990.0,11723.0,34.5,0.0,0,0,0,Approved
17070,1,all_other,0.0676,49.24,11.33260191,3.65,782,3333.0,6955.0,14.6,4.0,0,0,0,Approved
17071,1,credit_card,0.1025,388.62,11.35040654,18.56,732,3510.041667,15173.0,41.6,2.0,0,0,0,Approved
17072,1,debt_consolidation,0.1136,798.1,11.72803684,13.73,727,5070.0,28237.0,59.7,0.0,0,0,0,Approved
17073,1,credit_card,0.1496,45.05,10.74720759,16,662,6750.041667,8856.0,90,0.0,3,0,0,Review
17074,1,debt_consolidation,0.0751,279.99,10.89673933,16.29,767,4410.0,4688.0,16.4,0.0,0,0,0,Approved
17075,1,all_other,0.0676,76.93,10.28192399,2.38,752,5610.041667,1988.0,13.3,2.0,0,0,0,Approved
17076,1,credit_card,0.1533,365.7,10.51867319,14.3,672,6450.041667,14726.0,92.6,0.0,0,1,0,Review
17077,1,major_purchase,0.1062,651.2,10.71441777,19.17,737,3750.041667,11141.0,48,1.0,0,0,0,Approved
17078,1,debt_consolidation,0.1385,443.35,10.91508846,13.9,682,4290.041667,20437.0,73.5,1.0,0,0,0,Review
17079,1,all_other,0.1645,530.67,11.153819,11.02,662,7830.041667,16478.0,84.9,0.0,0,0,0,Review
17080,1,all_other,0.1025,259.08,11.51292546,2.68,717,3840.041667,3194.0,5.1,3.0,0,0,0,Approved
17081,1,debt_consolidation,0.0788,256.5,11.1844214,12.23,747,6840.041667,8185.0,46,2.0,0,0,0,Approved
17082,1,all_other,0.1459,448.05,10.73639668,22.98,677,3288.0,7719.0,55.9,0.0,0,0,0,Review
17083,1,all_other,0.1311,70.87,9.61580548,19.04,672,1950.041667,4285.0,62.1,0.0,0,0,0,Review
17084,1,all_other,0.1385,162.0,9.729134165,11.64,677,4080.0,5166.0,86.1,0.0,1,0,1,Review
17085,1,all_other,0.1645,424.53,12.04355372,10.05,692,4053.0,22215.0,90.3,0.0,0,0,0,Review
17086,1,major_purchase,0.0788,203.33,11.15625052,23.09,722,8130.041667,16559.0,31.7,1.0,0,0,0,Approved
17087,1,credit_card,0.1062,618.64,11.28978191,13.29,737,5070.0,14462.0,36.1,1.0,0,0,0,Approved
17088,1,debt_consolidation,0.1025,153.83,9.549665678,14.62,707,2100.041667,5905.0,64.2,1.0,0,0,0,Approved
17089,1,credit_card,0.0788,312.81,10.6454249,19.77,737,4500.041667,15664.0,62.7,2.0,0,0,0,Approved
17090,1,major_purchase,0.0988,80.53,10.30895266,21.16,717,2280.0,7747.0,61,1.0,0,0,0,Approved
17091,1,debt_consolidation,0.1136,724.05,11.60823564,8.51,717,7920.041667,20418.0,74.8,0.0,0,0,0,Approved
17092,1,major_purchase,0.1025,129.54,10.59663473,4.2,727,3240.0,3276.0,42,1.0,0,0,0,Approved
17093,1,all_other,0.1099,687.44,11.28978191,18.82,757,7140.041667,31503.0,60.6,3.0,0,0,0,Approved
17094,1,all_other,0.0751,155.55,10.08580911,3.6,787,4800.0,1574.0,10.2,1.0,0,0,0,Approved
17095,1,credit_card,0.0751,93.33,9.648595303,14.55,742,1919.041667,1932.0,24.1,4.0,0,0,0,Approved
17096,1,major_purchase,0.0714,154.7,10.38899537,7.46,762,4920.041667,26110.0,40.4,2.0,0,0,0,Approved
17097,1,debt_consolidation,0.1311,404.94,10.70126498,22.43,692,5490.0,10337.0,61.9,0.0,0,0,0,Review
17098,1,debt_consolidation,0.1025,194.31,11.50287513,21.9,712,3030.041667,6809.0,42.3,3.0,0,0,0,Approved
17099,1,all_other,0.1348,71.25,10.04324949,3.7,667,2910.0,1103.0,36.8,1.0,0,0,0,Review
17100,1,debt_consolidation,0.1348,678.49,10.91508846,10.89,702,4110.041667,15537.0,81.8,0.0,0,0,0,Approved
17101,1,debt_consolidation,0.157,350.11,10.77895629,23.63,662,5850.0,10586.0,63.8,0.0,2,0,0,Review
17102,1,major_purchase,0.1645,212.27,10.23422911,15.13,682,4320.0,7886.0,98.6,0.0,0,0,0,Review
17103,1,all_other,0.1459,372.23,10.13062313,1.96,677,4682.0,1713.0,24.1,0.0,0,0,0,Review
17104,1,debt_consolidation,0.1533,644.33,11.00209984,11.2,732,4391.0,4978.0,99.6,0.0,0,0,0,Approved
17105,1,debt_consolidation,0.1099,392.83,11.46163217,4.47,732,8401.0,13855.0,42.5,0.0,0,0,0,Approved
17106,1,all_other,0.0988,309.22,10.37349118,17.06,732,4475.0,8153.0,62.7,1.0,0,0,0,Approved
17107,1,major_purchase,0.1422,137.14,9.392661929,2.4,707,1290.041667,1088.0,51.8,1.0,0,0,0,Approved
17108,1,debt_consolidation,0.1311,607.41,11.19821472,10.25,702,3300.0,8613.0,40.6,0.0,0,1,1,Approved
17109,1,debt_consolidation,0.1136,138.23,10.40426284,7.49,687,1851.0,4898.0,17.4,1.0,0,0,1,Review
17110,1,debt_consolidation,0.1533,583.38,10.51867319,15.73,672,1950.041667,15353.0,84.4,1.0,0,0,0,Review
17111,1,small_business,0.1025,809.62,11.80559508,0.13,787,8010.0,6330.0,8.4,1.0,0,0,0,Approved
17112,1,debt_consolidation,0.1422,411.41,10.93745465,13.93,682,4290.041667,7642.0,94.4,2.0,1,1,0,Review
17113,1,debt_consolidation,0.1645,583.73,11.47210347,15.1,667,4620.041667,19257.0,92.6,1.0,0,0,1,Review
17114,1,all_other,0.1385,511.56,10.95080655,12.74,682,3420.041667,21113.0,72.6,2.0,0,0,0,Review
17115,1,debt_consolidation,0.1273,537.06,10.71441777,19.29,717,3001.0,12790.0,49.8,0.0,0,0,1,Approved
17116,1,credit_card,0.0788,225.22,11.11988288,19.47,727,5130.0,10861.0,57.5,1.0,0,0,0,Approved
17117,1,debt_consolidation,0.1533,383.12,11.15625052,24.12,672,5370.041667,18107.0,68.8,2.0,0,0,0,Review
17118,1,credit_card,0.1385,682.08,11.69524702,13.61,707,3360.0,22061.0,91.9,1.0,0,0,0,Approved
17119,1,debt_consolidation,0.1719,303.85,11.22524339,7.86,662,2730.041667,15350.0,84,3.0,1,0,0,Review
17120,1,all_other,0.1025,647.7,11.03488966,16.32,752,2130.0,2526.0,26.3,0.0,0,0,0,Approved
17121,1,debt_consolidation,0.1348,407.09,11.56171563,11.18,682,7680.0,1392.0,13.9,1.0,0,0,0,Review
17122,1,small_business,0.1311,674.9,11.8493977,9.21,732,6060.041667,28651.0,92.4,0.0,1,0,1,Approved
17123,1,all_other,0.1385,511.56,11.20357022,16.24,707,6240.0,14153.0,95.6,1.0,0,0,1,Approved
17124,1,debt_consolidation,0.1099,497.58,10.83958091,8.56,717,1980.041667,13402.0,23.3,1.0,0,0,0,Approved
17125,1,debt_consolidation,0.0788,265.89,10.91508846,7.85,737,2821.041667,8799.0,47.8,0.0,0,0,0,Approved
17126,1,all_other,0.1025,103.64,11.35040654,2.51,737,4260.041667,8497.0,73.2,1.0,0,0,0,Approved
17127,1,all_other,0.0988,483.16,11.35040654,0.21,797,5550.0,365.0,3.7,0.0,0,0,0,Approved
17128,1,home_improvement,0.0788,312.81,10.30895266,4.84,772,5040.041667,9239.0,46.7,0.0,0,0,0,Approved
17129,1,major_purchase,0.0714,154.7,11.49272276,8.33,752,7350.0,28209.0,58.4,0.0,0,0,0,Approved
17130,1,all_other,0.0751,311.1,11.45105006,5.96,802,4560.041667,202.0,1.3,2.0,0,0,0,Approved
17131,1,major_purchase,0.1099,769.28,12.20607265,0.67,807,4710.0,0.0,0,1.0,0,0,0,Approved
17132,1,debt_consolidation,0.0714,278.46,11.50287513,10.04,787,6781.041667,17107.0,35.6,0.0,0,0,0,Approved
17133,1,small_business,0.1273,671.33,11.81303006,7.91,747,6316.041667,15864.0,96.9,1.0,0,0,0,Approved
17134,1,debt_consolidation,0.1385,613.87,10.90595598,13.59,692,4170.041667,19994.0,49.4,0.0,0,0,1,Review
17135,1,all_other,0.1273,201.4,11.00209984,12.8,682,3030.041667,7088.0,63.3,0.0,0,1,0,Review
17136,1,credit_card,0.1645,636.8,12.61153775,6.77,717,3870.041667,31244.0,20.8,3.0,0,0,0,Approved
17137,1,small_business,0.1273,411.19,10.81977828,16.63,697,3781.041667,6873.0,41.9,0.0,0,1,0,Review
17138,1,small_business,0.1273,268.53,11.05089001,15.26,727,5670.041667,33274.0,97.9,2.0,0,0,0,Approved
17139,1,debt_consolidation,0.1025,404.81,11.05089001,11.77,732,5250.041667,3427.0,16.2,1.0,0,0,0,Approved
17140,1,debt_consolidation,0.1385,252.37,9.852194258,12.44,682,3390.041667,10619.0,94,3.0,0,0,0,Review
17141,1,home_improvement,0.1099,818.38,12.10071213,0.07,797,6840.041667,0.0,0,0.0,0,0,0,Approved
17142,1,debt_consolidation,0.1385,255.78,10.96127785,14.33,682,4050.0,4955.0,88.5,1.0,0,0,0,Review
17143,1,all_other,0.1422,342.85,10.49127422,3.83,697,3570.041667,344.0,34.4,3.0,2,0,1,Review
17144,1,debt_consolidation,0.0988,483.16,11.08214255,6.76,757,6930.0,16223.0,22.9,0.0,0,0,0,Approved
17145,1,debt_consolidation,0.1062,468.86,10.49127422,22.43,722,2790.041667,10899.0,84.5,0.0,0,0,1,Approved
17146,1,debt_consolidation,0.1348,237.47,10.81977828,11.09,677,3090.041667,6923.0,65.9,0.0,0,0,0,Review
17147,1,credit_card,0.1348,61.07,13.142166,1.3,667,1869.0,10201.0,65,0.0,0,0,0,Review
17148,1,debt_consolidation,0.1062,814.0,11.91839057,3.45,792,8250.041667,42863.0,0,1.0,0,0,0,Approved
17149,1,debt_consolidation,0.1311,674.9,11.40756495,11.6,707,4803.0,35052.0,61.1,3.0,0,0,0,Approved
17150,1,debt_consolidation,0.1533,87.08,10.46310334,4.22,672,1530.0,0.0,0,1.0,0,0,0,Review
17151,1,all_other,0.0788,375.37,11.69524702,19.6,747,5100.0,46882.0,29.6,0.0,0,0,0,Approved
17152,1,debt_consolidation,0.0788,312.81,11.35040654,4.48,762,3750.041667,86.0,0.2,0.0,0,0,0,Approved
17153,1,major_purchase,0.1025,161.93,10.40426284,1.42,727,4470.0,245.0,30.6,1.0,0,0,0,Approved
17154,1,debt_consolidation,0.1311,269.96,10.59663473,17.82,702,6714.041667,20155.0,59.6,1.0,0,0,0,Approved
17155,1,all_other,0.1136,789.87,11.74403719,24.7,727,9240.041667,47360.0,79.9,1.0,0,0,0,Approved
17156,1,all_other,0.1422,126.86,9.769773286,3.36,707,1260.041667,1605.0,45.9,0.0,0,0,0,Approved
17157,1,home_improvement,0.1136,138.23,11.1844214,10.57,687,3365.0,5634.0,30.5,0.0,0,0,0,Review
17158,1,credit_card,0.1311,472.43,11.19821472,21.34,692,3450.041667,17457.0,71.3,0.0,0,0,0,Review
17159,1,debt_consolidation,0.1025,60.73,10.08580911,10.81,702,3090.041667,1338.0,38.2,0.0,0,0,0,Approved
17160,1,debt_consolidation,0.1273,335.67,11.02516511,19.64,692,3030.041667,6486.0,75.4,0.0,0,0,0,Review
17161,1,debt_consolidation,0.1533,417.94,11.51292546,20.48,667,8011.0,88599.0,60.9,3.0,1,0,0,Review
17162,1,debt_consolidation,0.1496,866.16,11.04132055,18.5,702,2760.041667,16641.0,44.6,2.0,0,0,0,Approved
17163,1,all_other,0.0788,544.28,11.98292909,8.12,772,7710.0,8062.0,8.1,1.0,0,0,0,Approved
17164,1,debt_consolidation,0.1904,916.95,11.46163217,16.03,712,5640.041667,33894.0,99.4,0.0,0,0,0,Approved
17165,1,debt_consolidation,0.1793,865.92,11.91839057,23.44,672,3630.0,92965.0,61.9,0.0,0,0,1,Review
17166,1,all_other,0.1136,83.93,11.09741002,18.42,682,2910.0,8403.0,21.5,1.0,1,0,0,Review
17167,1,all_other,0.1348,169.63,11.09741002,2.71,682,4080.0,3803.0,37.7,0.0,0,0,0,Review
17168,1,all_other,0.0788,375.37,12.20607265,3.02,767,5580.041667,54526.0,25.4,2.0,0,0,0,Approved
17169,1,all_other,0.1025,194.31,10.49127422,14.9,762,8882.041667,17905.0,56,0.0,0,0,0,Approved
17170,1,major_purchase,0.0714,74.26,11.05089001,12.19,742,3300.0,762.0,14.1,0.0,0,0,0,Approved
17171,1,small_business,0.1422,342.85,10.71441777,4.51,692,3420.041667,9696.0,66.4,0.0,0,0,0,Review
17172,1,debt_consolidation,0.1533,870.71,11.77528973,16.35,697,5700.041667,38416.0,59.4,2.0,0,0,0,Review
17173,1,major_purchase,0.0788,469.21,11.74403719,5.94,787,5670.041667,15427.0,44.7,0.0,0,0,0,Approved
17174,1,debt_consolidation,0.1459,689.3,11.1078103,23.52,682,4380.0,16769.0,68.7,1.0,0,0,0,Review
17175,1,debt_consolidation,0.1025,421.01,11.56171563,17.22,727,7200.041667,48006.0,56.8,2.0,0,0,0,Approved
17176,1,debt_consolidation,0.1099,196.42,10.91508846,22.49,697,3090.041667,27103.0,80.7,0.0,0,0,0,Review
17177,1,debt_consolidation,0.1311,371.2,10.40426284,14.58,687,1980.041667,5763.0,60.7,0.0,0,0,0,Review
17178,1,credit_card,0.1114,367.4,11.91839057,7.13,722,3900.041667,14766.0,43.9,0.0,0,0,0,Approved
17179,1,credit_card,0.0714,185.64,10.91474295,17.26,767,3961.0,8039.0,34.4,0.0,0,0,0,Approved
17180,1,debt_consolidation,0.1136,263.29,11.05633547,15.04,697,3690.0,21850.0,56.2,3.0,0,0,0,Review
17181,1,credit_card,0.1062,162.8,10.1266311,7.06,702,2792.041667,3780.0,19.4,3.0,0,0,0,Approved
17182,1,debt_consolidation,0.1062,227.92,11.03488966,18.29,712,3000.0,13571.0,30.7,1.0,0,0,0,Approved
17183,1,all_other,0.1273,268.53,10.46310334,5.11,717,3030.041667,3878.0,38.8,0.0,0,0,1,Approved
17184,1,debt_consolidation,0.0751,311.1,10.08580911,10.8,787,5520.0,663.0,1.7,3.0,0,0,0,Approved
17185,1,debt_consolidation,0.1099,204.6,10.27505111,23.88,702,1920.041667,5583.0,58.8,2.0,0,0,0,Approved
17186,1,home_improvement,0.1348,590.28,11.26957921,3.6,742,8311.041667,221.0,44.2,5.0,0,0,0,Approved
17187,1,debt_consolidation,0.1273,251.75,10.18111929,11.91,697,5040.041667,6202.0,33.7,2.0,1,0,0,Review
17188,1,all_other,0.1025,485.78,11.69524702,14.2,732,13410.04167,19962.0,49,1.0,0,0,0,Approved
17189,1,debt_consolidation,0.1062,208.39,11.21559702,23.54,707,3840.041667,5732.0,79.6,3.0,0,0,0,Approved
17190,1,debt_consolidation,0.1385,835.55,11.3409502,21.72,712,5250.041667,33313.0,74.4,0.0,0,0,0,Approved
17191,1,major_purchase,0.1348,169.63,10.77895629,3.13,697,4440.0,198.0,39.6,1.0,0,0,1,Review
17192,1,all_other,0.1025,712.47,11.23445167,15.46,762,5580.041667,17346.0,18.6,0.0,0,0,0,Approved
17193,1,all_other,0.0774,115.51,11.03838355,22.99,742,7302.0,18728.0,42.1,0.0,0,0,0,Approved
17194,1,debt_consolidation,0.1062,488.4,10.82087768,16.18,732,3030.041667,12365.0,56.2,3.0,0,0,0,Approved
17195,1,debt_consolidation,0.1062,390.72,11.40756495,24.16,717,3840.041667,32751.0,62.5,0.0,0,0,0,Approved
17196,1,all_other,0.0988,144.95,10.35774282,20.76,722,2220.0,1792.0,39.8,3.0,0,0,0,Approved
17197,1,debt_consolidation,0.1025,323.85,10.57131693,20.86,717,4260.041667,9844.0,39.1,0.0,0,0,0,Approved
17198,1,all_other,0.0714,185.64,11.36210258,3.42,767,8970.041667,6760.0,12.5,0.0,0,0,0,Approved
17199,1,debt_consolidation,0.1459,448.05,10.858999,13.64,677,2850.041667,10525.0,80.3,0.0,0,0,0,Review
17200,1,debt_consolidation,0.0788,109.49,9.852194258,24.32,717,11850.04167,2357.0,8.8,1.0,0,0,0,Approved
17201,1,all_other,0.1385,572.95,11.00209984,5.36,697,2099.041667,11330.0,68.3,0.0,0,0,0,Review
17202,1,debt_consolidation,0.1348,610.64,10.93310697,21.26,697,5850.0,27292.0,52.7,0.0,0,0,0,Review
17203,1,major_purchase,0.0714,30.94,10.83958091,16.99,762,5580.041667,737.0,7.8,1.0,0,0,0,Approved
17204,1,small_business,0.1099,392.83,11.94470788,19.25,712,7590.041667,143499.0,73.8,1.0,0,0,0,Approved
17205,1,all_other,0.0788,62.57,10.20359214,21.56,717,2220.0,8344.0,42.8,1.0,0,0,0,Approved
17206,1,debt_consolidation,0.1533,278.63,11.2515607,16.04,677,6030.041667,25573.0,95.4,3.0,0,1,0,Review
17207,1,all_other,0.1136,65.83,11.15665044,0.34,697,2160.0,218.0,14.5,2.0,0,0,0,Review
17208,1,debt_consolidation,0.1348,678.49,11.51292546,20.5,702,3750.041667,26669.0,62.3,2.0,0,0,0,Approved
17209,1,debt_consolidation,0.0788,228.35,10.73639581,10.74,727,2790.041667,8075.0,52.8,0.0,0,0,0,Approved
17210,1,debt_consolidation,0.1645,300.71,10.16585182,15.83,677,1473.0,9306.0,97.6,0.0,0,0,1,Review
17211,1,debt_consolidation,0.1062,651.2,10.27505111,12.58,762,4110.0,6011.0,33.4,0.0,0,0,0,Approved
17212,1,debt_consolidation,0.1099,818.38,11.1124479,19.9,752,4200.041667,8392.0,21.7,0.0,0,0,0,Approved
17213,1,debt_consolidation,0.1136,403.17,10.30895266,21.68,702,3420.041667,15079.0,54,1.0,1,0,0,Approved
17214,1,debt_consolidation,0.1533,208.97,10.34174248,11.26,667,1560.041667,5446.0,70.7,0.0,0,0,0,Review
17215,1,all_other,0.0788,187.69,10.74720759,10.3,777,4592.041667,1490.0,9.6,0.0,0,0,0,Approved
17216,1,debt_consolidation,0.1459,460.11,10.93310697,12.19,677,3270.0,9410.0,72.4,0.0,1,0,0,Review
17217,1,educational,0.0751,311.1,10.71441777,1.92,792,6543.0,1569.0,2.4,2.0,0,0,0,Approved
17218,1,major_purchase,0.1385,682.08,10.81977828,13.15,697,3450.041667,8230.0,43.3,0.0,0,0,0,Review
17219,1,debt_consolidation,0.1273,268.53,10.26813067,15.5,687,1980.041667,9070.0,58.5,2.0,0,0,0,Review
17220,1,all_other,0.1062,227.92,11.35369524,17.58,707,6180.0,2805.0,14.6,0.0,1,0,0,Approved
17221,1,debt_consolidation,0.0714,92.82,10.98529272,12.85,732,3480.041667,3210.0,12.7,0.0,0,0,0,Approved
17222,1,debt_consolidation,0.1099,523.77,10.54534144,20.18,722,4830.0,21370.0,33.8,1.0,0,0,0,Approved
17223,1,debt_consolidation,0.1025,323.85,11.1124479,15.17,717,8610.041667,8180.0,49.6,1.0,0,0,0,Approved
17224,1,debt_consolidation,0.1311,330.7,10.40426284,8.25,687,6635.0,5745.0,18.4,2.0,1,0,1,Review
17225,1,debt_consolidation,0.1385,341.04,10.7938449,16.5,702,4383.0,20800.0,29.9,2.0,1,0,0,Approved
17226,1,credit_card,0.1136,658.23,11.22524339,19.65,717,7050.041667,51027.0,41.8,2.0,1,0,0,Approved
17227,1,major_purchase,0.1062,260.48,11.35040654,17.92,732,4560.041667,28824.0,39.2,0.0,0,0,0,Approved
17228,1,debt_consolidation,0.1136,822.78,11.40756495,11.11,732,4921.041667,7462.0,33.8,3.0,1,0,0,Approved
17229,1,debt_consolidation,0.1459,861.63,11.22524339,14.64,712,4560.041667,31675.0,64,0.0,0,0,0,Approved
17230,1,educational,0.1062,97.68,10.18490001,10.6,717,3840.041667,7154.0,68.8,0.0,0,0,0,Approved
17231,1,debt_consolidation,0.1062,452.58,11.24373798,15.41,717,3030.041667,18519.0,55.8,0.0,0,0,0,Approved
17232,1,debt_consolidation,0.0714,247.52,11.51092346,10.16,772,4380.0,21557.0,26.2,1.0,0,0,0,Approved
17233,1,debt_consolidation,0.0751,186.66,10.71441777,6.64,742,2250.0,5999.0,19.5,1.0,0,0,0,Approved
17234,1,all_other,0.0988,322.11,11.34398597,1.73,752,3767.041667,2403.0,22,4.0,0,0,0,Approved
17235,1,credit_card,0.1348,271.4,11.31447453,13.07,687,4230.041667,28539.0,94.5,0.0,0,0,1,Review
17236,1,home_improvement,0.0988,644.21,11.31447453,8.25,792,8506.0,16835.0,15.8,1.0,0,0,0,Approved
17237,1,debt_consolidation,0.1273,335.67,10.46310334,8.71,702,4530.041667,6907.0,29.3,0.0,0,0,0,Approved
17238,1,credit_card,0.1136,493.67,11.93314361,9,742,4080.0,7939.0,85.4,1.0,0,0,0,Approved
17239,1,credit_card,0.0788,406.65,11.81303006,14.09,752,10050.04167,28184.0,43.2,1.0,0,0,0,Approved
17240,1,debt_consolidation,0.1273,839.16,11.42954386,15.47,722,5708.041667,23251.0,70.7,0.0,0,0,0,Approved
17241,1,credit_card,0.1136,771.77,12.01974307,17.76,727,8130.0,72623.0,50.8,1.0,0,0,0,Approved
17242,1,all_other,0.1136,230.38,10.93310697,8.61,697,2136.0,9342.0,43.9,2.0,0,0,0,Review
17243,1,all_other,0.1422,411.41,11.00209984,16.06,687,1350.041667,15548.0,75.1,0.0,0,0,0,Review
17244,1,debt_consolidation,0.1136,658.23,11.00209984,15.28,717,2640.0,12880.0,61.7,2.0,0,0,0,Approved
17245,1,credit_card,0.1025,485.78,11.1844214,23.85,737,3810.041667,27801.0,49.4,0.0,0,0,0,Approved
17246,1,debt_consolidation,0.0788,281.53,10.77895629,10.22,737,4200.041667,9874.0,54.9,1.0,0,0,0,Approved
17247,1,debt_consolidation,0.0788,250.25,10.59663473,24.33,747,2701.041667,2668.0,14.1,2.0,0,0,0,Approved
17248,1,debt_consolidation,0.1385,682.08,11.53272809,23.45,712,7921.041667,37642.0,93.9,1.0,0,0,0,Approved
17249,1,debt_consolidation,0.1099,197.23,10.54534144,9,742,1620.041667,59.0,1.5,3.0,0,0,0,Approved
17250,1,debt_consolidation,0.1273,402.8,10.82697234,18.35,697,3960.0,12006.0,46.4,0.0,1,0,0,Review
17251,1,home_improvement,0.0788,312.81,10.42228135,21.23,747,4735.0,9736.0,16.7,2.0,0,0,0,Approved
17252,1,debt_consolidation,0.1311,539.92,11.04771035,20.96,707,4620.041667,16327.0,70.1,0.0,0,0,0,Approved
17253,1,educational,0.1025,323.85,10.42228135,11.04,737,2610.0,1297.0,49.9,2.0,0,0,0,Approved
17254,1,debt_consolidation,0.1099,163.68,10.65225864,9.53,737,2430.041667,3184.0,42.5,1.0,0,0,0,Approved
17255,1,debt_consolidation,0.0988,547.58,11.15625052,16.82,747,6780.041667,19388.0,19.8,0.0,0,0,0,Approved
17256,1,all_other,0.1422,548.55,11.69524702,12.41,707,4440.0,33113.0,97.4,2.0,0,0,1,Approved
17257,1,credit_card,0.1385,300.12,10.49127422,12.77,687,3570.041667,12326.0,92.7,1.0,0,0,0,Review
17258,1,debt_consolidation,0.1273,805.59,11.36789969,15.27,722,5340.041667,9138.0,62.2,0.0,0,0,0,Approved
17259,1,credit_card,0.0988,322.11,10.07005864,19.61,737,2970.0,12652.0,66.2,1.0,0,0,0,Approved
17260,1,debt_consolidation,0.1025,310.9,10.71441777,14.88,717,4470.0,7968.0,57.7,1.0,0,0,0,Approved
17261,1,debt_consolidation,0.1422,377.13,11.00209984,18.6,682,4470.0,16634.0,94.5,0.0,0,0,0,Review
17262,1,small_business,0.1385,596.82,11.22524339,22.18,697,3210.041667,38537.0,88,3.0,0,0,1,Review
17263,1,debt_consolidation,0.1496,173.24,11.28978191,13.24,687,2970.0,11375.0,87.2,0.0,0,0,0,Review
17264,1,debt_consolidation,0.1273,839.16,11.70354582,21.63,712,5580.041667,13833.0,64.9,2.0,0,0,0,Approved
17265,1,all_other,0.0788,469.21,11.33857208,3.41,807,7410.041667,36048.0,61.1,1.0,0,0,0,Approved
17266,1,debt_consolidation,0.1025,323.85,11.36789969,12.12,712,3540.041667,10354.0,32,0.0,0,0,0,Approved
17267,1,credit_card,0.1025,97.16,10.23995979,23.61,702,2280.0,2325.0,9,2.0,0,0,0,Approved
17268,1,all_other,0.1099,180.05,11.00209984,17.42,697,5700.041667,723.0,16.4,0.0,3,0,0,Review
17269,1,debt_consolidation,0.0751,357.76,11.08214255,9.82,787,5558.0,1944.0,13.6,3.0,0,0,0,Approved
17270,1,credit_card,0.1348,393.52,11.01862914,10.9,682,4560.041667,3715.0,26.5,1.0,0,0,0,Review
17271,1,debt_consolidation,0.1385,327.4,11.40756495,4.95,677,4290.041667,16733.0,70,1.0,0,0,0,Review
17272,1,all_other,0.1025,323.85,11.08214255,9.3,742,1547.0,3543.0,12.8,1.0,0,0,0,Approved
17273,1,all_other,0.0751,298.65,10.96819829,9.89,777,5250.041667,3592.0,13.2,1.0,0,0,0,Approved
17274,1,debt_consolidation,0.1136,144.81,11.08214255,18.22,687,2301.0,14878.0,50.8,2.0,0,0,0,Review
17275,1,all_other,0.1099,392.83,11.40756495,13.43,707,5610.041667,22853.0,58.7,1.0,0,0,0,Approved
17276,1,debt_consolidation,0.1311,134.98,9.903487553,20.88,677,3090.041667,9418.0,38.1,0.0,1,0,1,Review
17277,1,major_purchase,0.157,350.11,11.19684392,3.29,662,6960.0,4322.0,86.4,0.0,0,4,0,Review
17278,1,all_other,0.0788,218.97,10.83958091,10.68,727,4260.041667,973.0,14.1,0.0,0,1,0,Approved
17279,1,debt_consolidation,0.157,875.27,11.79244935,14.21,692,3330.0,25262.0,73.7,0.0,0,0,0,Review
17280,1,credit_card,0.1099,327.36,10.89673933,24.67,707,4770.0,14287.0,17.9,1.0,0,0,0,Approved
17281,1,credit_card,0.0751,342.21,10.58405595,8.87,757,4290.041667,11157.0,45,0.0,0,0,0,Approved
17282,1,debt_consolidation,0.1273,201.4,10.6454249,19.63,677,6390.041667,4987.0,56,1.0,0,0,0,Review
17283,1,home_improvement,0.0788,469.21,11.91839057,4.05,772,4710.0,8213.0,15.1,0.0,0,0,0,Approved
17284,1,debt_consolidation,0.1459,413.58,10.87804719,16.53,687,1201.041667,9114.0,54.6,0.0,0,0,0,Review
17285,1,major_purchase,0.1099,785.65,11.42954386,15.69,742,4845.0,14065.0,38.9,1.0,0,0,0,Approved
17286,1,all_other,0.0788,31.29,11.1844214,17.15,717,3690.0,23572.0,66.6,1.0,0,0,0,Approved
17287,1,educational,0.0788,375.37,10.59663473,14.79,762,2611.0,1357.0,7.1,0.0,0,0,0,Approved
17288,1,major_purchase,0.1385,518.38,11.73606902,0,692,2250.0,0.0,0,0.0,0,0,1,Review
17289,1,all_other,0.1385,54.57,11.03488966,20.15,682,2580.0,21370.0,95.4,0.0,0,0,0,Review
17290,1,debt_consolidation,0.1136,822.78,11.73606902,12.74,732,6690.041667,26510.0,65.8,0.0,0,0,0,Approved
17291,1,debt_consolidation,0.0714,77.35,11.14186178,0.2,762,7260.0,2153.0,23.2,0.0,0,0,0,Approved
17292,1,credit_card,0.1062,814.0,11.26446411,12.32,757,6450.041667,24413.0,44.7,0.0,0,0,0,Approved
17293,1,debt_consolidation,0.1533,452.77,10.95080655,22.76,677,7005.0,24648.0,90,2.0,0,0,0,Review
17294,1,debt_consolidation,0.1385,682.08,12.10625231,9.18,692,5886.0,12970.0,74.5,2.0,0,0,0,Review
17295,1,all_other,0.1025,485.78,10.51867319,3.66,742,2730.041667,3508.0,21.1,2.0,0,0,0,Approved
17296,1,major_purchase,0.0788,218.97,10.91508846,21.84,722,5520.0,23302.0,67.6,2.0,0,0,0,Approved
17297,1,home_improvement,0.1099,491.03,12.27839331,0.41,752,4600.041667,2583.0,15.9,0.0,0,0,0,Approved
17298,1,credit_card,0.1136,41.97,10.71441777,18.83,692,5190.0,9961.0,85.9,1.0,0,0,0,Review
17299,1,credit_card,0.1099,621.97,10.81977828,24.53,727,2430.041667,20371.0,65.4,0.0,0,0,0,Approved
17300,1,all_other,0.1533,522.43,11.35040654,22.63,682,3660.0,21180.0,96.7,2.0,0,0,1,Review
17301,1,major_purchase,0.0751,130.66,10.59663473,15.57,742,2340.041667,1801.0,62.1,2.0,0,0,0,Approved
17302,1,debt_consolidation,0.1496,242.53,10.04324949,17.06,672,1422.0,9707.0,46.2,3.0,0,0,0,Review
17303,1,debt_consolidation,0.1273,402.8,11.40756495,22.75,697,5010.041667,42632.0,45.9,3.0,0,0,0,Review
17304,1,all_other,0.0714,111.39,10.83958091,22.38,747,10350.04167,24809.0,62.5,3.0,0,0,0,Approved
17305,1,all_other,0.1025,323.85,10.18111929,15.45,722,2610.0,2429.0,81,3.0,0,0,0,Approved
17306,1,home_improvement,0.1025,129.54,11.19134184,22.23,712,4830.0,33317.0,44.6,0.0,0,0,0,Approved
17307,1,debt_consolidation,0.1099,549.95,10.45791849,20.13,722,2220.0,10887.0,57.3,0.0,0,0,0,Approved
17308,1,debt_consolidation,0.1311,438.69,11.06663836,18.68,707,1800.0,15362.0,49.9,3.0,0,0,0,Approved
17309,1,debt_consolidation,0.1136,65.83,10.95080655,15.26,687,4740.0,23068.0,84.8,1.0,0,0,0,Review
17310,1,debt_consolidation,0.1099,180.05,10.79712359,19.79,697,3060.041667,6035.0,23.9,0.0,0,0,0,Review
17311,1,debt_consolidation,0.1311,506.18,11.3736634,11.24,692,7800.041667,17354.0,38.2,1.0,0,0,0,Review
17312,1,debt_consolidation,0.1273,268.53,12.94800999,2.01,702,3660.0,10572.0,56.2,1.0,0,0,0,Approved
17313,1,debt_consolidation,0.1099,327.36,11.15625052,6.69,712,6030.041667,12529.0,67.7,0.0,0,0,0,Approved
17314,1,debt_consolidation,0.209,771.28,11.14186178,24.52,662,3660.0,16491.0,99.9,1.0,1,0,1,Review
17315,1,major_purchase,0.1062,260.48,10.96876709,7.42,762,2280.0,970.0,5.9,1.0,0,0,0,Approved
17316,1,debt_consolidation,0.1136,789.87,11.50287513,19.79,732,4650.041667,21459.0,52,0.0,0,0,0,Approved
17317,1,debt_consolidation,0.1422,685.69,12.28303369,12.04,692,6180.0,42465.0,63.1,0.0,0,0,0,Review
17318,1,major_purchase,0.1459,327.42,9.994241916,11.41,692,5239.041667,144.0,28.8,1.0,0,0,0,Review
17319,1,major_purchase,0.1422,368.56,10.1266311,11.38,677,1470.0,7634.0,50.9,0.0,0,0,0,Review
17320,1,major_purchase,0.0714,111.39,11.03488966,16.51,732,4290.041667,22646.0,65.3,1.0,0,0,0,Approved
17321,1,major_purchase,0.0988,128.85,9.472704636,17.54,732,2010.041667,4853.0,68.4,3.0,0,0,0,Approved
17322,1,credit_card,0.1607,879.85,11.77528973,19.62,697,8910.041667,61165.0,91.3,0.0,0,0,0,Review
17323,1,debt_consolidation,0.1496,346.47,10.62132735,16.42,687,6701.041667,16591.0,15.3,0.0,1,0,0,Review
17324,1,debt_consolidation,0.1348,720.89,10.70211124,17.68,702,4860.041667,19484.0,46.5,0.0,0,0,0,Approved
17325,1,debt_consolidation,0.1025,485.78,11.59910316,15.34,747,4110.0,10705.0,24.6,2.0,0,0,0,Approved
17326,1,debt_consolidation,0.0788,168.92,10.89673933,21.27,727,5160.0,19843.0,59.9,0.0,0,0,0,Approved
17327,1,debt_consolidation,0.1099,491.03,10.54534144,11.24,717,3870.041667,11023.0,68.9,2.0,0,0,0,Approved
17328,1,debt_consolidation,0.1385,306.94,10.66895539,24,697,2340.041667,9170.0,90.8,1.0,0,0,0,Review
17329,1,all_other,0.1311,404.94,10.46310334,13.71,692,5910.0,8896.0,54.6,2.0,0,0,0,Review
17330,1,educational,0.157,112.04,10.77895629,6.25,682,1246.041667,1730.0,41.2,0.0,1,0,0,Review
17331,1,all_other,0.0788,156.41,11.46163217,10.77,732,5880.0,10949.0,29,0.0,0,0,0,Approved
17332,1,debt_consolidation,0.1496,519.7,11.47210347,12.85,677,6513.041667,20027.0,44.4,1.0,1,0,0,Review
17333,1,all_other,0.1311,67.49,10.1266311,6.19,717,4140.041667,0.0,0,0.0,0,0,0,Approved
17334,1,debt_consolidation,0.1348,203.55,10.49127422,14.77,682,2280.0,2662.0,30.6,1.0,0,0,0,Review
17335,1,credit_card,0.1136,184.31,10.71441777,20.11,712,2340.041667,14949.0,87.9,0.0,0,0,0,Approved
17336,1,debt_consolidation,0.1607,563.11,11.09741002,22.98,697,4620.041667,35229.0,95.3,0.0,0,0,0,Review
17337,1,all_other,0.1533,278.63,10.49127422,8.47,662,2389.041667,5618.0,65.3,2.0,0,0,0,Review
17338,1,home_improvement,0.1719,142.99,10.52406404,9.35,667,4680.041667,4598.0,57.5,0.0,0,0,1,Review
17339,1,credit_card,0.1099,392.83,11.2708539,14.14,732,3198.041667,0.0,0,1.0,0,0,0,Approved
17340,1,major_purchase,0.1496,242.53,10.5865844,9.18,682,2520.0,0.0,0,1.0,1,0,0,Review
17341,1,all_other,0.0751,93.33,10.08580911,5.55,727,2040.041667,4296.0,20.4,0.0,0,0,1,Approved
17342,1,home_improvement,0.1099,327.36,11.15625052,17.04,707,2280.0,2578.0,25.3,2.0,0,0,0,Approved
17343,1,credit_card,0.157,849.02,11.54248427,16.9,687,7620.0,66520.0,91.1,0.0,0,0,0,Review
17344,1,debt_consolidation,0.1025,38.87,11.23681617,13.36,702,4835.0,6101.0,68.6,1.0,0,0,0,Approved
17345,1,debt_consolidation,0.1273,268.53,10.13459927,15.43,687,2928.0,1359.0,52.3,0.0,0,0,0,Review
17346,1,small_business,0.1533,870.71,11.1844214,18.05,702,9540.0,35998.0,87.4,0.0,0,0,1,Approved
17347,1,debt_consolidation,0.1496,346.47,10.46310334,18.65,677,3870.041667,22680.0,76.9,1.0,0,0,0,Review
17348,1,major_purchase,0.1348,33.93,11.38509209,10.34,677,3810.041667,30435.0,93.6,1.0,0,0,0,Review
17349,1,debt_consolidation,0.1533,844.59,11.49272276,19,687,5340.041667,14206.0,55.9,2.0,1,0,0,Review
17350,1,debt_consolidation,0.157,350.11,10.32219789,21,672,1740.041667,6760.0,85.6,0.0,0,0,0,Review
17351,1,educational,0.0788,281.53,12.20607265,4.18,737,6360.041667,5663.0,13.2,2.0,1,0,1,Approved
17352,1,educational,0.0751,217.77,9.655026193,11.38,732,9840.0,5291.0,67,0.0,0,0,0,Approved
17353,1,major_purchase,0.1025,97.16,10.6454249,0.44,712,4080.0,3752.0,42.2,0.0,0,0,0,Approved
17354,1,major_purchase,0.1459,861.63,10.77895629,3.95,717,2430.041667,0.0,0,2.0,0,0,1,Approved
17355,1,debt_consolidation,0.157,350.11,10.57928509,21.73,662,2550.0,12421.0,77.1,0.0,0,0,0,Review
17356,1,credit_card,0.1136,658.23,11.88448902,11.27,722,3570.041667,35713.0,60.8,1.0,0,0,0,Approved
17357,1,debt_consolidation,0.1311,404.94,11.00209984,8.88,687,5970.041667,8502.0,57.4,0.0,0,1,0,Review
17358,1,all_other,0.1311,371.2,11.27720313,4.5,692,3271.0,1210.0,24.2,0.0,0,0,0,Review
17359,1,debt_consolidation,0.1136,279.75,11.22524339,4.46,697,3330.0,1954.0,26.9,0.0,1,0,0,Review
17360,1,credit_card,0.1099,720.18,12.02574909,7.26,757,5220.041667,29740.0,57.2,0.0,0,0,0,Approved
17361,1,all_other,0.1273,503.5,10.08580911,10.9,722,1590.041667,9156.0,34.3,1.0,0,0,1,Approved
17362,1,home_improvement,0.2016,893.85,11.69524702,2.35,667,6810.041667,366.0,4.3,0.0,2,0,0,Review
17363,1,debt_consolidation,0.1136,822.78,11.81303006,20.51,727,7596.041667,43567.0,76.8,0.0,0,0,0,Approved
17364,1,all_other,0.1496,242.53,10.50278658,9.65,662,3540.041667,12392.0,73.8,1.0,0,0,1,Review
17365,1,debt_consolidation,0.1025,770.76,11.60823564,5.41,772,5460.0,4678.0,11,2.0,0,0,0,Approved
17366,1,debt_consolidation,0.1719,214.48,10.83958091,4.8,667,2700.041667,6451.0,97.7,0.0,0,0,0,Review
17367,1,debt_consolidation,0.157,875.27,11.50791292,9.68,717,5220.041667,19466.0,99.3,0.0,0,0,0,Approved
17368,1,all_other,0.0676,147.7,11.48246626,13.4,787,5490.0,80723.0,27.1,0.0,0,0,0,Approved
17369,1,home_improvement,0.1062,545.38,11.47833402,10.2,727,4890.041667,22627.0,47.7,2.0,0,0,0,Approved
17370,1,all_other,0.1099,589.24,11.314133,22.82,717,3750.041667,18940.0,72.2,0.0,1,0,0,Approved
17371,1,all_other,0.1459,34.47,10.34817337,6.15,682,1200.041667,681.0,52.4,0.0,0,0,0,Review
17372,1,debt_consolidation,0.1533,870.71,11.27720313,13.96,697,9721.041667,26018.0,43.9,0.0,1,0,0,Review
17373,1,all_other,0.1496,259.85,11.40756495,17.6,667,6990.0,16517.0,31.2,0.0,0,0,0,Review
17374,1,debt_consolidation,0.1645,176.89,9.680344001,1.88,677,1140.0,981.0,65.4,0.0,0,0,0,Review
17375,1,small_business,0.1385,272.84,10.6454249,10.83,677,4740.0,5485.0,76.2,1.0,0,0,1,Review
17376,1,all_other,0.1136,131.65,10.91871823,16.13,687,6870.041667,6874.0,48.1,0.0,1,0,0,Review
17377,1,credit_card,0.1099,327.36,10.08580911,16.15,712,2520.0,6940.0,49.7,2.0,0,0,0,Approved
17378,1,small_business,0.1273,134.27,10.77895629,11.68,722,4596.041667,303.0,43.3,0.0,1,0,1,Approved
17379,1,credit_card,0.1496,415.76,10.4341158,9.78,687,4710.0,9261.0,95.5,0.0,0,0,0,Review
17380,1,all_other,0.1682,53.35,10.30895266,3.16,662,1440.0,2761.0,83.7,0.0,0,0,0,Review
17381,1,debt_consolidation,0.1348,542.79,10.81977828,21.07,697,2130.041667,11495.0,76.1,1.0,0,1,1,Review
17382,1,credit_card,0.0788,344.09,10.97799019,10.14,742,3375.0,16687.0,72.6,0.0,0,0,0,Approved
17383,1,debt_consolidation,0.1422,102.86,11.77528973,0.6,667,5940.0,3100.0,73.8,0.0,0,0,0,Review
17384,1,credit_card,0.1496,779.55,10.86856845,9.62,722,6210.0,12749.0,95.9,0.0,0,0,0,Approved
17385,1,debt_consolidation,0.1025,161.93,11.03488966,8.65,717,3630.0,1158.0,10.5,2.0,0,0,0,Approved
17386,1,debt_consolidation,0.1025,259.08,10.59663473,20.04,717,4872.041667,12586.0,80.7,0.0,0,0,0,Approved
17387,1,all_other,0.0988,322.11,11.50069093,14.32,722,7425.041667,31844.0,61.2,1.0,0,0,0,Approved
17388,1,debt_consolidation,0.0714,247.52,11.08214255,16.82,777,3750.0,9191.0,19,0.0,0,0,0,Approved
17389,1,all_other,0.1136,164.56,10.96819829,23.96,687,4020.0,12598.0,75,1.0,0,0,1,Review
17390,1,debt_consolidation,0.1459,172.33,10.59663473,22.86,692,5194.0,2305.0,92.2,1.0,0,1,0,Review
17391,1,all_other,0.157,112.04,10.76880073,2.32,672,1444.0,2340.0,38.4,0.0,0,0,0,Review
17392,1,debt_consolidation,0.1348,169.63,10.49127422,11.9,707,11280.0,12487.0,81.1,0.0,0,1,0,Approved
17393,1,debt_consolidation,0.1136,164.56,10.71441777,6.51,687,4620.041667,5971.0,67.9,1.0,0,1,0,Review
17394,1,home_improvement,0.157,343.11,11.40756495,4.93,667,1740.041667,3221.0,27.3,1.0,0,0,0,Review
17395,1,major_purchase,0.1062,358.16,10.94552949,10.48,782,5400.041667,0.0,0,0.0,0,0,0,Approved
17396,1,debt_consolidation,0.1025,161.93,11.66134547,18.61,707,6510.041667,44229.0,75.7,0.0,0,0,0,Approved
17397,1,debt_consolidation,0.1136,394.94,10.30895266,17,707,2340.041667,11134.0,28.9,3.0,0,0,1,Approved
17398,1,all_other,0.1136,32.92,9.764225485,0,717,7170.041667,0.0,0,1.0,0,1,0,Approved
17399,1,debt_consolidation,0.0788,156.41,10.62132735,14.84,722,3390.041667,1451.0,31.5,0.0,0,0,1,Approved
17400,1,small_business,0.0788,312.81,10.81977828,3.46,757,5160.0,4771.0,26.8,1.0,0,0,0,Approved
17401,1,credit_card,0.1607,879.85,12.28303369,14.23,747,9150.0,59308.0,32.9,2.0,0,0,0,Approved
17402,1,debt_consolidation,0.0988,386.53,11.47210347,9.26,732,7290.0,10836.0,63,1.0,0,0,0,Approved
17403,1,debt_consolidation,0.1793,238.38,11.77528973,2.34,662,5880.0,7261.0,84.4,3.0,0,0,0,Review
17404,1,major_purchase,0.0714,154.7,11.51292546,3.14,767,4205.041667,3204.0,7.6,0.0,0,0,0,Approved
17405,1,debt_consolidation,0.1062,156.29,9.574983486,3.33,742,2520.0,1977.0,23.8,1.0,0,0,0,Approved
17406,1,debt_consolidation,0.1311,674.9,10.96819829,8.3,717,2730.041667,18339.0,84.2,0.0,0,0,0,Approved
17407,1,all_other,0.0751,186.66,11.22765382,18.31,742,5911.0,26463.0,37.6,0.0,0,0,0,Approved
17408,1,all_other,0.0676,103.08,10.87804719,23.55,757,6330.041667,18350.0,29.9,0.0,0,0,0,Approved
17409,1,home_improvement,0.1062,651.2,11.46163217,1.53,732,5040.041667,3818.0,15.6,0.0,0,0,0,Approved
17410,1,debt_consolidation,0.1348,407.09,10.83170686,15.68,697,1590.041667,3792.0,55.8,1.0,0,0,0,Review
17411,1,major_purchase,0.1099,621.97,11.1844214,11.68,732,2760.041667,12284.0,20.8,1.0,0,0,0,Approved
17412,1,small_business,0.0788,112.61,10.71205943,11.79,717,2820.041667,1773.0,20.9,3.0,1,0,0,Approved
17413,1,debt_consolidation,0.1682,248.94,9.862665558,12.63,667,1560.0,5063.0,55,0.0,0,0,0,Review
17414,1,small_business,0.1099,65.48,11.04132055,23.42,692,6030.041667,55809.0,89.3,1.0,0,0,0,Review
17415,1,all_other,0.0751,93.33,11.15625052,11.49,747,3240.0,9574.0,36,4.0,0,0,0,Approved
17416,1,major_purchase,0.1311,202.47,11.00209984,2.82,687,3392.041667,4361.0,58.9,2.0,2,0,0,Review
17417,1,debt_consolidation,0.1025,485.78,11.73606902,14.96,737,8490.0,8443.0,43.7,0.0,0,0,1,Approved
17418,1,all_other,0.1273,201.4,10.95080655,7.73,687,4680.041667,0.0,0,0.0,1,2,0,Review
17419,1,all_other,0.1607,879.85,11.81303006,20.88,682,10620.0,13018.0,68.4,0.0,0,1,0,Review
17420,1,all_other,0.1459,121.49,10.49127422,18.9,662,8370.0,6968.0,60.1,0.0,0,1,0,Review
17421,1,debt_consolidation,0.1099,114.58,10.98529272,0.63,697,4890.041667,11279.0,19.5,1.0,1,0,0,Review
17422,1,all_other,0.1311,168.73,10.26813067,20.04,702,2070.041667,438.0,17.5,0.0,0,0,0,Approved
17423,1,debt_consolidation,0.1645,884.44,12.10071213,13.96,687,9600.041667,16960.0,90.7,1.0,0,1,1,Review
17424,1,educational,0.1136,52.66,10.1266311,0.96,702,3210.041667,66.0,0.5,2.0,0,1,0,Approved
17425,1,debt_consolidation,0.183,907.6,12.36734079,7.28,672,6570.0,28897.0,46.9,1.0,1,0,1,Review
17426,1,debt_consolidation,0.1273,134.27,10.59663473,9.36,697,4921.041667,4498.0,73.7,3.0,0,0,0,Review
17427,1,all_other,0.1422,428.56,10.46310334,12.75,712,3450.041667,6.0,1.5,0.0,0,0,0,Approved
17428,1,debt_consolidation,0.0751,155.55,10.35469055,11.58,737,2071.041667,2493.0,9.9,2.0,0,0,0,Approved
17429,1,debt_consolidation,0.0788,375.37,10.71441777,7.92,757,8640.041667,8647.0,26.2,1.0,0,0,0,Approved
17430,1,credit_card,0.1099,818.38,11.3736634,22.83,737,7350.0,42752.0,39.2,3.0,0,0,0,Approved
17431,1,all_other,0.0788,65.69,9.952277717,21.52,752,1688.041667,564.0,7.6,0.0,0,0,0,Approved
17432,1,credit_card,0.0751,264.43,11.08214255,20.05,757,2910.0,4384.0,19.2,3.0,0,0,0,Approved
17433,1,educational,0.1422,411.41,11.22524339,17.56,682,5581.0,17233.0,91.2,0.0,0,0,0,Review
17434,1,credit_card,0.1062,488.4,11.3736634,14.95,732,5430.0,33403.0,40.4,2.0,0,0,0,Approved
17435,1,debt_consolidation,0.1311,242.97,10.2791805,9.68,697,4290.041667,6659.0,80.2,0.0,0,1,0,Review
17436,1,debt_consolidation,0.1459,449.77,11.8493977,11.07,677,5700.041667,4954.0,82.2,1.0,0,1,0,Review
17437,1,debt_consolidation,0.1496,103.94,10.50506754,23.84,677,1410.0,2207.0,45,1.0,0,0,0,Review
17438,1,debt_consolidation,0.1533,626.91,11.17043516,15.75,692,4080.0,24322.0,95,1.0,0,0,1,Review
17439,1,all_other,0.1025,323.85,11.15625052,9.09,747,4170.041667,2205.0,24.5,3.0,0,0,1,Approved
17440,1,home_improvement,0.157,280.09,10.87426647,7.36,662,4770.0,10973.0,87.8,0.0,1,0,1,Review
17441,1,debt_consolidation,0.1136,493.67,10.79548559,17.61,712,3330.0,28261.0,70,3.0,0,0,0,Approved
17442,1,debt_consolidation,0.1385,511.56,11.81303006,19.29,687,14671.0,24341.0,87.2,1.0,0,1,0,Review
17443,1,all_other,0.1062,789.58,11.63691144,0.28,797,7020.0,633.0,1.1,0.0,0,0,0,Approved
17444,1,all_other,0.0788,156.41,10.80559822,16.89,727,5910.0,11665.0,51.6,0.0,0,0,0,Approved
17445,1,credit_card,0.0751,62.22,10.51053203,21.02,732,8643.041667,9184.0,21.2,0.0,0,0,0,Approved
17446,1,debt_consolidation,0.1273,184.62,10.60757467,22.91,687,2642.0,13778.0,72.1,0.0,0,0,0,Review
17447,1,debt_consolidation,0.0751,311.1,10.95080655,8.97,757,3780.041667,13150.0,50,1.0,0,0,0,Approved
17448,1,credit_card,0.0788,375.37,10.37349118,11.93,767,3600.0,13405.0,27,0.0,0,0,0,Approved
17449,1,credit_card,0.1062,105.82,10.71441777,17.23,707,4290.041667,10696.0,24.5,3.0,0,0,0,Approved
17450,1,all_other,0.1099,245.52,10.79259207,6.83,722,5253.041667,14058.0,73.6,1.0,0,0,0,Approved
17451,1,credit_card,0.0676,193.85,11.65268741,6.25,777,5160.0,12345.0,17.4,1.0,0,0,0,Approved
17452,1,credit_card,0.1136,526.58,10.71441777,8.83,727,3457.041667,12142.0,62.3,0.0,0,0,1,Approved
17453,1,credit_card,0.1025,582.93,11.03488966,6.85,757,3842.041667,8793.0,24.1,4.0,0,0,1,Approved
17454,1,debt_consolidation,0.1025,466.35,11.22524339,5.54,722,4472.0,10387.0,59.7,0.0,0,0,0,Approved
17455,1,debt_consolidation,0.1311,269.96,10.91508846,6.37,687,3270.0,10039.0,69.2,0.0,0,0,0,Review
17456,1,all_other,0.1062,130.24,10.80992995,11.96,752,5856.0,0.0,0,0.0,0,0,0,Approved
17457,1,credit_card,0.1311,269.96,10.77895629,8.4,682,3750.0,9168.0,77.7,1.0,0,0,0,Review
17458,1,small_business,0.1025,518.16,13.30468493,4.61,732,7440.041667,12997.0,65.7,0.0,0,0,0,Approved
17459,1,major_purchase,0.1273,167.84,10.91508846,7.77,687,4230.041667,10375.0,83.7,0.0,0,0,0,Review
17460,1,debt_consolidation,0.0788,375.37,10.55330961,15.29,747,3780.041667,15631.0,24.6,0.0,0,0,0,Approved
17461,1,all_other,0.0714,145.42,11.69524702,14.78,767,8580.041667,73708.0,25.5,0.0,0,0,0,Approved
17462,1,debt_consolidation,0.1136,394.94,10.42228135,16.82,712,1770.041667,8169.0,64.8,0.0,0,0,0,Approved
17463,1,debt_consolidation,0.0714,100.56,10.57131693,22.65,742,2730.041667,24455.0,52.9,2.0,0,0,1,Approved
17464,1,debt_consolidation,0.1422,617.12,11.14186178,17.57,682,3121.041667,26364.0,57.8,0.0,0,0,0,Review
17465,1,debt_consolidation,0.1311,160.29,11.35040654,18.49,682,9300.041667,10979.0,86.4,3.0,0,0,1,Review
17466,1,small_business,0.1496,346.47,11.08214255,20.77,667,4020.0,9710.0,58.1,2.0,0,0,0,Review
17467,1,credit_card,0.1136,822.78,11.41861479,22.59,727,4650.041667,44808.0,65.8,0.0,0,0,0,Approved
17468,1,debt_consolidation,0.1025,453.39,11.04292184,15.27,722,4500.041667,6485.0,37.5,2.0,0,0,0,Approved
17469,1,major_purchase,0.0751,202.22,10.62132735,16.8,747,6750.041667,6238.0,14.9,1.0,0,0,0,Approved
17470,1,educational,0.0714,241.33,10.49127422,15.27,792,7650.0,4249.0,21.4,0.0,0,0,0,Approved
17471,1,debt_consolidation,0.1533,870.71,12.61153775,16.16,692,8220.041667,89620.0,76.6,0.0,0,0,0,Review
17472,1,debt_consolidation,0.0988,483.16,11.51292546,4.12,757,6750.041667,8361.0,12.1,0.0,0,0,0,Approved
17473,1,debt_consolidation,0.1025,226.7,10.73639668,23.77,717,5309.041667,14685.0,89.8,0.0,0,0,0,Approved
17474,1,all_other,0.0714,185.64,11.010316,13.43,762,3690.0,7537.0,23.1,0.0,0,0,0,Approved
17475,1,debt_consolidation,0.0751,410.65,10.85321306,17.8,772,8340.041667,6294.0,33.5,0.0,0,0,0,Approved
17476,1,small_business,0.1099,261.89,10.53049493,14.36,702,3540.041667,4836.0,62.8,0.0,0,0,0,Approved
17477,1,all_other,0.1025,129.54,10.16585182,1.85,757,4620.041667,1495.0,49.8,0.0,0,0,0,Approved
17478,1,credit_card,0.0988,249.64,10.62132735,24.64,722,5940.0,10836.0,63,3.0,0,0,0,Approved
17479,1,small_business,0.1136,822.78,12.1281111,11.07,727,4446.0,5567.0,20.9,0.0,0,0,0,Approved
17480,1,major_purchase,0.1025,97.16,10.75790288,20.5,702,5130.0,8027.0,62.7,0.0,0,0,0,Approved
17481,1,debt_consolidation,0.1459,193.01,9.574983486,6.33,687,1530.0,1578.0,68.6,0.0,0,0,1,Review
17482,1,debt_consolidation,0.0988,450.95,10.81977828,6.1,742,3360.0,7315.0,27.4,1.0,0,0,0,Approved
17483,1,credit_card,0.1311,728.89,12.20607265,7.98,712,6330.041667,34804.0,79.6,0.0,0,0,0,Approved
17484,1,all_other,0.1348,169.63,11.00209984,6.52,682,1680.041667,14281.0,65.2,0.0,0,0,0,Review
17485,1,educational,0.0988,386.53,10.59663473,5.16,757,4505.041667,1117.0,2.6,3.0,0,0,0,Approved
17486,1,debt_consolidation,0.0988,467.06,10.49127422,24.4,742,3120.041667,9752.0,55.7,0.0,0,0,0,Approved
17487,1,debt_consolidation,0.1311,371.2,11.55214618,11.88,687,3630.0,9637.0,46.7,0.0,0,0,0,Review
17488,1,small_business,0.1099,818.38,10.79957558,17.88,737,7680.0,5947.0,14,1.0,0,0,0,Approved
17489,1,debt_consolidation,0.1533,435.36,11.22524339,0.64,677,3810.041667,1161.0,23.7,0.0,0,0,0,Review
17490,1,all_other,0.1025,647.7,11.08214255,13.22,757,2700.041667,4137.0,24.6,0.0,0,0,0,Approved
17491,1,all_other,0.1136,263.29,11.9871063,5.27,707,7200.041667,7351.0,94.2,1.0,0,0,0,Approved
17492,1,debt_consolidation,0.1273,402.8,11.47210347,2.51,697,3392.0,10051.0,41,1.0,0,0,0,Review
17493,1,all_other,0.1062,97.68,10.3859137,0.37,807,11730.0,55.0,0.2,6.0,0,0,0,Approved
17494,1,all_other,0.0788,337.83,10.86475165,3.76,742,4980.041667,2642.0,64.4,0.0,0,0,0,Approved
17495,1,debt_consolidation,0.0988,483.16,12.4292162,4.95,757,4638.041667,13020.0,25.4,1.0,0,0,0,Approved
17496,1,debt_consolidation,0.1273,251.75,10.71441777,17.28,692,2400.041667,6292.0,71.5,0.0,0,0,0,Review
17497,1,major_purchase,0.1099,163.68,11.13675106,12.27,722,2160.0,5502.0,36.7,1.0,0,0,0,Approved
17498,1,debt_consolidation,0.0751,373.32,11.09741002,4.33,782,12360.0,6449.0,12.5,2.0,0,0,0,Approved
17499,1,credit_card,0.1136,691.14,11.28978191,23.1,722,5310.041667,34377.0,58.5,0.0,0,0,0,Approved
17500,1,all_other,0.1136,279.75,10.69194491,17.13,697,2280.0,12430.0,46.6,1.0,0,0,0,Review
17501,1,major_purchase,0.1496,242.53,10.83958091,8.59,672,1650.041667,6907.0,92.1,0.0,2,0,1,Review
17502,1,debt_consolidation,0.1311,80.99,10.08580911,18.2,697,3630.0,1060.0,42.4,3.0,0,0,0,Review
17503,1,debt_consolidation,0.1273,738.46,10.51867319,12.16,722,4740.0,13871.0,70.1,0.0,0,0,0,Approved
17504,1,debt_consolidation,0.1273,503.5,11.46163217,21.68,702,4560.041667,44135.0,54.2,0.0,0,0,0,Approved
17505,1,debt_consolidation,0.1422,342.85,10.71441777,12.48,682,7050.041667,4719.0,77.4,1.0,0,0,0,Review
17506,1,all_other,0.0988,289.9,10.62132735,10.6,732,7740.0,11250.0,17.9,2.0,1,0,0,Approved
17507,1,debt_consolidation,0.1273,167.84,10.75790288,2.04,687,3930.041667,1319.0,44,1.0,1,0,0,Review
17508,1,debt_consolidation,0.1099,327.36,11.47210347,16.1,712,4320.041667,2595.0,32,0.0,0,0,0,Approved
17509,1,all_other,0.1311,202.47,9.862665558,2.63,692,1590.041667,1586.0,61,1.0,0,0,0,Review
17510,1,debt_consolidation,0.1273,805.59,12.07254125,10.65,717,3840.041667,31973.0,74.4,0.0,0,0,0,Approved
17511,1,all_other,0.1496,866.16,11.41861479,3.98,707,4021.0,12797.0,30.2,3.0,0,0,0,Approved
17512,1,small_business,0.1136,822.78,11.69524702,3.6,727,9150.0,9466.0,27.4,1.0,0,0,0,Approved
17513,1,credit_card,0.1025,421.01,10.81977828,13.66,752,5490.0,25444.0,42.4,1.0,0,0,0,Approved
17514,1,debt_consolidation,0.1099,491.03,10.59232546,15.97,722,4440.0,15142.0,62.6,0.0,0,0,0,Approved
17515,1,all_other,0.1136,493.67,11.49406879,24.24,707,8824.0,29618.0,78.1,0.0,0,0,0,Approved
17516,1,all_other,0.0751,311.1,10.30895266,5.4,752,2610.0,5270.0,24.3,0.0,0,0,0,Approved
17517,1,all_other,0.1136,658.23,12.03171926,5.39,712,5555.0,20894.0,51.5,0.0,0,1,0,Approved
17518,1,debt_consolidation,0.1273,302.1,10.16585182,17.12,692,6962.0,14152.0,71.7,0.0,0,0,1,Review
17519,1,educational,0.1273,813.99,11.13276254,21.13,717,4260.041667,32628.0,61.8,2.0,0,0,0,Approved
17520,1,debt_consolidation,0.1099,555.68,11.00209984,17.52,727,3900.041667,21070.0,32.4,0.0,0,0,0,Approved
17521,1,debt_consolidation,0.1273,537.06,11.27720313,24.67,712,4380.0,46373.0,76.8,0.0,0,0,0,Approved
17522,1,debt_consolidation,0.1025,323.85,10.46310334,11.59,717,3691.0,778.0,43.2,1.0,0,0,0,Approved
17523,1,credit_card,0.0988,450.95,10.51867319,20.04,737,3871.041667,15460.0,60.6,0.0,0,0,0,Approved
17524,1,debt_consolidation,0.0788,469.21,11.82217332,8.75,782,9240.041667,16224.0,38.3,1.0,0,0,0,Approved
17525,1,debt_consolidation,0.0788,406.65,11.16194854,19.72,762,4113.0,9368.0,30.2,3.0,0,0,0,Approved
17526,1,debt_consolidation,0.1533,557.26,11.46163217,15.92,672,2910.0,17830.0,78.9,0.0,0,0,0,Review
17527,1,debt_consolidation,0.1273,335.67,11.26446411,16.15,697,2400.041667,3466.0,25.1,3.0,0,0,0,Review
17528,1,debt_consolidation,0.1941,471.89,10.858999,11.15,672,5550.0,8340.0,24.2,2.0,0,0,0,Review
17529,1,debt_consolidation,0.0676,129.24,10.59663473,19.83,777,11370.0,12308.0,22.8,0.0,0,0,0,Approved
17530,1,major_purchase,0.0714,129.95,11.05089001,8.57,752,5766.041667,2483.0,27.6,3.0,0,0,0,Approved
17531,1,all_other,0.1496,138.59,10.71441777,1.79,682,1230.041667,1298.0,81.1,0.0,0,0,0,Review
17532,1,credit_card,0.0788,375.37,10.66895539,13.87,752,3901.041667,18183.0,33.2,1.0,0,0,0,Approved
17533,1,small_business,0.0788,500.49,11.2708539,14.97,782,8850.0,13925.0,15.7,0.0,0,0,0,Approved
17534,1,all_other,0.0988,257.69,11.58988651,1.44,757,3509.041667,4165.0,61.2,2.0,0,0,0,Approved
17535,1,home_improvement,0.1099,39.29,10.16585182,10.71,687,3210.041667,8797.0,41.9,1.0,0,0,0,Review
17536,1,all_other,0.157,175.06,9.998797732,10.36,662,1830.0,2176.0,53.1,1.0,0,0,0,Review
17537,1,credit_card,0.1348,695.45,11.5242412,18.91,702,5010.041667,19427.0,51.1,2.0,0,0,0,Approved
17538,1,debt_consolidation,0.1348,339.25,11.91839057,12.49,737,6570.0,39636.0,99,0.0,0,0,0,Approved
17539,1,all_other,0.0714,154.7,11.15910359,6.31,747,4260.041667,5413.0,20,1.0,0,0,0,Approved
17540,1,debt_consolidation,0.1459,413.58,11.79810441,12.48,692,6630.0,18159.0,96.6,3.0,0,0,1,Review
17541,1,all_other,0.1348,196.76,10.59663473,14.58,682,3240.041667,4112.0,45.2,0.0,0,0,1,Review
17542,1,all_other,0.1496,221.74,11.1844214,15.45,662,2614.0,9317.0,61.7,2.0,0,0,0,Review
17543,1,credit_card,0.1385,491.1,11.51292546,12.7,687,2520.0,36174.0,78,0.0,0,0,0,Review
17544,1,debt_consolidation,0.1496,69.3,10.68464561,15.27,667,3720.0,5472.0,97.7,0.0,0,1,0,Review
17545,1,small_business,0.1025,242.89,11.01862914,3.52,752,3060.041667,639.0,2.7,3.0,0,0,0,Approved
17546,1,debt_consolidation,0.0714,154.7,11.28978191,6.57,752,6000.041667,8754.0,17.3,3.0,0,0,0,Approved
17547,1,educational,0.0676,107.7,10.858999,14.54,777,3390.0,1498.0,2.7,2.0,0,0,0,Approved
17548,1,all_other,0.0639,107.11,11.22390917,14.18,782,7171.041667,5256.0,15.6,2.0,0,0,0,Approved
17549,1,credit_card,0.0988,322.11,11.51292546,9.55,727,3000.0,18096.0,68.3,0.0,0,0,0,Approved
17550,1,all_other,0.1385,40.93,11.00209984,3.08,707,1170.0,2823.0,65.7,3.0,0,0,1,Approved
17551,1,all_other,0.1062,260.48,10.84848235,15,712,2550.0,5553.0,32.1,2.0,0,0,0,Approved
17552,1,small_business,0.0788,469.21,11.41861479,9.61,792,5700.041667,4176.0,8.8,0.0,0,0,0,Approved
17553,1,debt_consolidation,0.0714,262.99,11.22364211,19.7,777,5280.041667,9411.0,20.3,0.0,0,0,0,Approved
17554,1,credit_card,0.1062,683.76,10.81977828,15.18,737,17616.0,31725.0,32.8,0.0,0,0,0,Approved
17555,1,debt_consolidation,0.1273,234.97,11.07906088,23.96,697,13980.0,14441.0,87,0.0,0,0,0,Review
17556,1,debt_consolidation,0.1099,818.38,11.13225053,12.13,737,5400.041667,19596.0,43.8,0.0,0,0,0,Approved
17557,1,debt_consolidation,0.1273,469.93,11.1983243,18.85,707,6120.041667,31992.0,75.5,0.0,0,0,0,Approved
17558,1,major_purchase,0.1099,57.29,10.30895266,7.76,687,4650.041667,1967.0,18.2,0.0,1,0,0,Review
17559,1,home_improvement,0.0676,30.77,11.00209984,10.18,752,10020.04167,17028.0,11.7,1.0,0,0,0,Approved
17560,1,credit_card,0.1311,47.25,10.30895266,9.8,697,1264.041667,1702.0,24.3,0.0,0,0,0,Review
17561,1,all_other,0.1025,242.89,11.30220443,7.36,797,12184.04167,1386.0,9,1.0,0,0,0,Approved
17562,1,debt_consolidation,0.1459,689.3,11.58058411,16.63,687,4170.041667,9431.0,87.3,2.0,0,0,0,Review
17563,1,credit_card,0.1062,130.24,10.22194128,5.76,707,3630.0,4423.0,40.2,1.0,0,0,1,Approved
17564,1,debt_consolidation,0.1607,299.15,10.36722157,23.07,672,1489.0,9640.0,87.6,0.0,0,0,1,Review
17565,1,debt_consolidation,0.1496,692.93,12.46843691,12.58,687,9660.041667,38910.0,93.3,2.0,0,0,0,Review
17566,1,credit_card,0.0639,45.91,11.2515607,2.38,772,3510.041667,3947.0,7.6,0.0,0,0,0,Approved
17567,1,debt_consolidation,0.0988,322.11,11.54482134,14.44,727,5730.041667,18111.0,69.1,0.0,0,0,0,Approved
17568,1,credit_card,0.1533,348.29,11.33413367,19.23,677,5910.0,18533.0,90.4,0.0,0,0,0,Review
17569,1,credit_card,0.0988,128.85,10.858999,2.47,717,2383.041667,3187.0,37.1,0.0,0,0,0,Approved
17570,1,debt_consolidation,0.1311,212.6,12.04355372,24.52,687,3479.041667,11011.0,88.1,2.0,0,0,0,Review
17571,1,debt_consolidation,0.1533,452.77,10.7480872,8.87,677,2820.041667,13222.0,91.8,1.0,0,1,0,Review
17572,1,debt_consolidation,0.0788,437.93,10.75790288,4.98,747,2940.0,4482.0,19.4,0.0,0,0,0,Approved
17573,1,debt_consolidation,0.1273,839.16,11.3736634,10.62,712,4230.041667,19002.0,53.1,0.0,0,0,0,Approved
17574,1,small_business,0.1136,493.67,11.1844214,17.82,712,9120.0,21367.0,77.1,1.0,0,0,1,Approved
17575,1,debt_consolidation,0.0788,375.37,11.56171563,4.97,792,6390.041667,0.0,0,0.0,0,0,0,Approved
17576,1,all_other,0.157,280.09,10.30895266,9,672,1411.041667,7130.0,55.3,1.0,0,0,0,Review
17577,1,debt_consolidation,0.1273,134.27,10.9273763,14.78,677,3840.041667,14360.0,48.2,1.0,0,0,0,Review
17578,1,debt_consolidation,0.157,175.06,11.00209984,16.26,672,7920.041667,2276.0,73.4,0.0,0,0,0,Review
17579,1,debt_consolidation,0.0788,437.93,11.15625052,14.37,752,6270.0,8976.0,20.8,1.0,0,0,0,Approved
17580,1,major_purchase,0.0988,154.61,10.858999,11.28,722,2670.041667,16062.0,57.4,1.0,0,0,0,Approved
17581,1,all_other,0.1459,199.9,11.22524339,1.86,707,1230.041667,4372.0,48,0.0,0,0,0,Approved
17582,1,major_purchase,0.0714,123.76,10.59663473,18.33,797,6210.0,982.0,1.8,0.0,0,0,0,Approved
17583,1,debt_consolidation,0.1459,689.3,10.54534144,15.98,682,2370.041667,1446.0,13.5,1.0,1,0,0,Review
17584,1,debt_consolidation,0.1273,209.79,10.04324949,21.23,687,2760.041667,6867.0,41.6,0.0,0,0,0,Review
17585,1,all_other,0.1062,97.68,10.46310334,8.91,692,6090.041667,12509.0,37.1,2.0,1,0,1,Review
17586,1,small_business,0.1062,468.86,11.00209984,6.26,727,3180.041667,14373.0,88.2,0.0,0,0,0,Approved
17587,1,all_other,0.0751,311.1,10.30895266,8.6,752,2522.0,6268.0,22,0.0,0,0,0,Approved
17588,1,debt_consolidation,0.0988,483.16,11.41861479,15.93,762,5642.041667,8226.0,18.1,0.0,0,0,0,Approved
17589,1,major_purchase,0.1422,137.14,12.4292162,14.91,677,5156.0,8847.0,36.9,1.0,0,0,0,Review
17590,1,credit_card,0.0751,155.55,11.04132055,12.75,737,5160.0,11757.0,42.6,0.0,0,0,0,Approved
17591,1,debt_consolidation,0.0988,442.9,11.10043574,17.67,737,3095.041667,10033.0,21.7,1.0,0,0,0,Approved
17592,1,all_other,0.1273,167.84,11.01862914,15.76,682,5340.041667,8076.0,79.2,1.0,0,0,1,Review
17593,1,credit_card,0.1025,97.16,11.00209984,15.64,702,2310.041667,14636.0,71.4,0.0,0,0,0,Approved
17594,1,debt_consolidation,0.1136,246.84,11.03488966,14.83,707,3030.0,0.0,26.32,0.0,0,0,0,Approved
17595,1,debt_consolidation,0.1099,491.03,11.1844214,10.75,722,7140.041667,2561.0,17.3,0.0,0,0,0,Approved
17596,1,debt_consolidation,0.1025,809.62,11.91839057,7.66,787,6840.041667,8315.0,23.7,0.0,0,0,0,Approved
17597,1,debt_consolidation,0.1311,54.0,10.63364146,18.99,672,7680.0,6281.0,62.8,3.0,0,0,0,Review
17598,1,credit_card,0.1025,404.81,10.50506754,18.38,732,3394.0,12849.0,45.6,0.0,0,0,0,Approved
17599,1,all_other,0.1025,161.93,10.59763423,19.12,717,1649.041667,10625.0,65.6,0.0,0,0,1,Approved
17600,1,debt_consolidation,0.1136,394.94,10.77895629,13.18,702,8910.041667,12844.0,54,1.0,0,1,0,Approved
17601,1,credit_card,0.1311,472.43,10.59663473,11.31,697,5550.0,12942.0,67.1,0.0,0,0,0,Review
17602,1,credit_card,0.1025,576.45,11.03135115,17.15,762,10560.0,23065.0,51.1,4.0,0,0,0,Approved
17603,1,debt_consolidation,0.0788,265.89,10.76848499,11.7,737,3390.0,9205.0,52,0.0,0,0,0,Approved
17604,1,debt_consolidation,0.1273,537.06,11.21182037,4.41,712,3841.041667,12585.0,38.8,1.0,0,0,0,Approved
17605,1,debt_consolidation,0.1459,861.63,11.48246626,18.15,707,6690.041667,22542.0,41.7,1.0,1,0,0,Approved
17606,1,major_purchase,0.1311,464.0,10.16585182,14.4,747,4320.041667,16738.0,90.3,1.0,0,0,0,Approved
17607,1,debt_consolidation,0.1273,570.63,11.09968017,22.75,707,3750.0,26146.0,76.2,0.0,0,0,0,Approved
17608,1,debt_consolidation,0.0988,547.58,10.90888746,19.39,762,12752.04167,18667.0,20.3,1.0,0,0,0,Approved
17609,1,small_business,0.183,907.6,12.7367009,11.99,752,5190.0,5011.0,5.5,7.0,0,0,0,Approved
17610,1,all_other,0.1719,185.89,10.30895266,22.29,662,1554.0,1815.0,43.2,1.0,0,0,0,Review
17611,1,home_improvement,0.1062,651.2,11.77528973,15.98,787,12570.04167,4641.0,18.1,5.0,0,0,0,Approved
17612,1,all_other,0.0751,435.54,11.23321156,3.68,772,5130.0,11723.0,32.1,0.0,0,0,0,Approved
17613,1,debt_consolidation,0.1348,339.25,10.62861778,13.8,687,4080.0,14246.0,74.2,0.0,0,1,0,Review
17614,1,small_business,0.1348,169.63,10.71441777,14.19,677,3750.0,3379.0,31,2.0,0,0,0,Review
17615,1,all_other,0.1793,902.94,12.61153775,8.6,677,7170.041667,38436.0,73.2,0.0,1,0,0,Review
17616,1,home_improvement,0.1311,253.09,10.95430918,10.85,682,4021.0,4891.0,55,0.0,0,1,0,Review
17617,1,credit_card,0.1311,215.97,11.17745273,16.38,682,2134.041667,8220.0,71.5,0.0,0,0,0,Review
17618,1,debt_consolidation,0.1645,424.53,10.57385217,3.1,667,1140.0,4278.0,42.7,3.0,0,0,0,Review
17619,1,debt_consolidation,0.1756,503.05,11.54790643,15.02,672,7320.0,15899.0,16.6,3.0,0,0,0,Review
17620,1,educational,0.1062,182.34,11.22524339,14.32,707,5910.0,15055.0,88,1.0,0,0,0,Approved
17621,1,all_other,0.1311,141.73,9.61580548,3.44,702,6000.041667,654.0,72.7,0.0,0,1,0,Approved
17622,1,credit_card,0.1348,441.02,10.59663473,24.66,687,5194.0,17325.0,70.1,0.0,0,0,0,Review
17623,1,credit_card,0.1459,112.02,10.23995979,24.6,662,5554.0,11683.0,60.2,1.0,0,0,0,Review
17624,1,all_other,0.0988,161.06,10.55581274,24.5,717,4500.041667,14438.0,62.2,0.0,0,0,0,Approved
17625,1,home_improvement,0.1099,491.03,11.22524339,1.36,722,7530.041667,4402.0,9.3,1.0,1,0,0,Approved
17626,1,debt_consolidation,0.0988,322.11,11.00209984,9.8,757,6120.041667,2255.0,45.1,1.0,0,0,0,Approved
17627,1,all_other,0.1422,144.0,10.87804719,16.69,667,4710.0,5804.0,50.9,0.0,1,3,0,Review
17628,1,debt_consolidation,0.1645,566.04,11.26446411,14.74,667,2730.041667,3745.0,89.2,3.0,0,0,0,Review
17629,1,debt_consolidation,0.1062,455.84,10.69307155,22.39,722,5760.041667,17256.0,76,0.0,1,0,0,Approved
17630,1,debt_consolidation,0.1459,482.51,11.19821472,12.13,697,4560.041667,5879.0,70.8,0.0,0,1,0,Review
17631,1,debt_consolidation,0.1025,242.89,10.82774645,14.83,717,4440.0,7396.0,37.9,0.0,0,0,0,Approved
17632,1,debt_consolidation,0.1136,658.23,11.03165864,18.64,722,4290.041667,58930.0,63.4,1.0,0,0,0,Approved
17633,1,educational,0.1496,176.7,10.08580911,22.8,682,5520.0,5327.0,95.1,3.0,0,0,0,Review
17634,1,all_other,0.1099,163.68,10.858999,6.55,692,3510.041667,958.0,12.1,1.0,0,1,0,Review
17635,1,all_other,0.0788,187.69,10.83958091,13.36,737,4890.041667,10685.0,89.8,1.0,0,0,0,Approved
17636,1,educational,0.1062,73.26,10.87804719,13.86,722,9150.0,3860.0,91.9,2.0,0,0,0,Approved
17637,1,all_other,0.1099,40.92,10.23995979,0.64,742,1230.041667,426.0,8.9,0.0,0,0,0,Approved
17638,1,all_other,0.1311,506.18,11.69524702,16.69,692,4470.0,26519.0,61.4,1.0,1,0,0,Review
17639,1,all_other,0.1311,506.18,11.23848862,11.92,697,5430.041667,14383.0,44.9,0.0,0,0,0,Review
17640,1,all_other,0.0751,124.44,10.18111929,16.5,737,2763.041667,3053.0,13.5,0.0,0,0,0,Approved
17641,1,debt_consolidation,0.0639,100.99,9.655026193,21.46,777,7712.0,3071.0,16.5,0.0,0,0,0,Approved
17642,1,small_business,0.0751,334.43,10.57131693,12.86,762,6060.041667,6486.0,8.7,3.0,0,0,0,Approved
17643,1,credit_card,0.1607,527.91,10.71441777,9.33,672,1770.041667,16375.0,66,0.0,0,0,0,Review
17644,1,debt_consolidation,0.1099,392.83,10.89766482,23.51,707,5160.0,22083.0,75.9,2.0,0,0,0,Approved
17645,1,debt_consolidation,0.1136,329.12,10.93761465,9.73,727,5880.0,3010.0,73.4,1.0,0,0,0,Approved
17646,1,all_other,0.1311,337.45,10.71441777,22.91,692,2910.0,3140.0,35.7,3.0,0,0,0,Review
17647,1,all_other,0.1273,503.5,10.62132735,11.41,742,1260.041667,2246.0,16.9,0.0,0,0,0,Approved
17648,1,all_other,0.0751,155.55,10.75790288,12.77,747,3420.041667,7326.0,18.2,0.0,0,0,0,Approved
17649,1,debt_consolidation,0.1422,291.42,10.91508846,20.75,672,5820.0,4377.0,71.8,0.0,1,0,0,Review
17650,1,small_business,0.1273,503.5,11.71177632,24.44,702,5880.0,52601.0,73.1,1.0,0,0,0,Approved
17651,1,all_other,0.1062,260.48,10.37349118,11.29,722,1950.041667,1643.0,60.9,0.0,0,0,0,Approved
17652,1,debt_consolidation,0.1136,256.71,10.858999,7.89,692,8010.0,15985.0,45.2,0.0,0,0,0,Review
17653,1,all_other,0.1348,40.71,8.9226583,21.44,702,1112.0,6235.0,52,1.0,0,0,0,Approved
17654,1,debt_consolidation,0.1422,205.71,10.858999,15.65,677,4500.041667,13800.0,93.2,2.0,0,0,0,Review
17655,1,major_purchase,0.1062,716.32,12.24135291,5.34,747,10050.04167,47992.0,30.5,4.0,0,0,0,Approved
17656,1,debt_consolidation,0.0988,322.11,11.15625052,6.24,727,3780.041667,12991.0,22.6,2.0,0,0,0,Approved
17657,1,debt_consolidation,0.1385,545.67,11.65268741,14.01,687,7770.0,7915.0,38.4,2.0,0,0,0,Review
17658,1,debt_consolidation,0.0714,309.4,11.21182037,15.42,797,5580.0,13014.0,14.7,2.0,0,0,0,Approved
17659,1,all_other,0.1273,50.35,10.20507253,17.8,692,1830.0,12614.0,85.2,0.0,0,0,0,Review
17660,1,debt_consolidation,0.1025,153.83,11.27973158,20.42,712,6990.0,61140.0,60.5,0.0,0,1,0,Approved
17661,1,debt_consolidation,0.1136,236.96,10.77895629,7.15,727,5400.041667,9379.0,35.7,1.0,0,1,0,Approved
17662,1,all_other,0.0988,222.26,10.76806385,16.81,727,4050.0,150.0,3.1,3.0,0,0,0,Approved
17663,1,debt_consolidation,0.1348,474.94,10.63103616,20.06,692,2310.041667,13211.0,73.8,1.0,0,0,0,Review
17664,1,credit_card,0.1273,169.51,10.81977828,20.52,682,4051.0,22485.0,70,0.0,0,0,0,Review
17665,1,credit_card,0.1062,814.0,11.98042596,15.2,762,5820.0,50110.0,10.5,2.0,0,0,0,Approved
17666,1,credit_card,0.0714,170.17,10.75790288,19.86,752,4110.0,10254.0,23.5,1.0,0,0,0,Approved
17667,1,debt_consolidation,0.0788,350.34,11.03488966,22.49,737,6180.0,16472.0,47.9,0.0,0,0,0,Approved
17668,1,home_improvement,0.1099,98.21,10.91326863,15.5,697,4470.0,2754.0,40.5,2.0,0,1,0,Review
17669,1,all_other,0.1099,49.11,11.3736634,20.43,687,12450.0,3438.0,51.3,3.0,0,0,0,Review
17670,1,home_improvement,0.0751,311.1,11.00209984,15.92,767,5580.0,5527.0,17.8,0.0,0,0,0,Approved
17671,1,home_improvement,0.1025,161.93,10.81977828,19.23,712,4296.041667,36705.0,82.5,2.0,0,0,0,Approved
17672,1,debt_consolidation,0.1136,493.67,11.4756285,22.16,707,5130.0,22434.0,57.4,1.0,0,0,0,Approved
17673,1,debt_consolidation,0.1025,168.41,10.6454249,21.63,712,3420.041667,12970.0,66.2,2.0,0,0,0,Approved
17674,1,all_other,0.1422,102.86,10.59663473,10.05,702,1230.041667,627.0,34.8,1.0,0,0,0,Approved
17675,1,debt_consolidation,0.1422,317.13,9.862665558,10.81,697,2100.041667,0.0,0,3.0,0,0,1,Review
17676,1,credit_card,0.1385,218.27,10.69194491,20.54,672,3120.041667,26428.0,48.2,2.0,0,0,0,Review
17677,1,all_other,0.0751,171.11,10.45322615,20.39,742,7200.041667,14493.0,19.5,1.0,0,0,0,Approved
17678,1,debt_consolidation,0.0676,147.7,9.552226498,6.05,772,3480.041667,2621.0,17,0.0,0,0,0,Approved
17679,1,debt_consolidation,0.1025,453.39,11.15625052,16.42,732,5340.041667,16198.0,53.8,2.0,0,0,0,Approved
17680,1,debt_consolidation,0.1062,325.6,11.11460974,6.13,722,4200.041667,10075.0,73,1.0,0,0,0,Approved
17681,1,all_other,0.1348,339.25,10.30895266,17.04,682,2430.041667,10491.0,55.5,1.0,0,0,0,Review
17682,1,small_business,0.1311,269.96,10.46310334,1.65,742,2130.041667,1692.0,35.2,3.0,1,0,1,Approved
17683,1,all_other,0.1062,130.24,9.392661929,14.1,702,8010.0,3361.0,21.1,1.0,0,0,0,Approved
17684,1,debt_consolidation,0.0788,330.01,10.46310334,21.63,742,4650.041667,11071.0,37.4,0.0,0,0,0,Approved
17685,1,debt_consolidation,0.1348,379.95,10.75234277,3.93,692,1470.0,6372.0,52.2,1.0,0,0,0,Review
17686,1,major_purchase,0.0714,247.52,10.81977828,22.13,772,5430.041667,13088.0,42.6,0.0,0,0,0,Approved
17687,1,major_purchase,0.0988,161.06,10.83368119,22.91,717,3690.0,13232.0,63.9,1.0,0,0,0,Approved
17688,1,all_other,0.1904,916.95,12.34583459,14.43,667,5970.041667,39476.0,78.3,0.0,0,0,0,Review
17689,1,home_improvement,0.0788,450.44,11.47435094,1.91,777,5820.0,3351.0,0.4,2.0,0,0,0,Approved
17690,1,all_other,0.1025,194.31,10.81977828,20.66,707,1920.0,19882.0,51.2,2.0,0,0,0,Approved
17691,1,debt_consolidation,0.1099,157.13,9.61580548,0,752,1680.041667,0.0,0,0.0,0,0,1,Approved
17692,1,debt_consolidation,0.1461,206.86,10.30895266,16.2,682,1769.958333,16626.0,91.9,2.0,0,0,1,Review
17693,1,all_other,0.1496,277.16,11.04132055,4.5,712,1379.958333,5009.0,49.6,0.0,0,0,1,Approved
17694,1,all_other,0.1322,165.63,10.49127422,19.53,692,1530.041667,5948.0,48.8,0.0,0,0,1,Review
17695,1,educational,0.1704,276.48,9.541081934,2.24,692,8010.0,984.0,98.4,0.0,2,0,1,Review
17696,1,small_business,0.1565,699.73,11.48452599,3.6,722,5657.958333,16930.0,22.6,0.0,0,0,1,Approved
17697,1,major_purchase,0.1385,341.04,11.33828632,1.8,722,1140.0,3109.0,15.9,2.0,0,0,1,Approved
17698,1,credit_card,0.1385,341.04,11.8493977,7.25,697,3690.0,47134.0,50.7,3.0,0,0,1,Review
17699,1,all_other,0.1218,59.94,9.798127037,6.33,717,1230.041667,1454.0,33.8,0.0,0,0,1,Approved
17700,1,debt_consolidation,0.1095,255.17,10.40426284,20.29,742,9599.958333,11904.0,38.3,0.0,0,0,1,Approved
17701,1,all_other,0.1287,134.54,10.16585182,23.22,677,2911.0,5610.0,80.1,3.0,0,0,1,Review
17702,1,all_other,0.16,70.32,10.08580911,2.55,667,3509.958333,0.0,,0.0,0,0,1,Review
17703,1,debt_consolidation,0.1821,181.3,10.71441777,11.39,662,5400.0,0.0,,3.0,2,0,1,Review
17704,1,debt_consolidation,0.1533,139.32,10.46310334,9.12,667,2820.041667,2653.0,49.1,1.0,0,0,1,Review
17705,1,educational,0.1025,32.39,9.259130536,21.37,702,5310.041667,5430.0,48.9,0.0,1,0,1,Approved
17706,1,home_improvement,0.1189,663.28,11.01205017,2.89,742,3660.0,6863.0,46.7,4.0,0,0,1,Approved
17707,1,small_business,0.1739,716.95,11.03488966,13.51,697,4350.0,7574.0,35.6,3.0,1,0,1,Review
17708,1,all_other,0.1114,393.65,11.22524339,7.82,737,3179.958333,10320.0,8.9,1.0,0,0,1,Approved
17709,1,home_improvement,0.1379,851.89,11.23848862,4.45,717,5249.958333,165.0,2.5,2.0,0,0,1,Approved
17710,1,major_purchase,0.1287,840.83,11.45952469,0.13,757,2190.0,14.0,0.2,2.0,0,0,1,Approved
17711,0,debt_consolidation,0.1608,35.2,10.30895266,23.84,642,2490.0,10125.0,90.4,1.0,0,0,0,High Risk
17712,0,debt_consolidation,0.1608,246.38,12.1521443,22.47,647,7212.0,150971.0,92.3,4.0,0,0,1,High Risk
17713,0,debt_consolidation,0.16,787.53,11.26446411,19.34,682,3780.041667,15897.0,66,5.0,0,1,0,Review
17714,0,educational,0.164,126.4,10.30895266,29.6,677,1643.0,3043.0,58.5,1.0,0,0,1,Review
17715,0,debt_consolidation,0.1482,242.05,10.71441777,19.12,652,2847.0,26531.0,52.6,33.0,0,0,1,Review
17716,0,debt_consolidation,0.1482,172.89,10.6454249,18.51,652,4020.0,9792.0,64,8.0,0,0,1,Review
17717,0,debt_consolidation,0.138,149.96,10.73639668,16.7,662,4339.0,314.0,12.6,4.0,1,0,0,Review
17718,0,all_other,0.1482,311.2,11.39414193,19.34,657,4139.958333,38329.0,77.3,0.0,0,0,1,Review
17719,0,debt_consolidation,0.1703,570.69,11.35510138,25.32,672,4149.958333,38781.0,54.5,3.0,0,0,0,Review
17720,0,credit_card,0.1324,404.03,12.20607265,21.31,697,5879.958333,152416.0,80.1,0.0,0,0,0,Review
17721,0,debt_consolidation,0.1229,236.81,10.1266311,15.55,672,990.0,10410.0,63.9,1.0,0,0,0,Review
17722,0,home_improvement,0.1229,250.15,10.73639668,3.03,672,983.0,5556.0,27.1,2.0,0,0,0,Review
17723,0,debt_consolidation,0.1387,231.98,11.51292546,14.64,657,3498.0,39411.0,97.8,1.0,0,0,0,Review
17724,0,all_other,0.1387,163.75,10.77895629,9.18,652,7556.0,4945.0,64.2,2.0,2,1,0,Review
17725,0,debt_consolidation,0.1671,385.27,10.91871823,26.52,667,2672.958333,21300.0,65.5,4.0,0,0,0,Review
17726,0,all_other,0.0775,156.11,11.15625052,8.81,772,,0.0,,,,,0,Approved
17727,0,all_other,0.0838,204.84,,4,742,,0.0,,,,,0,Approved
17728,0,all_other,0.0807,136.45,11.69524702,4,742,,0.0,,,,,0,Approved
17729,0,all_other,0.0933,80.69,11.60823564,10,712,,0.0,,,,,0,Approved
17730,0,all_other,0.0933,124.62,11.49272276,10,707,,0.0,,,,,0,Approved
17731,0,all_other,0.1154,164.98,10.91508846,10,697,3190.0,2447.0,65.5,4.0,0,0,1,Review
17732,0,all_other,0.1028,164.42,11.46163217,10,702,,0.0,,,,,0,Approved
17733,0,all_other,0.0964,32.11,9.392661929,10,697,,0.0,,,,,0,Review
17734,0,all_other,0.0996,103.2,11.91839057,10,692,,0.0,,,,,0,Review
17735,0,all_other,0.1028,113.39,12.10071213,10,687,,0.0,,,,,0,Review
17736,0,all_other,0.1122,211.85,10.37349118,10,687,,0.0,,,,,0,Review
17737,0,all_other,0.0964,208.66,9.903487553,10,712,,0.0,,,,,1,Approved
17738,0,all_other,0.0996,64.5,8.699514748,10,687,,0.0,,,,,0,Review
17739,0,all_other,0.1249,42.65,10.59663473,10,707,,0.0,,,,,1,Approved
17740,0,all_other,0.0933,95.86,9.903487553,10,712,,0.0,,,,,0,Approved
17741,0,all_other,0.0901,95.42,10.46310334,10,717,,0.0,,,,,0,Approved
17742,0,all_other,0.0775,209.18,,1,802,,0.0,,,,,0,Approved
17743,0,all_other,0.0775,218.55,,1,802,,0.0,,,,,0,Approved
17744,0,all_other,0.0743,155.38,,1,802,,0.0,,,,,0,Approved
17745,0,all_other,0.1122,344.87,11.00209984,19.5,742,,0.0,,,,,0,Approved
17746,0,all_other,0.0712,30.94,10.81977828,1.1,772,,0.0,,,,,0,Approved
17747,0,all_other,0.0838,81.94,8.779557456,6.46,722,,0.0,,,,,1,Approved
17748,0,all_other,0.0743,93.23,11.28978191,0.39,797,,0.0,,,,,0,Approved
17749,0,all_other,0.0743,77.69,11.10682015,10.36,787,,0.0,,,,,0,Approved
17750,0,all_other,0.0775,156.11,12.61153775,5.38,757,,0.0,,,,,0,Approved
17751,0,all_other,0.1407,34.21,10.1266311,16.27,642,,0.0,,,,,0,High Risk
17752,0,all_other,0.1091,45.78,10.59663473,8.61,672,,0.0,,,,,0,Review
17753,0,all_other,0.1122,164.23,10.23995979,3.51,672,,0.0,,,,,0,Review
17754,0,all_other,0.0901,38.17,10.49127422,3.27,707,,0.0,,,,,0,Approved
17755,0,debt_consolidation,0.0964,141.25,10.30895266,3.72,697,1050.0,3493.0,63.5,0.0,0,0,0,Review
17756,0,debt_consolidation,0.1059,195.28,9.903487553,12.9,697,4169.958333,13660.0,66,4.0,0,0,0,Review
17757,0,debt_consolidation,0.0712,61.87,11.91839057,5.6,802,8489.958333,150786.0,2.2,0.0,0,0,0,Approved
17758,0,educational,0.147,345.18,10.81977828,7.22,652,2820.0,10025.0,85,0.0,2,0,0,Review
17759,0,debt_consolidation,0.0964,61.0,11.51292546,10,707,,0.0,,,,,0,Approved
17760,0,all_other,0.1312,180.57,8.29404964,15,662,178.9583333,0.0,,1.0,0,0,0,Review
17761,0,credit_card,0.1312,202.51,9.392661929,4.4,657,898.9583333,5251.0,49.3,9.0,0,0,0,Review
17762,0,credit_card,0.128,67.2,9.210340372,3.48,647,1169.958333,571.0,61.9,0.0,1,0,0,High Risk
17763,0,debt_consolidation,0.1312,226.98,11.00209984,13.16,672,5880.0,5513.0,88.9,9.0,0,1,1,Review
17764,0,credit_card,0.1501,693.45,11.28978191,3.11,672,3570.0,7883.0,59.3,6.0,1,0,1,Review
17765,0,credit_card,0.1059,325.46,10.91508846,17.96,727,3180.0,6559.0,24.8,5.0,0,0,0,Approved
17766,0,credit_card,0.1691,142.43,11.12726298,19.62,657,2009.958333,1943.0,25.6,3.0,1,0,0,Review
17767,0,all_other,0.1438,89.35,10.6454249,16.91,642,5549.0,4139.0,52.4,18.0,4,1,1,High Risk
17768,0,debt_consolidation,0.1091,114.44,9.61580548,11.52,682,990.0,3570.0,72.4,0.0,0,0,0,Review
17769,0,debt_consolidation,0.1186,265.17,11.05089001,10.42,687,6388.958333,7406.0,58.8,14.0,0,1,1,Review
17770,0,home_improvement,0.1312,135.01,10.37349118,7.91,652,5609.958333,9129.0,73.3,3.0,0,1,0,Review
17771,0,credit_card,0.147,345.18,11.08214255,6.37,647,1896.0,2211.0,73.7,6.0,0,0,0,High Risk
17772,0,educational,0.1028,38.88,8.29404964,8.1,682,368.0,900.0,37.5,1.0,0,0,0,Review
17773,0,credit_card,0.1249,33.45,10.37349118,5.21,652,2429.958333,1636.0,16.7,2.0,4,0,0,Review
17774,0,debt_consolidation,0.1249,150.52,10.34174248,9.56,662,780.0,4494.0,76.2,1.0,0,0,0,Review
17775,0,educational,0.1438,61.86,10.59663473,4.11,632,629.0,6214.0,55,9.0,0,0,1,High Risk
17776,0,credit_card,0.1533,139.31,11.36210258,20.12,652,2849.0,37318.0,75.4,1.0,0,0,0,Review
17777,0,all_other,0.1122,164.23,11.01862914,14.48,692,2969.0,9442.0,51.3,15.0,0,0,1,Review
17778,0,credit_card,0.1438,42.96,9.210340372,5.64,632,660.0,1269.0,105.7,1.0,0,0,0,High Risk
17779,0,debt_consolidation,0.1596,316.25,9.903487553,15.66,642,5370.0,5673.0,22,1.0,0,0,0,High Risk
17780,0,all_other,0.1438,68.73,10.59663473,15.57,642,238.9583333,17312.0,86.6,0.0,0,0,0,High Risk
17781,0,debt_consolidation,0.147,110.46,9.472704636,9.42,637,449.0,1670.0,55.6,1.0,0,0,0,High Risk
17782,0,educational,0.1754,43.11,9.169518377,8.38,612,659.0,546.0,47.6,0.0,1,0,0,High Risk
17783,0,debt_consolidation,0.1249,140.48,10.80972795,7.68,662,1019.0,6670.0,72.5,1.0,0,0,0,Review
17784,0,debt_consolidation,0.1501,34.68,9.757305042,20,652,1052.0,2484.0,35.4,2.0,0,0,0,Review
17785,0,educational,0.1059,133.44,10.59663473,9.51,682,406.0,705.0,54.2,2.0,0,0,0,Review
17786,0,credit_card,0.1217,116.54,9.210340372,14.76,667,1022.0,4784.0,95.7,0.0,0,0,0,Review
17787,0,debt_consolidation,0.1375,102.17,9.392661929,19.3,667,5668.958333,2545.0,14.4,4.0,1,0,1,Review
17788,0,credit_card,0.1343,67.81,10.71441777,8.75,647,419.0,1615.0,54.1,8.0,0,1,0,High Risk
17789,0,all_other,0.1533,365.69,11.03488966,1.72,642,1470.0,1437.0,95.8,13.0,0,0,1,High Risk
17790,0,debt_consolidation,0.1407,171.05,10.71441777,0.53,642,2846.0,123.0,41,6.0,13,0,0,High Risk
17791,0,debt_consolidation,0.1091,425.04,11.03488966,20,697,4979.958333,13748.0,50.2,4.0,0,1,0,Review
17792,0,all_other,0.0996,257.99,10.1266311,0.48,702,599.9583333,316.0,19.2,1.0,0,0,0,Approved
17793,0,credit_card,0.1501,346.73,10.81977828,7.75,647,1500.0,16246.0,83.3,1.0,0,0,1,High Risk
17794,0,credit_card,0.1691,284.86,11.00209984,20.22,647,6209.0,6755.0,99.3,1.0,0,0,1,High Risk
17795,0,all_other,0.1722,464.95,10.37349118,15.98,642,810.0,6703.0,79.8,1.0,0,0,1,High Risk
17796,0,educational,0.1438,412.37,9.61580548,6.48,672,1140.0,1464.0,83.7,12.0,0,0,0,Review
17797,0,all_other,0.1628,670.59,11.51292546,9.79,662,449.0,1603.0,64.1,1.0,0,0,1,Review
17798,0,debt_consolidation,0.128,201.6,10.95080655,15.2,667,6449.958333,13622.0,79.7,4.0,2,1,0,Review
17799,0,all_other,0.1091,196.18,8.853665428,8.57,682,334.0,0.0,,2.0,0,0,1,Review
17800,0,credit_card,0.1691,489.61,13.12236338,7.47,667,3600.0,168496.0,46.1,2.0,1,0,1,Review
17801,0,debt_consolidation,0.1533,332.6,12.50617724,7.33,682,5009.958333,107007.0,29.8,5.0,0,0,1,Review
17802,0,educational,0.1501,443.81,9.798127037,2.2,657,1548.0,668.0,66.8,0.0,0,0,0,Review
17803,0,debt_consolidation,0.0838,63.03,9.998797732,13.09,737,599.9583333,425.0,9.4,0.0,0,0,0,Approved
17804,0,debt_consolidation,0.0743,108.77,12.61153775,1,802,8593.958333,150786.0,17,0.0,0,0,0,Approved
17805,0,credit_card,0.0996,80.63,9.798127037,2.33,692,928.9583333,2937.0,43.3,1.0,0,0,1,Review
17806,0,credit_card,0.1375,170.29,11.51292546,6.2,647,1978.958333,9501.0,64.6,10.0,0,0,0,High Risk
17807,0,credit_card,0.1786,585.41,11.69524702,14.09,652,1140.0,1100.0,6,0.0,1,0,0,Review
17808,0,debt_consolidation,0.1691,318.69,11.15625052,1.35,637,780.0,2864.0,81.6,1.0,0,0,1,High Risk
17809,0,credit_card,0.147,172.59,10.81977828,15.14,647,3299.0,36662.0,82.9,0.0,0,0,0,High Risk
17810,0,debt_consolidation,0.1343,193.26,11.08214255,18.22,667,990.9583333,3023.0,12.6,3.0,0,1,0,Review
17811,0,small_business,0.0964,287.3,11.51292546,18.24,757,4829.0,2150.0,4.2,13.0,1,0,0,Approved
17812,0,all_other,0.1565,131.19,8.892886141,17.31,642,3478.958333,0.0,,1.0,0,0,1,High Risk
17813,0,credit_card,0.1091,163.48,10.65725935,1.21,677,719.0,1424.0,43.2,1.0,0,0,0,Review
17814,0,credit_card,0.1217,499.45,11.32900263,17.02,712,4320.0,37570.0,59.5,5.0,0,0,0,Approved
17815,0,all_other,0.0807,141.15,9.811372264,3.29,737,1200.0,0.0,0,1.0,0,0,0,Approved
17816,0,educational,0.0838,94.54,9.903487553,6.72,732,3149.958333,7021.0,27.4,9.0,0,0,0,Approved
17817,0,all_other,0.1186,49.72,10.23995979,14.31,667,539.9583333,0.0,0,1.0,1,0,0,Review
17818,0,debt_consolidation,0.147,207.11,9.998797732,20,667,2614.0,15782.0,36.2,19.0,0,0,0,Review
17819,0,credit_card,0.1249,100.35,11.08214255,14.25,667,2940.0,8143.0,60.3,8.0,0,0,0,Review
17820,0,debt_consolidation,0.1596,388.28,10.22976514,12.9,647,3720.0,2621.0,51.5,3.0,0,0,1,High Risk
17821,0,all_other,0.0743,77.69,10.03451581,0.53,747,3630.0,416.0,10.4,5.0,0,0,1,Approved
17822,0,small_business,0.1501,403.07,10.38899537,0.74,647,238.9583333,381.0,63.5,4.0,0,0,0,High Risk
17823,0,debt_consolidation,0.1722,64.38,7.547501683,18.99,642,450.0,702.0,87.7,0.0,0,0,0,High Risk
17824,0,debt_consolidation,0.1722,525.75,10.1266311,14.74,652,5820.0,1055.0,39.1,1.0,0,0,0,Review
17825,0,credit_card,0.1407,61.58,9.229358378,5.06,637,750.0,2925.0,97.5,1.0,0,0,0,High Risk
17826,0,credit_card,0.1028,81.0,9.298351249,7.14,692,3964.0,0.0,0,1.0,0,0,0,Review
17827,0,educational,0.1375,102.17,8.862483576,2.38,642,3972.0,469.0,93.8,0.0,1,0,0,High Risk
17828,0,all_other,0.0933,127.82,10.81977828,4,702,995.9583333,6500.0,80,3.0,0,0,0,Approved
17829,0,debt_consolidation,0.1533,364.82,10.20359214,13.02,647,1109.0,8742.0,87.4,0.0,0,0,0,High Risk
17830,0,all_other,0.0807,78.42,11.28978191,0.09,727,6678.0,6.0,1.5,0.0,1,0,0,Approved
17831,0,debt_consolidation,0.1533,364.82,10.59663473,11.76,647,1019.958333,12274.0,66.3,2.0,0,0,0,High Risk
17832,0,all_other,0.1091,98.09,9.472704636,4.62,672,359.0,0.0,0,0.0,0,0,0,Review
17833,0,debt_consolidation,0.1375,170.29,9.903487553,0,647,1230.0,0.0,0,1.0,1,0,1,High Risk
17834,0,educational,0.1059,156.23,9.652844328,0,682,1109.0,0.0,0,6.0,0,0,0,Review
17835,0,debt_consolidation,0.1091,163.48,10.46310334,1.2,677,599.9583333,350.0,31.8,2.0,0,0,1,Review
17836,0,debt_consolidation,0.1186,348.03,10.81977828,13.8,682,1440.0,18927.0,77.9,5.0,0,0,0,Review
17837,0,home_improvement,0.1596,84.34,10.04324949,15.86,632,569.9583333,231.0,77,2.0,0,0,1,High Risk
17838,0,debt_consolidation,0.147,207.11,11.26446411,10.23,642,599.9583333,4103.0,93.7,0.0,0,0,0,High Risk
17839,0,credit_card,0.1249,167.24,12.10071213,21.35,692,6046.958333,222702.0,30.5,0.0,0,0,0,Review
17840,0,debt_consolidation,0.1628,441.18,11.40756495,1.31,642,2550.0,3864.0,56.7,2.0,2,0,0,High Risk
17841,0,credit_card,0.1312,337.52,11.08214255,25,697,3047.0,53670.0,57.3,0.0,0,0,0,Review
17842,0,home_improvement,0.1312,67.51,10.71441777,4.83,642,2489.958333,0.0,0,1.0,0,0,1,High Risk
17843,0,credit_card,0.1754,472.38,11.08214255,23.78,657,6088.958333,27730.0,57.8,0.0,2,0,0,Review
17844,0,debt_consolidation,0.1628,303.55,10.93310697,11.38,667,2520.0,9221.0,98.1,4.0,2,0,0,Review
17845,0,debt_consolidation,0.1375,340.57,10.30895266,2.16,657,629.9583333,1863.0,51,5.0,0,0,1,Review
17846,0,all_other,0.1122,131.38,10.16585182,10.85,677,291.9583333,25.0,2.5,4.0,0,0,1,Review
17847,0,all_other,0.0838,15.76,10.40426284,2.15,717,6359.0,3461.0,18.6,10.0,0,0,0,Approved
17848,0,debt_consolidation,0.1722,303.98,10.23995979,22.93,642,1800.0,7985.0,89.5,4.0,0,0,0,High Risk
17849,0,debt_consolidation,0.1786,360.83,10.71441777,15.65,652,3964.958333,13784.0,61.5,1.0,1,0,0,Review
17850,0,educational,0.1501,151.69,11.08214255,5.48,642,1739.958333,4982.0,73.8,6.0,0,1,1,High Risk
17851,0,all_other,0.1754,538.84,11.08214255,10.01,647,2368.958333,2469.0,94.5,0.0,0,0,1,High Risk
17852,0,debt_consolidation,0.1028,129.6,9.893437217,5.82,682,539.9583333,7276.0,35.1,4.0,0,0,0,Review
17853,0,all_other,0.0933,131.01,9.680344001,2.7,702,391.0,355.0,59.2,0.0,0,0,0,Approved
17854,0,home_improvement,0.1467,345.04,11.10194518,0.76,647,10859.95833,991.0,15.2,1.0,3,0,0,High Risk
17855,0,credit_card,0.1754,183.21,10.19241884,13.44,627,419.0,2798.0,71.4,0.0,0,0,1,High Risk
17856,0,all_other,0.1122,118.24,10.81977828,2.86,667,181.0,736.0,51.3,2.0,0,0,0,Review
17857,0,credit_card,0.1312,40.51,11.07153262,3.77,642,4830.0,12331.0,78,3.0,0,0,0,High Risk
17858,0,debt_consolidation,0.1786,184.02,11.00209984,5.3,617,720.0,4333.0,95.4,4.0,0,0,1,High Risk
17859,0,credit_card,0.0933,319.54,11.05089001,0.82,717,346.0,0.0,0,2.0,0,0,0,Approved
17860,0,educational,0.1596,421.65,11.28978191,4.61,647,299.9583333,339.0,82.7,12.0,0,0,0,High Risk
17861,0,debt_consolidation,0.1375,166.88,10.68051622,3.01,647,1260.0,1893.0,90.1,2.0,0,1,1,High Risk
17862,0,all_other,0.087,158.31,9.61580548,9.84,727,2220.0,5243.0,31.6,4.0,0,0,1,Approved
17863,0,educational,0.1438,240.54,10.91508846,8.9,647,3000.0,5390.0,66.9,3.0,0,0,0,High Risk
17864,0,home_improvement,0.1122,67.33,11.47210347,25,707,4202.958333,74292.0,94.6,0.0,0,0,0,Approved
17865,0,educational,0.1407,82.11,10.54534144,18.51,652,4318.958333,5295.0,83,0.0,1,0,1,Review
17866,0,debt_consolidation,0.1754,224.52,10.46310334,19.85,657,5460.0,17659.0,58.7,9.0,0,0,1,Review
17867,0,debt_consolidation,0.1343,169.51,9.903487553,0,652,330.0,0.0,0,1.0,0,0,1,Review
17868,0,small_business,0.1722,305.77,11.00209984,8.84,642,720.0,5059.0,79,4.0,0,0,1,High Risk
17869,0,debt_consolidation,0.1154,494.93,10.81977828,0,687,299.9583333,557.0,22.3,1.0,0,0,0,Review
17870,0,debt_consolidation,0.1533,98.39,10.30895266,21.28,652,1830.0,509.0,72.7,3.0,0,0,0,Review
17871,0,home_improvement,0.1407,191.59,9.61580548,2,642,238.9583333,852.0,77.5,5.0,0,0,1,High Risk
17872,0,debt_consolidation,0.1343,81.37,9.903487553,11.64,652,2819.958333,233.0,15.1,0.0,5,0,0,Review
17873,0,all_other,0.1312,141.76,9.210340372,10.68,652,390.0,2942.0,58.8,6.0,0,0,0,Review
17874,0,all_other,0.1407,143.69,10.08580911,12.55,647,2220.0,0.0,0,9.0,0,0,1,High Risk
17875,0,debt_consolidation,0.1786,432.99,10.6046029,12.83,652,2878.958333,4157.0,96.7,12.0,0,1,1,Review
17876,0,all_other,0.1122,173.25,11.15625052,25.78,722,4080.0,17844.0,31.1,0.0,0,0,0,Approved
17877,0,debt_consolidation,0.1786,158.77,11.73606902,25.77,662,7979.958333,68438.0,96.2,0.0,1,1,0,Review
17878,0,debt_consolidation,0.1375,204.34,9.903487553,8.4,652,543.9583333,1421.0,71.7,3.0,0,0,0,Review
17879,0,all_other,0.087,158.31,10.24065669,1.8,722,900.0,827.0,51.7,2.0,0,0,1,Approved
17880,0,all_other,0.1467,316.58,10.49127422,0.33,692,360.0,136.0,1.1,8.0,0,0,1,Review
17881,0,all_other,0.1659,510.47,11.03488966,24.45,662,1260.0,15783.0,74.5,4.0,0,0,0,Review
17882,0,all_other,0.1501,145.62,11.08214255,10.69,647,2969.0,3028.0,9.8,10.0,1,0,0,High Risk
17883,0,debt_consolidation,0.1501,332.84,11.40756495,15.33,652,6418.958333,22158.0,80.7,10.0,2,1,0,Review
17884,0,all_other,0.128,278.03,10.96819829,7.99,667,6210.0,2303.0,32.9,4.0,2,0,0,Review
17885,0,credit_card,0.1375,102.17,10.50506754,23.61,672,1049.958333,15123.0,54.4,2.0,0,0,0,Review
17886,0,small_business,0.1754,290.97,10.89673933,9.98,642,3450.0,18865.0,60.8,0.0,0,0,1,High Risk
17887,0,debt_consolidation,0.1375,170.29,9.903487553,0.6,642,1289.958333,77.0,11,18.0,1,0,0,High Risk
17888,0,credit_card,0.1312,118.14,10.46310334,3.94,647,1739.958333,2680.0,57,0.0,2,0,0,High Risk
17889,0,educational,0.1059,162.73,10.30895266,1.8,682,420.0,829.0,21.8,2.0,0,0,0,Review
17890,0,debt_consolidation,0.1596,298.67,10.27505111,11.42,667,4050.0,3879.0,71.8,8.0,0,1,1,Review
17891,0,debt_consolidation,0.1438,359.95,10.96819829,4.26,647,2009.958333,14000.0,55.8,12.0,0,0,0,High Risk
17892,0,debt_consolidation,0.1754,376.29,10.34174248,22.37,642,4470.0,10713.0,82.4,4.0,0,0,1,High Risk
17893,0,educational,0.1059,265.25,11.85863349,6.7,687,6359.0,7260.0,41.7,8.0,0,0,0,Review
17894,0,small_business,0.1533,870.68,12.01370075,13.35,687,6659.0,18538.0,47.3,8.0,1,1,1,Review
17895,0,all_other,0.1407,205.27,10.49127422,0,647,5879.0,0.0,0,0.0,2,0,1,High Risk
17896,0,debt_consolidation,0.1438,149.48,9.852194258,13.45,642,1139.0,2422.0,105.3,3.0,0,0,0,High Risk
17897,0,all_other,0.1312,168.76,9.729134165,5.36,652,299.9583333,2486.0,82.9,0.0,0,0,1,Review
17898,0,all_other,0.0901,15.91,7.60090246,0,702,238.9583333,0.0,0,6.0,0,0,1,Approved
17899,0,all_other,0.128,334.3,10.20359214,1.42,667,299.9583333,938.0,47.6,4.0,0,0,0,Review
17900,0,debt_consolidation,0.1154,131.99,9.825526011,1.3,667,2910.0,258.0,86,2.0,0,0,1,Review
17901,0,small_business,0.1438,768.01,12.30138283,14.5,692,7387.0,81330.0,77.5,4.0,0,0,0,Review
17902,0,credit_card,0.1628,423.55,10.77895629,11.53,652,900.0,11134.0,77.5,6.0,0,0,1,Review
17903,0,debt_consolidation,0.1028,259.2,9.83091686,6.97,697,629.9583333,4380.0,49.2,0.0,0,0,0,Review
17904,0,all_other,0.1122,131.38,9.574983486,1.67,672,1289.958333,74.0,37,4.0,0,0,0,Review
17905,0,credit_card,0.1312,168.76,10.63585545,2.48,652,7528.958333,2636.0,32.9,1.0,0,0,0,Review
17906,0,debt_consolidation,0.1438,359.95,11.22524339,13.07,657,2429.958333,22764.0,39.7,1.0,0,0,0,Review
17907,0,debt_consolidation,0.1312,230.36,11.41861479,9.63,692,2489.958333,5537.0,79.1,6.0,0,0,0,Review
17908,0,small_business,0.1154,659.91,13.33100224,2.33,692,4005.958333,0.0,0,5.0,0,0,1,Review
17909,0,home_improvement,0.1028,294.83,10.4341158,10.66,687,599.9583333,1521.0,27.7,12.0,0,0,1,Review
17910,0,debt_consolidation,0.1217,199.78,10.30895266,2.2,662,658.9583333,2468.0,79.6,1.0,0,0,0,Review
17911,0,debt_consolidation,0.1122,131.38,10.40426284,15.27,672,2700.0,3323.0,32.6,4.0,0,0,0,Review
17912,0,debt_consolidation,0.1438,123.71,10.35774282,18.51,642,3390.0,869.0,96.6,2.0,0,0,0,High Risk
17913,0,home_improvement,0.0964,320.99,9.998797732,18.55,722,540.0,63.0,4.2,2.0,0,0,0,Approved
17914,0,debt_consolidation,0.1628,99.71,11.00209984,4.22,622,479.0,2581.0,64.5,10.0,0,0,0,High Risk
17915,0,debt_consolidation,0.1186,23.21,10.0604913,11.33,657,2879.958333,4479.0,101.8,1.0,0,0,1,Review
17916,0,educational,0.1217,299.67,9.998797732,3.27,667,708.9583333,0.0,0,1.0,0,0,0,Review
17917,0,small_business,0.1501,346.71,10.34174248,23.34,667,2190.0,3283.0,63.1,7.0,0,0,0,Review
17918,0,debt_consolidation,0.1754,500.22,10.71441777,23.65,652,2670.0,81695.0,92.9,0.0,0,0,0,Review
17919,0,educational,0.1407,171.06,9.472704636,13.38,642,810.0,5908.0,34.8,2.0,0,0,0,High Risk
17920,0,debt_consolidation,0.1754,705.87,10.71441777,25.63,667,2670.0,35460.0,86.7,19.0,0,0,0,Review
17921,0,small_business,0.1249,836.23,11.31447453,15.13,702,11430.0,43302.0,53.8,4.0,0,0,1,Approved
17922,0,small_business,0.1596,878.44,11.56171563,26.55,707,6630.0,78203.0,90,0.0,0,0,0,Approved
17923,0,credit_card,0.1438,359.95,11.24504602,9.98,642,4679.958333,15918.0,101.4,6.0,0,0,1,High Risk
17924,0,all_other,0.0933,287.59,9.61580548,13.36,717,3268.958333,2588.0,103.5,0.0,0,0,1,Approved
17925,0,debt_consolidation,0.1028,162.0,11.15625052,0.26,687,344.9583333,1169.0,48.7,0.0,0,0,0,Review
17926,0,debt_consolidation,0.1438,227.66,10.71441777,15.63,642,2099.958333,5575.0,66.4,0.0,1,0,1,High Risk
17927,0,credit_card,0.1249,468.29,11.21182037,20.68,682,4349.958333,8009.0,74.2,4.0,0,1,0,Review
17928,0,all_other,0.1154,98.99,11.22524339,18.26,672,2670.0,1393.0,43.5,7.0,0,0,0,Review
17929,0,home_improvement,0.1628,59.12,11.38509209,26.52,652,3959.958333,51914.0,88.5,0.0,0,0,1,Review
17930,0,debt_consolidation,0.1343,186.46,10.49127422,16.03,652,2159.958333,3132.0,97.9,4.0,0,0,0,Review
17931,0,all_other,0.1154,164.98,10.62132735,10.36,672,6839.958333,15301.0,46.8,7.0,1,0,0,Review
17932,0,debt_consolidation,0.1596,337.32,11.09741002,23.27,657,7593.958333,25348.0,91.6,1.0,0,0,0,Review
17933,0,small_business,0.0933,178.94,11.46163217,0.13,702,210.0,327.0,21.8,1.0,0,0,0,Approved
17934,0,all_other,0.1028,181.44,8.517193191,0,682,238.9583333,0.0,0,3.0,0,0,1,Review
17935,0,debt_consolidation,0.1438,240.54,10.30895266,4.04,642,450.0,2288.0,53.2,2.0,0,0,1,High Risk
17936,0,debt_consolidation,0.1122,246.33,9.903487553,5.46,677,1260.0,4310.0,50.7,7.0,0,0,1,Review
17937,0,educational,0.1122,82.11,10.30895266,0.4,672,1590.0,174.0,9.2,7.0,1,0,0,Review
17938,0,credit_card,0.1438,274.9,10.98529272,23.86,677,7258.958333,14301.0,60.2,4.0,0,0,1,Review
17939,0,debt_consolidation,0.1407,136.0,10.73639668,13.51,642,1708.958333,4033.0,53.1,8.0,0,0,0,High Risk
17940,0,debt_consolidation,0.0964,192.6,11.60823564,15.49,707,5280.0,33985.0,85,11.0,0,0,0,Approved
17941,0,credit_card,0.1249,16.73,9.798127037,19.2,657,5130.0,9231.0,44,1.0,4,0,0,Review
17942,0,all_other,0.1565,293.87,10.49127422,21.5,642,1830.0,3896.0,34.2,3.0,0,0,1,High Risk
17943,0,debt_consolidation,0.128,67.2,9.903487553,2.58,652,1830.0,1123.0,23.1,4.0,2,0,1,Review
17944,0,debt_consolidation,0.128,335.98,10.93596004,5.04,662,1049.958333,11766.0,72.6,0.0,0,0,1,Review
17945,0,all_other,0.1407,239.49,10.6974208,14.92,652,3720.0,0.0,0,1.0,2,0,0,Review
17946,0,home_improvement,0.0964,385.19,10.37349118,1.99,707,2310.0,6306.0,36.7,7.0,0,0,1,Approved
17947,0,debt_consolidation,0.147,621.34,11.69524702,26.25,697,5909.0,130799.0,89.4,3.0,0,0,0,Review
17948,0,all_other,0.1407,29.08,10.23995979,21.26,642,2339.0,14479.0,78.3,2.0,0,0,0,High Risk
17949,0,debt_consolidation,0.1091,326.97,11.22524339,8,677,2189.958333,1170.0,49.1,8.0,0,1,1,Review
17950,0,debt_consolidation,0.1375,272.46,9.903487553,13.2,652,1110.0,6014.0,72.5,3.0,0,0,0,Review
17951,0,debt_consolidation,0.128,161.27,11.04292184,12.61,652,2609.0,9212.0,56.9,0.0,3,0,0,Review
17952,0,all_other,0.1312,202.52,11.00209984,1.02,652,539.0,1328.0,41.5,3.0,0,0,0,Review
17953,0,debt_consolidation,0.147,324.48,11.17043516,21.58,657,2984.0,1992.0,18.3,3.0,6,0,0,Review
17954,0,small_business,0.1407,855.3,12.04355372,20.2,687,5774.0,216959.0,45.4,4.0,0,0,0,Review
17955,0,debt_consolidation,0.1375,170.29,9.680344001,9.45,642,841.0,4467.0,93.1,0.0,0,0,0,High Risk
17956,0,educational,0.0933,319.54,11.2515607,16.29,717,3480.0,2.0,0.1,16.0,0,0,0,Approved
17957,0,all_other,0.1407,51.32,9.341368634,22.95,642,329.9583333,1201.0,75.1,3.0,0,0,1,High Risk
17958,0,debt_consolidation,0.1786,88.41,10.91508846,9.62,612,1230.0,1190.0,119,15.0,0,0,0,High Risk
17959,0,all_other,0.1375,81.74,10.99373159,18.51,647,7110.0,21899.0,69.1,4.0,2,0,0,High Risk
17960,0,small_business,0.128,167.99,11.51292546,9.98,652,2519.958333,40238.0,63.2,10.0,0,0,0,Review
17961,0,credit_card,0.1343,169.51,11.49272276,12.53,647,2849.958333,9568.0,97.1,1.0,0,3,0,High Risk
17962,0,all_other,0.1375,170.29,10.20507253,1.6,642,450.0416667,1202.0,92.5,1.0,0,0,0,High Risk
17963,0,small_business,0.128,167.99,9.903487553,19.02,662,959.0,0.0,0,1.0,0,0,0,Review
17964,0,debt_consolidation,0.1628,882.39,11.69524702,19.02,667,6390.041667,121719.0,60,5.0,0,0,1,Review
17965,0,debt_consolidation,0.1312,168.76,9.61580548,8.72,647,1530.041667,5183.0,46.3,1.0,1,0,1,High Risk
17966,0,small_business,0.1596,489.29,11.08214255,21.93,657,6030.041667,254.0,36.3,6.0,1,0,1,Review
17967,0,small_business,0.1343,508.53,10.91508846,19.44,672,4860.041667,15973.0,31.6,8.0,3,0,1,Review
17968,0,all_other,0.1343,162.73,11.12726298,12.11,647,5489.0,8174.0,76.7,12.0,0,1,0,High Risk
17969,0,educational,0.1091,326.97,10.66895539,4.19,682,630.0,58.0,7.2,1.0,0,0,1,Review
17970,0,all_other,0.0996,386.99,10.71441777,2.48,707,2981.041667,1458.0,11,4.0,0,0,0,Approved
17971,0,debt_consolidation,0.1438,206.18,9.969275293,18.93,642,570.0416667,1400.0,16.9,7.0,0,0,0,High Risk
17972,0,all_other,0.1438,227.66,10.71441777,18.32,647,1140.041667,6367.0,80.6,0.0,0,0,0,High Risk
17973,0,all_other,0.1533,487.59,11.23848862,9.49,652,2789.0,16075.0,80.4,1.0,1,0,1,Review
17974,0,credit_card,0.1501,336.31,11.03488966,17.03,642,9390.0,15780.0,20.2,4.0,3,0,0,High Risk
17975,0,educational,0.128,201.59,9.392661929,3,657,479.0416667,884.0,55.2,1.0,0,0,0,Review
17976,0,small_business,0.1501,520.06,10.50506754,4.64,657,7589.0,4727.0,89.2,2.0,0,0,0,Review
17977,0,debt_consolidation,0.1217,233.07,10.66895539,11.58,662,6221.0,2778.0,99.2,6.0,0,0,0,Review
17978,0,all_other,0.1154,19.8,8.517193191,4.8,662,750.0416667,228.0,19,3.0,0,0,0,Review
17979,0,debt_consolidation,0.1659,35.45,9.560997244,27.55,647,2819.0,7400.0,77.1,3.0,0,0,1,High Risk
17980,0,all_other,0.1438,30.93,10.27505111,3.1,632,420.0416667,997.0,7.3,4.0,0,0,1,High Risk
17981,0,debt_consolidation,0.1122,164.22,11.35040654,7.4,672,3360.041667,2695.0,29.9,8.0,0,0,1,Review
17982,0,debt_consolidation,0.0996,257.99,9.903487553,1.5,697,479.0416667,358.0,6,1.0,0,0,0,Review
17983,0,credit_card,0.1438,137.45,9.61580548,16.32,647,1049.0,4364.0,101.5,5.0,0,0,1,High Risk
17984,0,debt_consolidation,0.1722,357.63,12.07254125,26.13,657,4949.041667,69407.0,78.6,2.0,0,0,0,Review
17985,0,debt_consolidation,0.128,161.27,10.02127059,10.29,652,3180.0,5070.0,72.4,3.0,1,0,0,Review
17986,0,debt_consolidation,0.1375,286.08,10.4341158,14.29,652,990.0,4206.0,75.1,1.0,0,0,0,Review
17987,0,debt_consolidation,0.1438,359.95,10.89673933,4.33,642,4529.041667,21964.0,83.5,4.0,0,0,1,High Risk
17988,0,small_business,0.1312,843.8,12.4292162,25.03,762,8460.041667,401941.0,20.7,1.0,0,0,1,Approved
17989,0,all_other,0.087,177.3,9.071078305,17.52,727,4351.0,9419.0,26.5,1.0,0,0,0,Approved
17990,0,small_business,0.1438,412.35,11.51292546,11.4,647,7350.041667,37367.0,66.5,15.0,0,0,0,High Risk
17991,0,debt_consolidation,0.1059,624.87,10.49127422,0.33,712,300.0,89.0,1.6,0.0,0,0,1,Approved
17992,0,all_other,0.0996,51.6,9.798127037,10.33,682,2910.0,6646.0,100.7,1.0,0,0,1,Review
17993,0,all_other,0.1059,130.18,11.05089001,17.89,682,5279.041667,21154.0,96.2,8.0,0,1,0,Review
17994,0,credit_card,0.0838,189.08,10.81977828,4.51,727,600.0,669.0,7,0.0,0,0,0,Approved
17995,0,small_business,0.1059,650.9,11.53272809,2.55,707,1590.041667,8702.0,51.7,11.0,0,0,0,Approved
17996,0,all_other,0.1091,404.62,11.28978191,8.21,687,299.0,693.0,53.3,1.0,0,0,0,Review
17997,0,debt_consolidation,0.1059,325.45,10.83958091,0.54,687,397.0416667,704.0,44,4.0,0,0,0,Review
17998,0,all_other,0.1438,294.66,10.91508846,12.87,642,3242.0,4776.0,27.9,13.0,0,0,0,High Risk
17999,0,all_other,0.1375,340.57,11.74878779,1.95,657,5100.0,6298.0,86.3,2.0,3,0,0,Review
18000,0,major_purchase,0.1438,247.41,10.87804719,15.65,647,2040.041667,11796.0,74.7,20.0,0,0,1,High Risk
18001,0,all_other,0.1375,170.29,10.46310334,1.37,642,212.0416667,1545.0,61.8,6.0,0,0,0,High Risk
18002,0,debt_consolidation,0.1249,50.18,9.655026193,14.23,652,1230.041667,6312.0,60.7,4.0,0,0,0,Review
18003,0,major_purchase,0.1186,232.04,11.1844214,9.18,667,4110.041667,0.0,0,18.0,0,0,0,Review
18004,0,debt_consolidation,0.1786,557.48,11.8493977,24.04,652,6239.041667,128850.0,89.6,2.0,0,0,1,Review
18005,0,debt_consolidation,0.1217,59.94,10.6454249,1.71,657,3150.041667,0.0,0,2.0,0,0,1,Review
18006,0,debt_consolidation,0.1059,162.73,11.1519556,13.31,687,7950.0,5521.0,55.8,5.0,0,1,1,Review
18007,0,debt_consolidation,0.1659,531.74,10.61643736,20.53,652,2880.0,1728.0,57.6,8.0,0,0,0,Review
18008,0,small_business,0.0964,770.37,11.09741002,0,742,1620.041667,0.0,0,9.0,0,0,0,Approved
18009,0,small_business,0.128,503.97,11.00209984,22.44,687,4859.041667,23.0,1.3,5.0,2,0,1,Review
18010,0,debt_consolidation,0.1059,325.45,10.1266311,10.22,687,2729.041667,6552.0,95,4.0,0,0,0,Review
18011,0,debt_consolidation,0.1343,142.39,10.30895266,13.16,647,3660.0,2153.0,86.1,3.0,0,0,0,High Risk
18012,0,major_purchase,0.087,158.31,10.20359214,0.93,717,300.0,157.0,5.4,1.0,0,0,0,Approved
18013,0,home_improvement,0.1249,80.28,10.63055295,20.56,662,2070.0,18749.0,83,5.0,0,0,1,Review
18014,0,debt_consolidation,0.1438,359.95,10.82774645,6.69,647,12150.04167,10155.0,35,1.0,2,0,0,High Risk
18015,0,debt_consolidation,0.1501,866.76,12.1281111,24.59,697,6510.0,245886.0,84.5,7.0,0,0,1,Review
18016,0,small_business,0.1565,349.85,11.1844214,28.4,692,4470.041667,60134.0,53,5.0,0,1,1,Review
18017,0,debt_consolidation,0.1312,438.78,11.65442503,10.33,662,660.0,0.0,0,4.0,0,0,0,Review
18018,0,all_other,0.147,138.08,10.22557105,22.61,642,1320.041667,3395.0,97,0.0,0,0,0,High Risk
18019,0,small_business,0.1028,155.52,10.30895266,8.96,682,719.0,6893.0,15.4,27.0,0,0,0,Review
18020,0,all_other,0.0743,93.23,9.574983486,0,757,300.0,0.0,0,0.0,0,0,1,Approved
18021,0,all_other,0.1091,163.49,12.48370438,8.3,677,7080.041667,2053.0,2.6,25.0,0,0,1,Review
18022,0,debt_consolidation,0.1059,781.08,12.01370075,18.76,732,8310.0,81617.0,32.7,4.0,1,0,0,Approved
18023,0,debt_consolidation,0.128,302.38,9.929788627,26.88,742,3960.0,17741.0,68.2,0.0,0,0,0,Approved
18024,0,small_business,0.1628,352.96,10.1266311,5.09,652,3659.0,14594.0,97.9,0.0,0,0,1,Review
18025,0,home_improvement,0.147,276.15,10.83565163,19.13,647,240.0416667,289.0,28.9,15.0,0,0,1,High Risk
18026,0,debt_consolidation,0.1722,286.1,10.49127422,23.47,657,4757.0,10130.0,45.6,2.0,1,0,0,Review
18027,0,debt_consolidation,0.1375,102.17,10.59663473,16.71,642,1799.0,9135.0,76.8,28.0,0,0,0,High Risk
18028,0,debt_consolidation,0.1407,400.28,10.55205569,11.26,652,990.0,8963.0,99.6,2.0,0,0,0,Review
18029,0,debt_consolidation,0.1596,505.98,11.26446411,13.78,652,3990.0,9942.0,87.2,2.0,2,0,0,Review
18030,0,major_purchase,0.1186,33.15,10.6454249,3.42,657,3180.0,0.0,0,2.0,0,0,1,Review
18031,0,debt_consolidation,0.1059,325.45,11.2515607,16.54,692,4889.041667,18878.0,40.3,5.0,0,0,1,Review
18032,0,debt_consolidation,0.1091,408.71,10.49127422,12.27,692,1770.0,12415.0,53.3,4.0,0,0,1,Review
18033,0,debt_consolidation,0.1533,313.45,10.59663473,21.9,652,6180.0,13025.0,28.4,3.0,0,0,0,Review
18034,0,debt_consolidation,0.1628,282.37,10.18111929,25,662,2010.041667,8768.0,71.9,3.0,0,0,1,Review
18035,0,small_business,0.1375,851.41,12.67607627,22.68,732,8490.041667,407794.0,20.8,0.0,0,0,1,Approved
18036,0,debt_consolidation,0.1249,485.01,10.59663473,0.45,667,810.0416667,336.0,33.6,1.0,0,0,0,Review
18037,0,debt_consolidation,0.1438,675.23,11.31447453,21.03,672,5160.041667,52316.0,83.7,11.0,1,1,0,Review
18038,0,all_other,0.1217,99.89,10.21200113,14.85,662,2820.0,0.0,0,31.0,0,1,0,Review
18039,0,all_other,0.0901,318.05,10.08580911,5,722,2009.041667,4698.0,27.6,4.0,0,0,0,Approved
18040,0,all_other,0.128,167.99,10.77895629,27.6,712,5580.041667,16513.0,30.9,6.0,1,0,1,Approved
18041,0,debt_consolidation,0.1533,383.1,10.30895266,18.52,647,1110.0,4021.0,72.3,3.0,0,0,1,High Risk
18042,0,debt_consolidation,0.1343,339.02,11.40529571,4.78,657,3720.041667,7455.0,93.2,1.0,2,0,0,Review
18043,0,debt_consolidation,0.1059,390.54,10.67359577,6.36,687,517.0416667,1069.0,42.8,1.0,0,0,0,Review
18044,0,credit_card,0.1438,97.08,10.59663473,28.68,692,4709.0,21290.0,78,1.0,0,0,0,Review
18045,0,all_other,0.1407,20.53,10.34817337,20.54,642,2369.041667,14670.0,79.3,3.0,0,0,0,High Risk
18046,0,small_business,0.0996,806.22,11.36210258,0,727,3150.041667,0.0,0,6.0,1,0,0,Approved
18047,0,debt_consolidation,0.0964,188.58,9.798127037,16.13,707,502.0416667,466.0,46.6,0.0,0,0,1,Approved
18048,0,all_other,0.1186,198.89,10.51867319,4.54,667,930.0416667,6232.0,60.5,0.0,0,0,0,Review
18049,0,small_business,0.1122,328.43,10.6454249,0.94,697,390.0,179.0,17.9,3.0,0,0,1,Review
18050,0,debt_consolidation,0.0996,25.8,8.699514748,0,682,480.0416667,0.0,0,1.0,0,0,0,Review
18051,0,all_other,0.1565,524.77,11.1844214,8.73,652,4229.041667,3193.0,59.1,3.0,2,0,1,Review
18052,0,home_improvement,0.128,100.8,10.77895629,5.2,647,1200.041667,11587.0,67,11.0,0,0,0,High Risk
18053,0,debt_consolidation,0.1786,72.17,10.70099475,28.73,647,4709.0,6076.0,79.9,6.0,1,0,0,High Risk
18054,0,debt_consolidation,0.128,503.97,12.52815614,17.87,672,6989.041667,275925.0,84.8,0.0,1,0,0,Review
18055,0,debt_consolidation,0.1312,337.52,12.52815614,20.06,672,6989.041667,275925.0,84.8,0.0,1,0,0,Review
18056,0,major_purchase,0.1028,518.39,11.28978191,0.62,712,630.0,1539.0,10.3,1.0,0,0,0,Approved
18057,0,all_other,0.1059,78.11,10.03240833,5.7,672,3150.041667,3613.0,103.2,1.0,1,0,0,Review
18058,0,all_other,0.128,100.8,11.22524339,3.42,647,3330.0,296.0,74,3.0,0,1,0,High Risk
18059,0,all_other,0.1091,326.97,10.26813067,2.46,682,2609.041667,1999.0,99.9,3.0,0,0,0,Review
18060,0,debt_consolidation,0.1438,412.35,11.30958454,19.49,657,2340.041667,5191.0,48.1,14.0,0,0,1,Review
18061,0,debt_consolidation,0.1565,524.77,10.858999,11.54,652,1920.041667,9603.0,96.5,5.0,0,0,0,Review
18062,0,debt_consolidation,0.1059,237.58,11.08214255,12.54,682,2370.041667,1367.0,6.9,9.0,0,0,1,Review
18063,0,all_other,0.1438,46.39,11.00209984,21.34,642,5880.0,25254.0,53.1,24.0,0,0,0,High Risk
18064,0,small_business,0.1122,591.18,12.27373129,11.61,692,1470.0,921.0,14.6,16.0,0,0,0,Review
18065,0,all_other,0.1091,19.62,9.61580548,11.68,692,480.0416667,441.0,73.5,0.0,0,0,0,Review
18066,0,educational,0.1154,49.5,8.987196821,11.1,662,1049.0,0.0,0,2.0,0,0,0,Review
18067,0,credit_card,0.0996,515.98,11.28978191,16.29,717,2640.041667,28095.0,32.8,7.0,0,0,0,Approved
18068,0,educational,0.0933,31.96,9.878169745,0.92,692,360.0,362.0,25.9,0.0,0,0,0,Review
18069,0,debt_consolidation,0.1312,270.02,10.18111929,11.32,657,1410.0,3919.0,37.7,15.0,0,0,0,Review
18070,0,credit_card,0.1059,390.54,12.27373129,11.78,692,1470.0,921.0,14.6,16.0,0,0,0,Review
18071,0,home_improvement,0.1786,902.06,12.76568843,17.64,657,4230.041667,44827.0,80.4,14.0,0,0,1,Review
18072,0,debt_consolidation,0.1438,515.44,10.49127422,26.53,697,2310.041667,13764.0,75.2,5.0,0,0,0,Review
18073,0,debt_consolidation,0.147,276.15,10.87426647,18.52,647,3699.0,20383.0,67.9,2.0,0,0,0,High Risk
18074,0,educational,0.1375,495.52,11.33857208,19.1,662,6660.041667,26710.0,102.7,3.0,0,0,0,Review
18075,0,small_business,0.1754,748.08,11.14186178,14.71,652,5099.0,4668.0,55.6,2.0,1,0,1,Review
18076,0,all_other,0.1343,27.13,10.16585182,0,637,540.0416667,0.0,0,2.0,0,0,1,High Risk
18077,0,debt_consolidation,0.1501,277.37,10.91508846,28.43,697,4079.041667,38057.0,96.8,3.0,0,0,0,Review
18078,0,all_other,0.1659,106.35,9.392661929,17.1,632,1199.041667,7587.0,97.3,0.0,0,0,1,High Risk
18079,0,credit_card,0.1122,472.94,11.40756495,15,687,1950.041667,11220.0,72.4,4.0,0,0,0,Review
18080,0,debt_consolidation,0.1565,349.85,10.18111929,29.41,692,3450.041667,10565.0,56.8,2.0,0,0,0,Review
18081,0,all_other,0.1312,202.52,11.55214618,6.95,652,3510.041667,1189.0,79.3,0.0,0,0,0,Review
18082,0,all_other,0.1122,229.91,11.58988651,21.97,692,6629.041667,7258.0,42.7,7.0,0,0,1,Review
18083,0,all_other,0.1154,527.93,12.03171926,6.23,682,5250.041667,16161.0,78.1,4.0,0,0,1,Review
18084,0,all_other,0.1407,342.12,10.7381343,25.91,697,3839.041667,14554.0,52,3.0,0,0,0,Review
18085,0,debt_consolidation,0.1628,564.73,10.91871823,7.96,652,3929.0,13614.0,70.9,3.0,0,0,0,Review
18086,0,all_other,0.1249,83.63,11.46163217,16.19,657,5070.0,16027.0,64.6,5.0,0,0,0,Review
18087,0,all_other,0.0996,54.02,8.881836305,17.33,687,540.0416667,2469.0,29.7,1.0,0,0,1,Review
18088,0,small_business,0.1312,810.05,11.00209984,25.08,757,9182.041667,53461.0,50.8,0.0,0,0,0,Approved
18089,0,all_other,0.0901,254.44,10.77895629,8.3,717,870.0416667,0.0,0,1.0,0,0,0,Approved
18090,0,educational,0.1501,495.79,10.30895266,12.76,657,3270.0,5830.0,64.1,1.0,0,0,1,Review
18091,0,small_business,0.0964,240.74,11.1844214,15.72,712,4950.041667,3943.0,43.8,4.0,0,0,1,Approved
18092,0,debt_consolidation,0.1691,154.9,10.37349118,27.15,652,3450.041667,2012.0,100.6,0.0,0,0,0,Review
18093,0,debt_consolidation,0.1343,508.53,11.00209984,2.16,662,3360.041667,3286.0,84.3,6.0,0,0,1,Review
18094,0,debt_consolidation,0.1501,350.17,10.55581274,21.81,657,3180.041667,7897.0,75.2,3.0,0,0,1,Review
18095,0,debt_consolidation,0.1438,254.29,10.49127422,26.08,682,3180.041667,204.0,4.6,11.0,0,0,1,Review
18096,0,credit_card,0.1122,246.33,10.37098805,6.62,677,452.0416667,0.0,0,0.0,0,0,0,Review
18097,0,debt_consolidation,0.1722,661.61,10.54534144,9.76,642,3690.0,8731.0,38.1,0.0,0,0,0,High Risk
18098,0,small_business,0.1059,325.45,10.81977828,13.9,697,6090.041667,4115.0,11.6,5.0,0,0,1,Review
18099,0,small_business,0.087,316.61,10.49127422,0.6,727,570.0416667,596.0,29.8,0.0,0,0,0,Approved
18100,0,debt_consolidation,0.1741,622.13,10.81977828,16.92,647,5490.0,4693.0,28.8,8.0,0,1,1,High Risk
18101,0,home_improvement,0.1425,274.4,10.91508846,15.53,652,8699.0,19457.0,51.1,0.0,2,0,1,Review
18102,0,all_other,0.1709,24.99,9.942708266,28.42,662,1208.041667,1878.0,22.6,3.0,0,0,0,Review
18103,0,debt_consolidation,0.1362,81.59,10.77058804,15.53,647,1470.0,1233.0,35.2,1.0,0,0,0,High Risk
18104,0,debt_consolidation,0.0838,315.12,10.5865844,5.67,737,2925.0,4545.0,18.9,4.0,0,0,0,Approved
18105,0,all_other,0.0983,160.94,10.71441777,0.67,702,2977.0,339.0,11.7,6.0,0,0,0,Approved
18106,0,major_purchase,0.1078,163.18,10.18111929,13.55,687,4109.041667,40091.0,33.2,0.0,0,0,0,Review
18107,0,home_improvement,0.1109,688.41,12.30138283,21.28,747,8730.0,270800.0,25.3,5.0,0,0,0,Approved
18108,0,all_other,0.1141,55.17,9.743788174,21.75,687,360.0,5898.0,42.1,3.0,0,0,0,Review
18109,0,debt_consolidation,0.152,443.24,10.41774727,17.08,657,5280.041667,12951.0,83,1.0,0,1,0,Review
18110,0,debt_consolidation,0.1583,286.73,10.51867319,22.25,647,4440.0,276.0,92,6.0,0,1,0,High Risk
18111,0,educational,0.133,253.79,10.30895266,14.08,662,1960.041667,0.0,0,7.0,0,0,1,Review
18112,0,all_other,0.1172,35.57,8.9226583,19.2,672,1200.041667,5168.0,84.1,4.0,0,0,0,Review
18113,0,all_other,0.1362,56.09,11.12726298,5.61,682,1470.0,2324.0,14,18.0,0,0,1,Review
18114,0,credit_card,0.1204,232.64,11.05089001,14.55,672,4290.0,7180.0,34.4,4.0,0,0,1,Review
18115,0,home_improvement,0.1078,244.76,11.09741002,5.13,687,3119.041667,12123.0,21,5.0,0,0,1,Review
18116,0,debt_consolidation,0.1393,187.8,10.4341158,19.34,657,2789.041667,3266.0,46,6.0,0,0,0,Review
18117,0,debt_consolidation,0.1362,163.17,11.00209984,21.03,662,6600.0,16140.0,81.8,13.0,0,1,0,Review
18118,0,debt_consolidation,0.1109,65.57,10.59663473,9.98,672,390.0,0.0,0,0.0,0,0,0,Review
18119,0,debt_consolidation,0.133,169.2,10.34174248,16.88,657,5129.0,2229.0,51.8,1.0,7,0,0,Review
18120,0,debt_consolidation,0.133,406.07,11.28978191,8.64,662,991.0416667,15636.0,73.4,1.0,0,0,0,Review
18121,0,all_other,0.1078,326.35,10.36501788,13.01,702,3629.0,2294.0,22.9,5.0,0,0,1,Approved
18122,0,debt_consolidation,0.133,406.07,10.49127422,12.77,662,2430.041667,8480.0,19.1,4.0,2,0,0,Review
18123,0,all_other,0.1457,248.08,11.29476946,26.49,692,5160.0,18943.0,55.2,6.0,0,1,0,Review
18124,0,all_other,0.1299,16.85,10.19913779,10,652,1890.0,182.0,60.7,6.0,0,0,0,Review
18125,0,credit_card,0.133,406.07,10.70324447,20.14,677,5100.0,17940.0,64.5,6.0,0,0,1,Review
18126,0,debt_consolidation,0.1488,471.52,11.09741002,22.16,662,6840.041667,23802.0,62.8,6.0,0,0,1,Review
18127,0,major_purchase,0.0983,482.82,11.09741002,9.38,732,960.0416667,664.0,1.6,2.0,0,0,0,Approved
18128,0,debt_consolidation,0.1141,148.2,10.30895266,13.88,677,3059.041667,844.0,46.9,9.0,0,0,0,Review
18129,0,major_purchase,0.0983,193.13,9.729134165,7.07,702,780.0,0.0,0,6.0,0,0,0,Approved
18130,0,debt_consolidation,0.1583,701.47,11.15625052,13.94,672,4050.0,11346.0,103.1,6.0,0,0,1,Review
18131,0,credit_card,0.1425,82.32,11.00967111,22.93,652,6090.041667,25203.0,93,0.0,0,0,0,Review
18132,0,debt_consolidation,0.1014,355.67,10.6454249,12.94,712,1470.0,45442.0,25.8,0.0,0,0,1,Approved
18133,0,debt_consolidation,0.133,81.22,10.08580911,11.35,652,2460.041667,5016.0,27.7,5.0,0,0,0,Review
18134,0,all_other,0.133,67.68,9.887358171,23.6,677,1560.041667,480.0,96,5.0,0,0,0,Review
18135,0,educational,0.1141,65.87,8.411832676,4,667,330.0,333.0,37,4.0,0,0,0,Review
18136,0,credit_card,0.1236,200.32,11.05089001,14.51,667,2880.0,12508.0,34.7,5.0,0,0,1,Review
18137,0,debt_consolidation,0.1046,324.84,11.33857208,16.67,722,4458.0,6673.0,32.6,4.0,0,0,0,Approved
18138,0,debt_consolidation,0.1615,450.96,10.89673933,20.2,657,3390.041667,18511.0,72.6,0.0,0,0,0,Review
18139,0,small_business,0.1172,793.94,11.8493977,8.39,707,5280.041667,16298.0,80.7,8.0,0,0,1,Approved
18140,0,small_business,0.1804,682.76,11.69524702,19.33,647,5160.0,5094.0,71.7,3.0,1,0,1,High Risk
18141,0,credit_card,0.1299,134.76,11.39611071,6.78,657,7020.041667,0.0,0,0.0,2,0,0,Review
18142,0,debt_consolidation,0.133,203.04,10.59663473,5.13,657,3179.041667,75.0,37.5,8.0,0,0,1,Review
18143,0,all_other,0.1646,106.16,11.00209984,28.16,672,6480.041667,7846.0,25.8,4.0,1,0,0,Review
18144,0,all_other,0.1046,68.22,10.43998092,10.04,682,720.0,1856.0,26.5,0.0,0,0,0,Review
18145,0,small_business,0.1078,815.87,11.36210258,0.75,717,3181.041667,2718.0,19.3,8.0,1,0,0,Approved
18146,0,debt_consolidation,0.1109,458.94,11.3009691,15.63,702,3629.0,42619.0,2.6,4.0,0,0,0,Approved
18147,0,debt_consolidation,0.152,208.59,10.49127422,18.53,642,3270.0,6970.0,76.6,4.0,1,0,1,High Risk
18148,0,debt_consolidation,0.0951,372.44,9.903487553,14.58,737,6900.0,20245.0,50.1,1.0,0,0,1,Approved
18149,0,debt_consolidation,0.1615,233.41,10.39476332,29.07,687,1471.0,10503.0,51.7,1.0,0,0,0,Review
18150,0,all_other,0.1141,98.8,9.472704636,10.43,672,959.0416667,474.0,11.8,0.0,0,0,0,Review
18151,0,small_business,0.1299,505.34,11.40756495,10.24,672,2250.0,4162.0,68.4,14.0,0,1,1,Review
18152,0,credit_card,0.1646,265.39,10.71441777,23.04,652,4169.041667,7091.0,89.8,0.0,1,0,0,Review
18153,0,educational,0.1425,171.5,11.05089001,17.22,647,4199.041667,2347.0,24.7,1.0,1,0,1,High Risk
18154,0,debt_consolidation,0.1488,207.64,10.62132735,15.75,642,2279.041667,11638.0,73.7,4.0,1,0,0,High Risk
18155,0,debt_consolidation,0.1615,704.63,11.1124479,21.83,667,5220.041667,33295.0,90.7,4.0,0,1,1,Review
18156,0,debt_consolidation,0.1393,592.4,10.81977828,23.47,697,7440.041667,48792.0,80.9,0.0,0,0,0,Review
18157,0,major_purchase,0.133,84.6,10.12502982,0.96,652,180.0416667,177.0,88.5,1.0,0,0,1,Review
18158,0,debt_consolidation,0.1551,418.99,11.03488966,15.38,647,1860.0,11214.0,70.1,0.0,0,0,0,High Risk
18159,0,debt_consolidation,0.1551,438.2,11.19821472,19.73,657,6210.0,26066.0,98,13.0,0,1,1,Review
18160,0,all_other,0.1299,808.54,12.3883942,9.67,682,9479.0,66919.0,61.3,5.0,0,0,0,Review
18161,0,home_improvement,0.1804,202.57,10.71441777,25.84,647,1799.0,10147.0,89.8,0.0,0,0,1,High Risk
18162,0,major_purchase,0.1046,77.97,10.20359214,19.29,697,482.0416667,1364.0,34.1,2.0,0,0,0,Review
18163,0,debt_consolidation,0.1299,203.82,10.71441777,22.77,692,5719.041667,22191.0,85.3,6.0,0,1,1,Review
18164,0,all_other,0.092,191.36,11.48246626,19.6,737,12240.04167,40904.0,34.4,12.0,0,0,0,Approved
18165,0,debt_consolidation,0.1583,526.1,11.00209984,17.28,657,5400.0,11096.0,92.2,2.0,0,1,1,Review
18166,0,debt_consolidation,0.1236,300.48,11.8493977,16.9,672,4440.0,45428.0,82.3,5.0,0,1,0,Review
18167,0,debt_consolidation,0.1457,516.83,10.8177362,25.4,707,6360.041667,11937.0,52.8,0.0,0,0,1,Approved
18168,0,debt_consolidation,0.1393,102.44,9.392661929,3.9,642,390.0,1437.0,79.8,0.0,0,0,1,High Risk
18169,0,credit_card,0.1141,386.97,11.98292909,12.26,702,6960.0,56200.0,57.4,4.0,0,0,0,Approved
18170,0,educational,0.0838,75.63,9.663007082,3.82,722,602.0416667,0.0,0,0.0,0,0,0,Approved
18171,0,major_purchase,0.1425,68.6,11.12726298,14.45,642,4710.0,29452.0,65.4,2.0,1,0,0,High Risk
18172,0,all_other,0.0743,49.72,8.160518247,5.14,752,930.0416667,506.0,5.9,0.0,0,0,0,Approved
18173,0,credit_card,0.1236,534.19,11.31447453,16.27,682,6390.041667,33859.0,88.7,4.0,0,0,1,Review
18174,0,debt_consolidation,0.1551,230.45,11.98292909,25.11,692,5159.0,127093.0,76.6,2.0,0,0,0,Review
18175,0,all_other,0.152,470.18,10.77895629,26.08,687,5339.041667,32005.0,70.4,1.0,0,0,0,Review
18176,0,debt_consolidation,0.1615,176.16,10.93310697,24.36,652,7379.0,10402.0,81.9,3.0,0,0,1,Review
18177,0,debt_consolidation,0.1425,171.5,10.46310334,21.5,657,4349.0,4473.0,106.5,7.0,0,1,1,Review
18178,0,all_other,0.1204,66.47,9.83734775,0.96,662,1109.0,182.0,18.2,2.0,0,1,0,Review
18179,0,debt_consolidation,0.1425,343.0,10.52406404,17.55,657,2850.0,6370.0,87.3,2.0,0,0,0,Review
18180,0,all_other,0.1141,342.51,10.91508846,4.95,682,3365.0,1963.0,56.1,4.0,1,0,0,Review
18181,0,all_other,0.092,255.15,10.858999,11.08,732,6870.0,5255.0,46.1,5.0,1,0,0,Approved
18182,0,debt_consolidation,0.1551,418.99,10.59663473,2.4,642,2490.0,4340.0,85.1,3.0,0,0,0,High Risk
18183,0,home_improvement,0.1836,436.0,11.12726298,26.7,657,3330.0,27163.0,88.2,2.0,0,0,0,Review
18184,0,debt_consolidation,0.1425,411.6,11.15625052,9.77,657,3509.041667,4768.0,59.6,4.0,1,0,1,Review
18185,0,debt_consolidation,0.1299,175.19,10.73639668,3.89,657,180.0416667,3302.0,66,4.0,0,0,0,Review
18186,0,debt_consolidation,0.1362,84.99,10.08580911,10.65,647,11190.04167,3257.0,59.2,0.0,0,0,0,High Risk
18187,0,debt_consolidation,0.152,312.01,10.16585182,4.34,642,1380.041667,6345.0,77.4,8.0,0,0,0,High Risk
18188,0,credit_card,0.1078,293.72,11.91839057,11.57,687,3450.041667,31629.0,101.4,2.0,0,0,1,Review
18189,0,all_other,0.1488,276.86,10.9331784,5.34,642,2430.041667,1697.0,60.6,2.0,1,0,0,High Risk
18190,0,credit_card,0.1393,239.01,11.15625052,23.21,677,11820.04167,59023.0,79.5,5.0,0,0,0,Review
18191,0,debt_consolidation,0.1488,276.86,10.4341158,16.91,647,3750.041667,13128.0,25.6,10.0,0,0,0,High Risk
18192,0,small_business,0.1204,830.84,11.56171563,3.73,702,780.0,1554.0,9.1,2.0,0,1,1,Approved
18193,0,all_other,0.092,95.68,10.59663473,0.99,707,779.0,1676.0,64.5,1.0,0,0,0,Approved
18194,0,debt_consolidation,0.1836,630.39,11.87756858,29.96,667,13979.04167,212629.0,87.4,3.0,0,0,1,Review
18195,0,debt_consolidation,0.1804,682.76,11.08214255,22.01,657,2399.041667,16265.0,76.7,1.0,0,0,0,Review
18196,0,all_other,0.1204,18.28,9.83734775,5.22,662,1109.0,182.0,18.2,2.0,0,1,0,Review
18197,0,all_other,0.1141,395.2,10.67821472,14.9,692,720.0,20.0,0.4,2.0,0,0,1,Review
18198,0,home_improvement,0.1583,397.21,10.83958091,15.93,642,4200.041667,18382.0,79.6,3.0,0,0,0,High Risk
18199,0,debt_consolidation,0.1583,526.1,12.01370075,13.52,657,6780.041667,198023.0,61.3,2.0,1,0,1,Review
18200,0,debt_consolidation,0.152,208.59,10.31692083,19.96,642,1980.041667,6083.0,23.9,1.0,0,0,1,High Risk
18201,0,debt_consolidation,0.1804,532.64,11.31447453,20.96,657,6360.041667,24391.0,98.4,3.0,2,0,0,Review
18202,0,debt_consolidation,0.1141,230.54,10.42228135,17.04,682,2310.041667,7291.0,98.5,6.0,0,0,0,Review
18203,0,small_business,0.1141,395.2,10.90411943,19.46,697,3570.041667,1827.0,33.2,5.0,0,0,1,Review
18204,0,small_business,0.1046,97.46,10.86283777,4.34,682,3120.041667,8414.0,105.2,4.0,0,0,0,Review
18205,0,small_business,0.1836,726.67,11.9511804,25.27,667,8190.041667,210887.0,35.5,3.0,0,0,1,Review
18206,0,debt_consolidation,0.1646,329.97,10.81977828,26.86,662,3600.0,18579.0,82.9,0.0,0,0,1,Review
18207,0,all_other,0.1425,102.9,10.95185862,22.17,657,4949.041667,6710.0,54.6,1.0,0,0,0,Review
18208,0,credit_card,0.1141,164.67,10.32548196,0.39,677,183.0416667,397.0,39.7,1.0,0,0,0,Review
18209,0,debt_consolidation,0.1804,682.76,11.35040654,16.28,647,1590.041667,2253.0,62.6,4.0,0,0,0,High Risk
18210,0,debt_consolidation,0.1551,261.87,11.22524339,27.2,677,3900.041667,14273.0,50.1,2.0,1,1,0,Review
18211,0,debt_consolidation,0.1709,211.51,10.81977828,26.52,657,7470.041667,18941.0,98.7,1.0,0,0,1,Review
18212,0,debt_consolidation,0.1772,360.13,11.30684796,25.91,657,2430.041667,41603.0,81.1,0.0,0,0,1,Review
18213,0,debt_consolidation,0.1362,224.36,10.50232405,14.34,657,2549.0,11541.0,63.4,0.0,0,0,0,Review
18214,0,debt_consolidation,0.1836,447.81,10.89673933,14.82,647,5884.0,8079.0,45.4,3.0,2,0,0,High Risk
18215,0,debt_consolidation,0.1488,349.53,10.66895539,27.99,692,4440.0,14998.0,80.9,0.0,0,1,0,Review
18216,0,all_other,0.092,57.41,10.46310334,10.94,707,3419.041667,10008.0,84.8,6.0,0,0,1,Approved
18217,0,all_other,0.1172,529.3,11.22524339,1.06,692,5480.0,821.0,6.1,4.0,2,0,0,Review
18218,0,major_purchase,0.1299,168.45,9.903487553,9.78,657,1949.041667,504.0,63,2.0,0,0,0,Review
18219,0,debt_consolidation,0.152,417.17,10.54534144,5.81,647,2489.0,7600.0,84.4,2.0,0,0,0,High Risk
18220,0,debt_consolidation,0.1078,261.08,10.04324949,7.83,687,4413.0,7846.0,56.9,4.0,0,1,0,Review
18221,0,all_other,0.1046,81.21,10.71441777,17.95,687,6660.041667,3092.0,14.9,6.0,0,2,0,Review
18222,0,debt_consolidation,0.1457,186.06,9.998797732,8.73,642,9719.041667,9930.0,55.2,0.0,1,0,0,High Risk
18223,0,small_business,0.1362,169.97,10.20359214,19.42,657,4589.041667,3959.0,100,2.0,2,0,0,Review
18224,0,all_other,0.1078,262.71,11.00209984,3.48,702,180.0416667,0.0,0,8.0,0,0,0,Approved
18225,0,debt_consolidation,0.1393,280.84,11.91839057,19.13,687,5100.0,62705.0,78.5,5.0,0,0,0,Review
18226,0,credit_card,0.1393,61.46,10.29214554,22.13,657,5970.041667,9821.0,56.8,5.0,0,2,1,Review
18227,0,debt_consolidation,0.1804,627.6,11.65268741,21.03,652,7140.041667,73941.0,63.5,2.0,0,0,0,Review
18228,0,debt_consolidation,0.1393,273.15,10.20359214,11.02,652,2632.0,2359.0,57.5,0.0,2,0,0,Review
18229,0,debt_consolidation,0.1292,188.48,10.30895266,8.2,662,1019.041667,18718.0,68.1,2.0,0,0,1,Review
18230,0,major_purchase,0.1071,84.77,9.83734775,0.64,682,209.0416667,287.0,28.7,4.0,0,0,0,Review
18231,0,home_improvement,0.1039,30.02,12.20906815,11.85,732,9779.0,133963.0,16.8,15.0,0,0,1,Approved
18232,0,debt_consolidation,0.1671,532.63,11.51292546,29.04,692,13530.0,71002.0,75.6,1.0,0,0,1,Review
18233,0,all_other,0.1071,195.61,10.55581274,12.28,687,2550.0,364.0,28,5.0,0,0,0,Review
18234,0,credit_card,0.1482,138.31,11.51292546,24.79,662,7621.0,41190.0,75.2,4.0,0,0,0,Review
18235,0,debt_consolidation,0.1482,414.93,11.39639165,3.49,652,5190.0,8016.0,61.7,11.0,8,0,0,Review
18236,0,small_business,0.1829,755.91,12.83201108,8.52,652,5039.041667,165108.0,92.3,4.0,0,0,1,Review
18237,0,debt_consolidation,0.1482,345.78,11.55214618,25.47,692,8789.0,22470.0,45.9,0.0,0,0,0,Review
18238,0,small_business,0.1576,300.46,10.49127422,22.53,647,2609.0,2066.0,18.1,4.0,0,0,0,High Risk
18239,0,small_business,0.1071,328.47,11.46163217,13.43,737,3600.0,37055.0,46.5,8.0,0,0,1,Approved
18240,0,debt_consolidation,0.1387,71.65,10.38899537,18.37,657,3720.0,1935.0,77.4,2.0,0,0,0,Review
18241,0,credit_card,0.1355,271.68,10.858999,27.05,717,2700.041667,11023.0,59.9,2.0,0,0,0,Approved
18242,0,home_improvement,0.1545,418.64,10.858999,9.74,647,4860.041667,13665.0,49.9,3.0,0,0,1,High Risk
18243,0,debt_consolidation,0.1355,81.51,10.19913779,7.98,647,1889.0,182.0,60.7,6.0,0,0,0,High Risk
18244,0,all_other,0.1166,66.11,10.51867319,17.29,672,3389.041667,42969.0,83.1,4.0,0,0,0,Review
18245,0,debt_consolidation,0.1418,57.4,10.25765937,17.47,642,2909.0,4138.0,94,2.0,0,0,1,High Risk
18246,0,debt_consolidation,0.1355,615.52,10.89673933,21.27,677,4829.0,22037.0,58.9,4.0,0,0,0,Review
18247,0,credit_card,0.1513,260.47,11.15625052,15.99,642,3001.0,26933.0,65.2,5.0,0,0,0,High Risk
18248,0,credit_card,0.1829,849.38,11.22524339,8.54,657,9361.041667,0.0,0,2.0,0,0,0,Review
18249,0,debt_consolidation,0.1861,464.86,11.22524339,29.47,662,3990.0,22038.0,78.7,8.0,0,0,1,Review
18250,0,debt_consolidation,0.145,289.14,10.81977828,16.68,657,3360.0,11783.0,94.3,0.0,0,0,0,Review
18251,0,all_other,0.1797,650.48,11.22524339,15.97,647,6242.0,64851.0,78.4,2.0,0,0,0,High Risk
18252,0,debt_consolidation,0.1829,352.1,10.94574111,25.5,657,3420.041667,13243.0,98.1,0.0,0,0,0,Review
18253,0,small_business,0.1545,401.2,10.81977828,7.9,662,727.0,1509.0,30.8,7.0,0,0,1,Review
18254,0,debt_consolidation,0.1608,624.74,11.15625052,29.16,707,5219.041667,4863.0,18.1,1.0,0,1,0,Approved
18255,0,debt_consolidation,0.1387,475.05,10.76587105,25.66,717,4860.041667,33377.0,49,2.0,0,0,1,Approved
18256,0,debt_consolidation,0.1355,394.78,10.46310334,21.22,677,5579.041667,30402.0,71.5,4.0,0,0,0,Review
18257,0,small_business,0.1387,402.56,11.14965741,8.8,677,2909.0,8045.0,49.7,4.0,1,0,1,Review
18258,0,debt_consolidation,0.1103,818.83,12.32385568,12.66,712,4409.0,242194.0,56,0.0,0,0,1,Approved
18259,0,debt_consolidation,0.1261,670.13,11.38053628,14.92,692,2639.0,78284.0,37.6,5.0,1,0,0,Review
18260,0,debt_consolidation,0.1008,129.22,10.77895629,0.75,702,869.0416667,3403.0,74,0.0,0,0,1,Approved
18261,0,debt_consolidation,0.1829,435.58,11.03488966,25.26,657,4590.041667,13560.0,57.2,3.0,0,0,0,Review
18262,0,debt_consolidation,0.1513,451.48,11.26446411,29.28,717,3330.0,61057.0,80.7,3.0,0,0,0,Approved
18263,0,small_business,0.1355,848.99,11.1844214,2.02,687,377.0,7522.0,36,1.0,0,0,0,Review
18264,0,debt_consolidation,0.1766,620.7,11.03488966,20.44,657,6899.0,28776.0,51.9,7.0,0,0,1,Review
18265,0,debt_consolidation,0.1134,197.4,10.37349118,21.9,702,2760.041667,7152.0,100.7,0.0,0,0,0,Approved
18266,0,all_other,0.1797,129.2,10.4341158,27.42,647,3750.041667,13156.0,25.6,10.0,0,0,0,High Risk
18267,0,debt_consolidation,0.1197,132.8,9.980448594,22.5,692,2249.0,3451.0,39.2,4.0,0,0,0,Review
18268,0,all_other,0.1008,64.61,10.77895629,0,697,809.0,0.0,0,1.0,0,0,1,Review
18269,0,credit_card,0.1197,481.4,11.77528973,10.85,682,5071.0,966.0,13.1,5.0,0,0,0,Review
18270,0,debt_consolidation,0.1576,525.58,10.6454249,7.86,657,3449.041667,7827.0,59.7,1.0,0,0,0,Review
18271,0,debt_consolidation,0.1229,280.17,11.04292184,14.65,677,2490.041667,6978.0,64,5.0,0,0,0,Review
18272,0,debt_consolidation,0.1261,228.69,11.14186178,23.62,712,7440.041667,92929.0,97.7,0.0,0,0,0,Approved
18273,0,all_other,0.1071,176.05,11.22524339,1.01,702,930.0416667,3782.0,23.3,3.0,0,0,0,Approved
18274,0,all_other,0.1513,333.4,11.15625052,16.35,647,3059.041667,29314.0,89.9,3.0,0,0,1,High Risk
18275,0,credit_card,0.1545,645.4,11.1611812,28.78,717,7529.041667,69744.0,76.1,1.0,0,0,0,Approved
18276,0,small_business,0.1387,852.87,11.95761129,20.79,712,7260.0,188854.0,0,0.0,1,1,1,Approved
18277,0,all_other,0.145,385.52,11.00209984,5.74,657,1830.0,8181.0,87,0.0,0,0,1,Review
18278,0,debt_consolidation,0.145,172.11,10.91871823,4.54,642,5190.0,333.0,33.3,7.0,0,0,1,High Risk
18279,0,debt_consolidation,0.1324,338.1,10.39537498,26.12,727,6030.041667,10994.0,30.5,0.0,0,1,0,Approved
18280,0,debt_consolidation,0.1545,122.11,10.52325726,28.66,697,5580.041667,22670.0,77.5,1.0,0,0,0,Review
18281,0,all_other,0.1166,52.89,11.3955486,16.64,672,5040.041667,59672.0,40.9,4.0,0,0,0,Review
18282,0,credit_card,0.1261,50.26,10.1266311,1.87,657,883.0416667,1140.0,47.5,0.0,0,0,0,Review
18283,0,debt_consolidation,0.145,70.57,10.02127059,27.73,682,2880.0,1597.0,88.7,1.0,0,0,0,Review
18284,0,small_business,0.1829,871.16,12.03750605,7.86,657,4979.041667,26429.0,30.9,3.0,0,0,1,Review
18285,0,all_other,0.1229,80.05,9.169518377,0,662,539.0416667,0.0,0,5.0,0,0,0,Review
18286,0,debt_consolidation,0.1608,281.58,10.83958091,28.47,687,4740.0,6277.0,64.7,0.0,0,0,0,Review
18287,0,all_other,0.1418,51.4,10.37972173,16.36,642,7920.041667,0.0,0,0.0,1,0,0,High Risk
18288,0,debt_consolidation,0.1229,100.06,9.744022778,10.91,667,720.0,4223.0,38.3,3.0,0,0,1,Review
18289,0,all_other,0.1418,342.66,11.2009507,0.74,657,4260.041667,449.0,37.4,0.0,0,0,0,Review
18290,0,all_other,0.1229,50.03,10.30895266,14.12,662,660.0416667,669.0,7.5,1.0,0,0,0,Review
18291,0,major_purchase,0.1008,113.07,10.3859137,0.56,702,1049.0,1085.0,28.6,0.0,0,0,0,Approved
18292,0,debt_consolidation,0.1734,687.79,11.24255927,12.74,652,6583.0,20767.0,81.1,0.0,0,3,0,Review
18293,0,small_business,0.1134,789.6,11.46163217,18.38,722,5100.0,148540.0,74,1.0,0,0,1,Approved
18294,0,debt_consolidation,0.145,206.53,10.96819829,19.92,652,5400.041667,12094.0,45.1,6.0,0,0,0,Review
18295,0,credit_card,0.0945,192.06,11.08214255,0.92,712,3240.0,318.0,5.2,5.0,0,0,0,Approved
18296,0,educational,0.1134,197.4,9.798127037,3.67,687,567.0416667,745.0,22.4,3.0,0,0,1,Review
18297,0,small_business,0.1355,67.92,10.6454249,18.06,657,5340.041667,5594.0,25.3,8.0,0,0,0,Review
18298,0,debt_consolidation,0.1829,185.13,10.49127422,25.67,642,2880.0,5004.0,60.3,6.0,0,2,0,High Risk
18299,0,debt_consolidation,0.1545,348.87,10.77895629,13.38,642,2400.041667,24979.0,94.6,4.0,0,0,0,High Risk
18300,0,major_purchase,0.1355,122.26,10.77895629,12.05,652,4139.041667,4397.0,84.6,1.0,0,1,0,Review
18301,0,all_other,0.1608,409.16,10.858999,25.55,677,2430.041667,6473.0,39.7,5.0,0,0,1,Review
18302,0,major_purchase,0.1513,121.56,10.40426284,26.15,677,3390.0,9580.0,84,3.0,0,0,0,Review
18303,0,debt_consolidation,0.1387,119.41,10.1266311,3.94,652,2202.0,2728.0,48.7,3.0,0,0,0,Review
18304,0,small_business,0.1355,135.84,11.27973158,15.06,657,2880.0,42670.0,65.5,3.0,1,0,0,Review
18305,0,major_purchase,0.145,247.84,9.903487553,6.3,652,2070.041667,9978.0,83.8,1.0,2,0,0,Review
18306,0,all_other,0.164,106.07,10.727663,29.24,677,3060.041667,17419.0,94.2,0.0,0,0,0,Review
18307,0,debt_consolidation,0.1513,243.11,11.58988651,27.63,682,6690.041667,7384.0,43.4,9.0,0,0,1,Review
18308,0,debt_consolidation,0.1166,115.69,10.4487146,16.23,677,1320.041667,5593.0,25.4,5.0,0,0,1,Review
18309,0,credit_card,0.145,516.32,11.69524702,24.95,677,13979.0,204954.0,81.4,0.0,0,0,0,Review
18310,0,all_other,0.1324,20.29,9.546812609,22.03,662,750.0,195.0,65,0.0,0,0,0,Review
18311,0,home_improvement,0.1166,809.78,11.90158345,18.43,722,13499.0,247970.0,93.6,12.0,0,0,1,Approved
18312,0,credit_card,0.1292,269.25,11.34568955,27.45,737,5609.041667,47593.0,62.4,1.0,0,0,0,Approved
18313,0,debt_consolidation,0.1608,111.75,10.49127422,26.03,667,2507.041667,19636.0,103.9,12.0,0,0,0,Review
18314,0,all_other,0.1608,281.58,11.71888216,25.27,672,3930.041667,41040.0,85.3,0.0,0,0,0,Review
18315,0,credit_card,0.1324,540.96,11.51292546,21.9,687,4110.0,52201.0,84.3,7.0,0,0,0,Review
18316,0,debt_consolidation,0.1482,359.61,11.15625052,3.82,647,4080.0,10074.0,59.6,0.0,4,0,0,High Risk
18317,0,debt_consolidation,0.1261,299.89,10.25765937,15.87,672,1590.041667,4139.0,63.7,8.0,0,0,0,Review
18318,0,debt_consolidation,0.0976,160.78,10.19913779,2.37,712,690.0,1394.0,8.8,0.0,0,0,0,Approved
18319,0,debt_consolidation,0.1545,251.18,10.77895629,25.25,677,3479.041667,3336.0,90.2,3.0,0,0,0,Review
18320,0,major_purchase,0.0976,385.86,11.22524339,0.4,727,900.0416667,2130.0,17.9,1.0,0,0,0,Approved
18321,0,home_improvement,0.1197,448.2,11.26446411,6.39,682,390.0,570.0,24.8,3.0,0,0,0,Review
18322,0,small_business,0.1576,796.26,11.15625052,29.21,732,8250.041667,57143.0,52.7,2.0,0,0,1,Approved
18323,0,debt_consolidation,0.1292,156.5,11.34398597,18.1,667,3750.0,133.0,11.1,6.0,2,0,0,Review
18324,0,debt_consolidation,0.1418,493.42,10.46310334,17.93,662,929.0416667,11569.0,64.3,1.0,0,0,1,Review
18325,0,credit_card,0.1418,287.83,11.37939407,1.49,652,3779.041667,2885.0,15.8,12.0,0,5,0,Review
18326,0,all_other,0.1513,243.11,11.53272809,5.93,642,2501.041667,16914.0,55.2,3.0,0,0,0,High Risk
18327,0,small_business,0.1039,324.51,10.81977828,20.09,737,5039.041667,117814.0,49.4,0.0,0,0,0,Approved
18328,0,debt_consolidation,0.1703,535.02,11.51292546,10.85,642,4139.041667,15827.0,76.1,1.0,2,0,1,High Risk
18329,0,debt_consolidation,0.1829,685.13,12.32385568,12.05,642,6330.041667,120830.0,90.5,2.0,0,0,0,High Risk
18330,0,debt_consolidation,0.145,137.69,10.56607243,22.05,657,3269.0,8623.0,71,3.0,0,0,0,Review
18331,0,debt_consolidation,0.1292,269.25,11.07013225,12.07,667,3664.0,7661.0,67.7,5.0,0,1,0,Review
18332,0,debt_consolidation,0.1861,451.19,11.52386541,29.7,662,5760.041667,35447.0,96.9,8.0,0,0,0,Review
18333,0,home_improvement,0.1861,241.55,11.9511804,28.17,657,7380.0,28519.0,89.1,4.0,0,1,1,Review
18334,0,all_other,0.1008,64.61,9.862665558,6.94,697,300.0416667,0.0,0,0.0,0,0,0,Review
18335,0,all_other,0.1229,166.77,11.26446411,8.15,667,2819.041667,4476.0,59.7,6.0,1,0,1,Review
18336,0,all_other,0.164,185.62,10.66895539,22.75,647,4143.041667,6970.0,62.8,0.0,2,0,1,High Risk
18337,0,debt_consolidation,0.1197,338.64,11.11542853,16.66,682,4320.041667,8712.0,72,5.0,0,0,1,Review
18338,0,home_improvement,0.1261,120.63,10.6454249,7.94,662,4169.041667,5316.0,48.3,13.0,0,0,0,Review
18339,0,debt_consolidation,0.1766,215.9,11.22524339,28.56,667,3781.041667,13393.0,28.4,8.0,0,0,0,Review
18340,0,debt_consolidation,0.1324,202.86,10.6454249,25.14,717,5970.041667,19937.0,90.6,0.0,0,0,0,Approved
18341,0,educational,0.1482,41.5,8.699514748,3,637,900.0416667,932.0,66.6,1.0,1,0,0,High Risk
18342,0,all_other,0.1292,471.18,11.69524702,22.71,692,3479.041667,10388.0,60.4,4.0,0,0,1,Review
18343,0,debt_consolidation,0.164,530.33,10.54534144,13.71,652,2640.0,9955.0,58.9,2.0,0,0,0,Review
18344,0,home_improvement,0.1418,513.98,10.89673933,10.47,662,2610.0,1298.0,12.1,4.0,1,0,0,Review
18345,0,debt_consolidation,0.1545,244.21,10.30895266,18.8,647,1950.041667,4587.0,41,2.0,0,0,0,High Risk
18346,0,all_other,0.1418,342.66,10.37349118,7.76,657,1860.0,4105.0,82.1,11.0,0,0,0,Review
18347,0,debt_consolidation,0.1734,644.8,11.38509209,10.73,652,4230.041667,12781.0,46,0.0,4,0,1,Review
18348,0,all_other,0.0976,80.39,10.43998092,2.63,702,4589.041667,2399.0,96,0.0,0,0,0,Approved
18349,0,debt_consolidation,0.1671,536.18,10.81977828,16.22,647,6870.041667,36469.0,77.8,3.0,0,0,1,High Risk
18350,0,all_other,0.1829,435.58,11.53272809,14.8,652,4148.041667,52775.0,69.7,1.0,0,0,1,Review
18351,0,all_other,0.1071,652.04,11.33857208,0.21,717,1650.041667,39.0,0.3,11.0,0,0,0,Approved
18352,0,debt_consolidation,0.1545,279.09,10.27505111,15.48,642,1620.041667,8372.0,77.5,0.0,0,0,0,High Risk
18353,0,all_other,0.1071,49.72,8.188689124,11.33,682,1068.0,3757.0,52.9,1.0,0,0,1,Review
18354,0,debt_consolidation,0.145,254.72,10.26646261,16.78,652,1199.0,5880.0,52.4,1.0,0,0,1,Review
18355,0,credit_card,0.1261,107.23,11.26076496,16.72,667,10320.0,80837.0,58,4.0,0,0,1,Review
18356,0,educational,0.0976,160.78,10.71441777,0,717,420.0,0.0,0,4.0,0,0,1,Approved
18357,0,credit_card,0.1545,191.88,11.51292546,22.46,647,9089.0,70533.0,79.4,6.0,0,0,0,High Risk
18358,0,all_other,0.1324,169.05,10.23995979,19.54,667,3960.041667,13542.0,56.4,5.0,1,0,1,Review
18359,0,all_other,0.1071,782.44,11.51288546,0.35,732,780.0,1344.0,7.7,1.0,0,0,0,Approved
18360,0,credit_card,0.1418,109.65,10.1266311,22.32,657,1290.041667,5993.0,52.1,1.0,0,0,0,Review
18361,0,major_purchase,0.0976,321.55,11.08201946,11.34,722,2970.0,4945.0,2.7,5.0,0,0,0,Approved
18362,0,debt_consolidation,0.1103,491.3,11.1844214,6.5,707,990.0416667,10935.0,27.3,1.0,0,0,0,Approved
18363,0,debt_consolidation,0.1387,266.1,10.76637751,23.01,677,9660.041667,7073.0,60.5,7.0,0,0,0,Review
18364,0,all_other,0.1039,811.27,13.45883561,0.81,737,3630.0,200583.0,23.1,1.0,0,0,1,Approved
18365,0,debt_consolidation,0.145,385.52,11.23848862,20.02,667,3780.041667,7327.0,50.9,6.0,0,1,1,Review
18366,0,credit_card,0.1418,350.37,11.69524702,4.94,657,4139.041667,5854.0,46.5,5.0,0,2,1,Review
18367,0,all_other,0.0945,320.1,11.3533434,4.36,727,4679.041667,8271.0,47.8,17.0,0,0,0,Approved
18368,0,credit_card,0.1261,184.29,10.16585182,6.46,667,960.0416667,5153.0,65.2,1.0,0,0,0,Review
18369,0,debt_consolidation,0.0976,241.16,11.33857208,7.03,737,2580.0,37241.0,14.8,6.0,0,0,1,Approved
18370,0,all_other,0.1292,201.94,10.04324949,6.94,662,1800.0,6934.0,75.4,12.0,0,1,1,Review
18371,0,all_other,0.1324,169.05,10.49127422,25.47,717,7620.041667,21991.0,102.8,0.0,0,0,1,Approved
18372,0,debt_consolidation,0.1545,334.91,11.06663836,21.6,657,2729.041667,6324.0,95.8,4.0,0,0,0,Review
18373,0,debt_consolidation,0.1513,389.84,10.66895539,18.81,657,3480.041667,15284.0,76,15.0,0,0,0,Review
18374,0,debt_consolidation,0.164,296.99,10.81174611,27.7,672,1949.0,27750.0,66.5,5.0,0,0,0,Review
18375,0,educational,0.1261,670.13,11.58058411,15.88,687,1259.041667,12154.0,29.4,5.0,0,0,0,Review
18376,0,credit_card,0.1292,100.97,10.59663473,15.73,662,1904.0,7784.0,65.4,24.0,0,0,0,Review
18377,0,all_other,0.164,282.84,12.07254125,23.84,657,4740.0,65626.0,99.6,3.0,0,0,1,Review
18378,0,debt_consolidation,0.1482,335.4,10.53209621,27.04,692,3900.041667,26221.0,78.6,5.0,0,0,0,Review
18379,0,all_other,0.1861,419.29,10.91508846,1.66,652,2280.0,2097.0,17,4.0,1,0,1,Review
18380,0,debt_consolidation,0.1387,136.46,10.858999,6.9,647,2669.0,5272.0,78.7,0.0,0,0,0,High Risk
18381,0,debt_consolidation,0.1671,710.18,11.06663836,20.83,662,3269.0,11881.0,50.8,4.0,0,0,1,Review
18382,0,educational,0.1197,830.0,12.1281111,22.72,727,5699.041667,226567.0,0.7,4.0,0,0,1,Approved
18383,0,debt_consolidation,0.1071,130.41,10.54534144,3.85,687,810.0,6283.0,57.1,0.0,0,0,0,Review
18384,0,all_other,0.0863,31.63,11.03650127,18.03,737,4019.0,80006.0,54.9,2.0,1,0,0,Approved
18385,0,debt_consolidation,0.0863,316.28,11.3736634,6.74,737,4140.0,17794.0,34.8,4.0,0,0,1,Approved
18386,0,debt_consolidation,0.1861,437.51,11.60823564,28.21,662,8760.0,88391.0,89.9,1.0,0,0,0,Review
18387,0,home_improvement,0.1418,68.54,11.00209984,10.08,642,4649.041667,2840.0,38.4,4.0,0,0,0,High Risk
18388,0,home_improvement,0.1829,755.91,11.24504602,11.15,647,2129.041667,6637.0,72.9,7.0,0,0,1,High Risk
18389,0,credit_card,0.1734,573.16,10.858999,10.82,647,2399.041667,13967.0,68.3,8.0,0,0,0,High Risk
18390,0,debt_consolidation,0.145,61.96,10.30895266,2.84,642,1200.0,1429.0,84.1,2.0,0,0,0,High Risk
18391,0,debt_consolidation,0.1576,294.33,10.83340541,21.24,647,2070.041667,13565.0,79.3,1.0,0,0,0,High Risk
18392,0,credit_card,0.1829,685.13,11.79355271,11.68,642,4200.041667,35087.0,96.7,2.0,0,0,0,High Risk
18393,0,debt_consolidation,0.1355,169.8,11.03488966,4.88,652,6300.0,3341.0,19.8,3.0,1,0,0,Review
18394,0,debt_consolidation,0.1324,676.2,11.51292546,22.25,697,6456.041667,115602.0,29.7,5.0,0,0,0,Review
18395,0,credit_card,0.1387,54.59,10.30895266,1.92,642,2760.041667,1583.0,79.1,1.0,0,0,0,High Risk
18396,0,home_improvement,0.1039,649.02,11.51292546,2.94,727,3300.0,5207.0,5.2,8.0,0,0,1,Approved
18397,0,home_improvement,0.0945,128.04,11.02190247,6.31,722,4170.041667,7587.0,11.8,4.0,0,0,0,Approved
18398,0,all_other,0.1513,208.38,10.59663473,13.5,652,6318.0,1184.0,29.6,5.0,3,1,0,Review
18399,0,home_improvement,0.164,153.8,10.53688473,24.71,652,3300.0,12160.0,48.6,14.0,0,0,0,Review
18400,0,debt_consolidation,0.1387,170.58,10.6454249,6.69,652,1889.0,6782.0,78.9,2.0,0,0,0,Review
18401,0,home_improvement,0.164,883.88,11.49272276,3.12,662,4590.041667,7005.0,38.9,9.0,0,1,1,Review
18402,0,debt_consolidation,0.1418,188.46,11.15625052,19.46,657,2010.041667,12053.0,28.5,0.0,0,0,1,Review
18403,0,debt_consolidation,0.1545,390.73,11.03495418,14.36,647,2490.041667,7897.0,28.7,6.0,1,0,0,High Risk
18404,0,major_purchase,0.1261,536.11,11.56741365,19.23,687,5040.041667,111115.0,40.8,4.0,1,0,0,Review
18405,0,credit_card,0.1482,331.95,11.08214255,15.73,652,2730.041667,21712.0,73.9,12.0,0,0,0,Review
18406,0,debt_consolidation,0.1797,364.99,10.7624881,23.53,642,4252.041667,10226.0,63.9,1.0,1,0,0,High Risk
18407,0,debt_consolidation,0.1355,271.68,11.22524339,4.22,662,4559.041667,1053.0,40.5,7.0,3,0,0,Review
18408,0,debt_consolidation,0.1482,259.33,10.40426284,15.38,652,4319.041667,4474.0,71,2.0,1,0,0,Review
18409,0,debt_consolidation,0.1134,368.48,10.70099475,6.92,687,930.0416667,13215.0,58.2,0.0,0,0,0,Review
18410,0,credit_card,0.1324,172.43,9.740968623,6.99,657,780.0,5734.0,59.1,32.0,0,0,1,Review
18411,0,credit_card,0.1545,191.88,10.73639668,21.23,647,4140.0,6397.0,96.9,0.0,1,0,0,High Risk
18412,0,debt_consolidation,0.1513,416.75,11.19821472,15.73,652,5490.0,22917.0,38.6,3.0,1,0,0,Review
18413,0,debt_consolidation,0.1545,334.91,11.35040654,21.91,657,3839.041667,10665.0,94.4,3.0,0,0,0,Review
18414,0,debt_consolidation,0.1039,629.55,10.46310334,12.72,727,4529.041667,35403.0,49.9,0.0,0,0,0,Approved
18415,0,credit_card,0.1513,124.16,9.975808214,21.04,647,1289.041667,2140.0,28.6,5.0,1,0,0,High Risk
18416,0,all_other,0.1008,113.07,9.392661929,3,707,930.0416667,447.0,7.8,1.0,0,0,1,Approved
18417,0,all_other,0.1261,804.16,12.36307639,16.84,707,7320.0,220710.0,54.5,1.0,1,0,1,Approved
18418,0,all_other,0.1261,201.04,10.65112292,2.22,662,450.0,689.0,68.9,0.0,0,0,1,Review
18419,0,all_other,0.1261,723.74,11.73606902,16.94,687,4020.0,167006.0,53.5,3.0,0,0,1,Review
18420,0,debt_consolidation,0.1797,225.86,10.6454249,28.29,662,4188.0,28432.0,57.1,3.0,1,0,1,Review
18421,0,all_other,0.1103,229.28,10.30895266,14.09,697,780.0,1819.0,26,0.0,0,0,0,Review
18422,0,all_other,0.1482,276.62,10.37349118,25.99,687,7710.0,4975.0,68.2,0.0,1,0,0,Review
18423,0,debt_consolidation,0.1576,413.46,10.89673933,18.96,652,5850.0,15827.0,82,1.0,0,0,0,Review
18424,0,credit_card,0.1861,241.55,11.69524702,25.33,642,9390.041667,37839.0,54.4,2.0,0,0,0,High Risk
18425,0,credit_card,0.1861,759.27,11.51292546,18.89,652,2460.041667,66900.0,94,7.0,0,0,0,Review
18426,0,debt_consolidation,0.1134,230.3,10.73639668,4.2,682,3241.0,7931.0,27.7,8.0,0,0,0,Review
18427,0,debt_consolidation,0.1387,153.52,9.893437217,6.06,652,900.0416667,3714.0,86.4,1.0,0,0,0,Review
18428,0,credit_card,0.1324,101.43,10.95080655,3.37,652,750.0,8035.0,82.8,0.0,0,0,0,Review
18429,0,credit_card,0.1545,111.64,10.81977828,22.92,642,2550.0,8132.0,71.3,3.0,1,0,0,High Risk
18430,0,educational,0.1482,276.62,11.40756495,15.95,652,720.0,4682.0,72,0.0,1,0,0,Review
18431,0,all_other,0.1166,462.74,12.3883942,15.27,697,17639.95833,161129.0,57,6.0,0,0,0,Review
18432,0,debt_consolidation,0.1861,185.95,11.08367983,29.2,652,8759.958333,18545.0,86.3,1.0,0,0,1,Review
18433,0,debt_consolidation,0.1355,50.94,10.30895266,14.2,647,7019.958333,0.0,0,0.0,3,0,0,High Risk
18434,0,debt_consolidation,0.1261,502.6,10.89673933,19.96,682,2639.958333,11460.0,101.4,1.0,0,0,0,Review
18435,0,debt_consolidation,0.1292,168.28,10.59653473,19.02,667,4469.958333,2594.0,24.9,5.0,0,1,1,Review
18436,0,debt_consolidation,0.1766,107.95,10.71441777,26.77,647,2887.0,14978.0,53.1,1.0,0,0,0,High Risk
18437,0,educational,0.145,123.06,10.20359214,21.33,657,2189.958333,20952.0,63.3,6.0,0,0,1,Review
18438,0,all_other,0.1261,33.51,11.08214255,0.85,657,540.0,1496.0,71.2,1.0,0,0,0,Review
18439,0,educational,0.08,15.67,8.101677747,0,747,570.0,0.0,0,0.0,0,0,0,Approved
18440,0,debt_consolidation,0.1103,425.79,11.00209984,13.18,712,1620.0,9664.0,63.2,4.0,0,0,0,Approved
18441,0,all_other,0.1324,20.29,10.1266311,28.61,752,7140.0,45623.0,36.8,2.0,0,0,0,Approved
18442,0,credit_card,0.1513,138.05,10.27505111,24.08,662,3990.0,5729.0,100.5,0.0,0,0,0,Review
18443,0,credit_card,0.1576,192.72,10.69194491,29.95,692,2790.0,26313.0,58.5,9.0,0,2,0,Review
18444,0,debt_consolidation,0.1482,248.96,10.89673933,9.67,647,4170.0,6572.0,80.1,1.0,1,0,1,High Risk
18445,0,debt_consolidation,0.145,378.64,10.77895629,25.65,702,3810.0,13055.0,43.5,1.0,1,0,0,Approved
18446,0,debt_consolidation,0.1261,335.07,10.47107151,20.1,687,990.0,3590.0,65.3,6.0,0,0,0,Review
18447,0,debt_consolidation,0.1324,101.43,10.59021417,13.92,657,3600.0,2131.0,96.9,0.0,0,0,0,Review
18448,0,all_other,0.1861,688.17,12.32385568,16.47,642,5985.958333,64744.0,72,4.0,1,0,0,High Risk
18449,0,all_other,0.1166,82.64,10.39513036,20.33,687,2370.0,15.0,0.4,6.0,0,0,0,Review
18450,0,credit_card,0.1418,68.54,11.28978191,14.85,647,5219.958333,21180.0,77.9,1.0,0,0,0,High Risk
18451,0,all_other,0.1418,856.63,12.4292162,19.09,692,10259.95833,214559.0,63.5,1.0,0,0,0,Review
18452,0,debt_consolidation,0.1482,297.37,10.65960953,4.54,647,3090.0,4181.0,97.2,2.0,0,0,0,High Risk
18453,0,debt_consolidation,0.1545,293.05,11.35040654,15.71,642,4200.0,14578.0,99.2,3.0,2,0,0,High Risk
18454,0,debt_consolidation,0.1355,485.63,10.33136626,12.91,667,4079.958333,10442.0,52.2,15.0,0,0,1,Review
18455,0,debt_consolidation,0.1608,490.12,10.6454249,18.94,652,4139.958333,17059.0,82.4,1.0,0,0,0,Review
18456,0,debt_consolidation,0.1197,132.8,10.59663473,3.39,677,630.0,4152.0,62.9,2.0,0,0,0,Review
18457,0,all_other,0.1103,49.13,10.42228135,13.5,682,1980.0,0.0,0,4.0,0,0,0,Review
18458,0,debt_consolidation,0.1482,207.47,10.6454249,13.34,647,2639.958333,23544.0,94.9,3.0,0,0,0,High Risk
18459,0,debt_consolidation,0.1324,304.29,11.12714533,18.51,672,3329.958333,7920.0,76.9,10.0,0,0,0,Review
18460,0,debt_consolidation,0.145,172.11,11.4019939,16.57,647,5129.958333,21251.0,80.8,0.0,0,0,0,High Risk
18461,0,all_other,0.145,70.57,9.210340372,13.8,642,900.0,3646.0,91.1,2.0,0,0,0,High Risk
18462,0,all_other,0.1229,667.06,11.26446411,2.38,692,1650.0,4361.0,42.3,5.0,1,0,0,Review
18463,0,debt_consolidation,0.1608,281.58,11.43496392,21.91,647,4950.0,13446.0,94,3.0,0,1,0,High Risk
18464,0,all_other,0.145,258.16,10.77895629,19.63,657,4379.958333,45076.0,56.8,6.0,0,0,1,Review
18465,0,credit_card,0.1292,185.11,10.1266311,19.87,667,570.0,6156.0,50.5,0.0,0,0,0,Review
18466,0,all_other,0.1734,375.24,11.00209984,29.3,677,7920.0,2737.0,9.6,6.0,0,0,1,Review
18467,0,home_improvement,0.1355,271.68,10.36722157,21.28,672,1081.0,7184.0,66.5,3.0,0,0,0,Review
18468,0,debt_consolidation,0.1418,445.45,10.49127422,18.93,667,1298.0,17784.0,52,5.0,0,0,1,Review
18469,0,debt_consolidation,0.1608,246.38,11.05089001,22.74,647,5519.958333,13910.0,77.7,0.0,1,0,0,High Risk
18470,0,debt_consolidation,0.1861,214.2,10.77895629,27.33,642,1718.0,5660.0,75.8,3.0,0,0,0,High Risk
18471,0,debt_consolidation,0.1418,171.33,10.66895539,10.38,647,4409.958333,9168.0,89,1.0,0,0,0,High Risk
18472,0,educational,0.1134,157.92,10.23995979,5.14,677,816.9583333,40.0,3.3,1.0,0,0,0,Review
18473,0,debt_consolidation,0.1324,38.04,10.52406404,16.81,652,3900.0,1097.0,58.1,6.0,0,1,1,Review
18474,0,all_other,0.1324,497.01,10.08580911,2.7,672,1800.0,923.0,21.5,7.0,0,0,1,Review
18475,0,all_other,0.1166,330.53,11.40756495,19.93,717,5355.0,35140.0,43.3,8.0,0,0,0,Approved
18476,0,major_purchase,0.1229,266.83,11.31007462,14.2,677,5609.958333,1921.0,23.7,9.0,0,1,0,Review
18477,0,major_purchase,0.1229,770.46,10.858999,17.03,707,2579.958333,15455.0,22.4,11.0,0,0,1,Approved
18478,0,credit_card,0.1103,180.15,11.15625052,15.51,692,6629.958333,8333.0,57.5,5.0,0,1,0,Review
18479,0,credit_card,0.1482,121.03,10.66895539,20.76,657,3600.0,9366.0,85.1,0.0,0,0,0,Review
18480,0,debt_consolidation,0.145,413.06,10.77895629,3.8,657,3389.958333,4554.0,44.6,0.0,0,0,0,Review
18481,0,debt_consolidation,0.1545,397.71,10.46310334,13.89,647,2501.0,15168.0,35.3,3.0,0,0,0,High Risk
18482,0,all_other,0.1355,203.76,11.51292546,9.28,662,7110.0,33351.0,99,4.0,2,0,0,Review
18483,0,debt_consolidation,0.0976,192.93,10.4968144,17.87,717,4859.958333,12736.0,59.2,4.0,0,0,0,Approved
18484,0,all_other,0.0945,96.03,9.210340372,3.6,707,510.0,814.0,10.7,1.0,0,0,0,Approved
18485,0,debt_consolidation,0.1671,371.96,10.66895539,22.55,642,1380.0,11967.0,84.9,2.0,0,0,1,High Risk
18486,0,debt_consolidation,0.1513,277.84,11.49272276,6.73,642,3419.958333,23522.0,60.2,0.0,0,0,0,High Risk
18487,0,credit_card,0.1482,207.47,10.77895629,22.13,657,8099.958333,22512.0,57.9,6.0,0,0,0,Review
18488,0,debt_consolidation,0.1545,348.87,11.01501607,15.1,642,2669.958333,4344.0,54.3,3.0,0,0,0,High Risk
18489,0,major_purchase,0.1324,338.1,11.09741002,9.13,672,2821.0,6673.0,40.9,4.0,1,0,1,Review
18490,0,all_other,0.1197,664.0,11.40769827,18.96,707,2549.958333,17212.0,39.7,7.0,0,0,0,Approved
18491,0,major_purchase,0.1324,148.77,10.52406404,18.04,662,3900.0,1085.0,57.5,6.0,0,1,1,Review
18492,0,all_other,0.1482,82.99,10.27505111,28.06,702,3389.958333,4253.0,16.3,5.0,0,0,0,Approved
18493,0,credit_card,0.145,247.84,10.35421279,17.78,652,3630.0,8382.0,64.5,1.0,2,0,1,Review
18494,0,debt_consolidation,0.1576,437.99,11.48246626,11.84,652,4079.958333,21861.0,88.1,2.0,0,0,0,Review
18495,0,debt_consolidation,0.1071,489.03,11.50287513,8.65,712,8220.0,114516.0,37.1,7.0,1,0,0,Approved
18496,0,credit_card,0.1229,200.12,11.2515607,17.69,672,10530.0,57578.0,76.9,5.0,0,0,0,Review
18497,0,credit_card,0.1387,272.92,11.28978191,11.1,657,8069.958333,9034.0,64.5,0.0,0,0,0,Review
18498,0,debt_consolidation,0.1292,84.14,10.71441777,22.32,672,6390.0,4744.0,32.1,9.0,0,0,1,Review
18499,0,all_other,0.1545,348.87,11.98292909,25.72,682,3749.958333,205347.0,90.3,4.0,0,0,0,Review
18500,0,all_other,0.1355,169.8,10.40426284,16.62,657,1632.0,7966.0,106.2,0.0,0,0,0,Review
18501,0,credit_card,0.1513,85.09,10.08580911,28.15,697,1499.958333,4708.0,72.4,2.0,0,0,0,Review
18502,0,debt_consolidation,0.1576,280.31,10.77895629,25.4,677,1980.0,6814.0,34.9,8.0,0,0,1,Review
18503,0,debt_consolidation,0.1387,341.15,10.75577295,19.73,662,11940.0,61882.0,60.6,0.0,0,0,0,Review
18504,0,all_other,0.1197,116.2,9.975994243,26.84,772,12990.0,1511.0,11.4,2.0,0,0,0,Approved
18505,0,credit_card,0.1418,68.54,10.49127422,17.17,647,719.9583333,5065.0,84.4,3.0,0,0,0,High Risk
18506,0,credit_card,0.1418,342.66,11.41861479,12.99,657,3065.958333,7053.0,44.1,0.0,2,0,1,Review
18507,0,debt_consolidation,0.1734,89.56,10.59663473,25.77,652,5609.958333,28446.0,64.1,10.0,3,0,0,Review
18508,0,all_other,0.1355,407.52,10.59663473,3.9,662,3270.0,6560.0,37.9,10.0,0,0,1,Review
18509,0,debt_consolidation,0.1861,535.95,11.007419,24.29,657,3180.0,28890.0,72,1.0,0,0,0,Review
18510,0,credit_card,0.1134,315.84,11.6351431,18.54,707,9899.958333,45303.0,46,6.0,0,0,0,Approved
18511,0,debt_consolidation,0.1197,249.0,11.1844214,5.7,682,9119.958333,10832.0,32,5.0,0,0,0,Review
18512,0,major_purchase,0.1103,163.77,10.54534144,0.47,682,449.9583333,4254.0,33.2,5.0,0,0,0,Review
18513,0,debt_consolidation,0.1418,342.66,10.4744671,7.63,657,4320.0,5957.0,82.7,0.0,0,1,0,Review
18514,0,debt_consolidation,0.1482,414.93,10.54534144,9.76,652,2609.958333,5628.0,54.6,0.0,0,0,0,Review
18515,0,debt_consolidation,0.1292,176.7,9.903487553,13.38,667,900.0,3987.0,97.2,1.0,0,0,1,Review
18516,0,debt_consolidation,0.1766,807.8,12.04355372,26.97,682,9599.958333,119451.0,95,0.0,0,0,0,Review
18517,0,debt_consolidation,0.145,688.42,11.32659589,25.4,717,6569.958333,26938.0,75.9,0.0,0,0,1,Approved
18518,0,debt_consolidation,0.1734,573.16,10.71708089,16.44,652,1859.958333,12700.0,92,3.0,0,0,0,Review
18519,0,debt_consolidation,0.145,344.21,10.49127422,6.13,657,13740.0,9060.0,78.1,1.0,0,0,0,Review
18520,0,credit_card,0.1703,373.62,10.73639668,23.22,652,3005.958333,19508.0,68,1.0,0,0,0,Review
18521,0,debt_consolidation,0.1797,361.38,11.28978191,29.72,672,8489.958333,25879.0,77.2,2.0,3,0,0,Review
18522,0,all_other,0.0863,284.66,11.05089001,0.29,737,360.0,76.0,7.6,1.0,0,0,0,Approved
18523,0,debt_consolidation,0.1829,411.99,11.46163217,20.48,652,7207.0,10705.0,44.6,7.0,1,1,0,Review
18524,0,credit_card,0.1734,182.7,10.69618591,26.78,657,1980.0,12061.0,89.3,8.0,0,0,0,Review
18525,0,all_other,0.0945,179.26,11.77528973,3.06,722,4560.0,1743.0,19.4,8.0,0,0,1,Approved
18526,0,educational,0.1418,123.36,10.55581274,19.81,652,5219.958333,1682.0,46.7,7.0,2,0,1,Review
18527,0,credit_card,0.1482,345.78,11.51292546,9.73,647,4799.958333,19717.0,95.7,1.0,0,1,1,High Risk
18528,0,debt_consolidation,0.1197,166.0,10.30895266,20.76,687,4079.958333,14536.0,68.9,4.0,0,0,0,Review
18529,0,credit_card,0.1418,227.87,10.91508846,23.04,687,4079.958333,17568.0,66,4.0,0,0,0,Review
18530,0,debt_consolidation,0.1387,85.29,10.1266311,4.18,647,509.9583333,2634.0,38.2,4.0,0,0,0,High Risk
18531,0,credit_card,0.1797,503.22,11.09741002,24.71,657,6870.0,28570.0,93.7,7.0,0,0,1,Review
18532,0,all_other,0.1766,116.95,10.69194491,26.84,647,16260.0,31416.0,97.6,4.0,1,0,0,High Risk
18533,0,educational,0.1261,83.77,10.05057046,3.78,677,660.0,1548.0,70.4,3.0,0,0,1,Review
18534,0,credit_card,0.1734,644.8,11.05089001,25.68,677,5579.958333,6461.0,64.6,2.0,1,0,0,Review
18535,0,all_other,0.1355,183.39,10.3609124,3.11,657,5879.958333,4383.0,54.8,5.0,0,0,1,Review
18536,0,credit_card,0.1482,414.93,11.23434848,10.24,652,1889.958333,19512.0,38.3,1.0,1,0,0,Review
18537,0,all_other,0.164,353.55,12.3883942,12.37,652,5850.958333,188.0,37.6,1.0,5,0,0,Review
18538,0,debt_consolidation,0.1071,163.01,11.28978191,12.08,702,6090.0,14434.0,56.4,9.0,0,1,0,Approved
18539,0,all_other,0.1766,21.59,10.0785327,26.89,642,720.0,495.0,99,2.0,0,0,1,High Risk
18540,0,credit_card,0.1608,211.18,11.98292909,28.34,682,3749.958333,205347.0,90.3,4.0,0,0,0,Review
18541,0,all_other,0.1166,247.9,11.1844214,21.22,702,3689.958333,87698.0,33.6,1.0,0,0,0,Approved
18542,0,credit_card,0.145,309.79,10.81977828,27.84,692,3450.0,39486.0,86.4,1.0,0,0,0,Review
18543,0,debt_consolidation,0.1734,644.8,11.40756495,25.59,687,4680.0,61915.0,86.2,1.0,0,0,0,Review
18544,0,all_other,0.0945,224.07,11.51292546,7.6,717,4560.0,32145.0,83.1,8.0,0,0,1,Approved
18545,0,debt_consolidation,0.1197,196.71,11.38509209,20.84,687,5189.958333,44040.0,83.3,17.0,0,1,1,Review
18546,0,all_other,0.1355,45.0,11.09741002,11.65,647,4620.0,11518.0,94.3,0.0,0,0,1,High Risk
18547,0,debt_consolidation,0.164,530.33,11.40756495,18.12,657,6390.0,13605.0,70.9,2.0,1,0,0,Review
18548,0,all_other,0.1103,163.77,11.6351431,5,682,9899.958333,30461.0,37,4.0,0,0,0,Review
18549,0,all_other,0.1861,291.68,12.30138283,6.87,647,4049.958333,378.0,5,0.0,11,1,0,High Risk
18550,0,all_other,0.0832,15.75,11.51292546,14.02,747,1020.0,56.0,5.6,1.0,0,0,0,Approved
18551,0,all_other,0.1482,242.05,10.6454249,11.14,642,1260.0,14902.0,80.1,1.0,0,0,0,High Risk
18552,0,debt_consolidation,0.1418,143.92,10.40426284,9.2,647,4799.958333,5509.0,96.6,1.0,1,1,1,High Risk
18553,0,debt_consolidation,0.1734,279.42,10.858999,28.36,672,4469.958333,17905.0,92.3,1.0,0,1,0,Review
18554,0,credit_card,0.1829,181.5,11.00209984,27.14,642,2370.0,37962.0,85.1,1.0,0,0,0,High Risk
18555,0,debt_consolidation,0.1071,97.81,10.20359214,18.89,697,3812.0,0.0,,0.0,0,0,0,Review
18556,0,debt_consolidation,0.1008,164.76,9.61580548,11.12,707,6209.958333,9115.0,37.8,11.0,0,0,1,Approved
18557,0,all_other,0.1261,308.26,11.46194791,27.4,747,6959.958333,66423.0,40.5,7.0,0,0,1,Approved
18558,0,credit_card,0.1418,136.21,10.08580911,29.7,727,5640.0,9862.0,16.4,0.0,1,0,0,Approved
18559,0,debt_consolidation,0.1545,453.52,10.59663473,14.52,657,3810.0,8545.0,82.2,3.0,0,0,0,Review
18560,0,debt_consolidation,0.1292,30.29,9.454070557,25.11,717,3180.0,3584.0,50.6,0.0,0,0,0,Approved
18561,0,credit_card,0.1829,399.28,11.60823564,11.09,657,2130.0,40915.0,2.4,1.0,0,0,1,Review
18562,0,all_other,0.0976,289.4,11.08723724,17.12,727,4560.0,44248.0,22.8,4.0,0,0,0,Approved
18563,0,all_other,0.1355,203.76,10.54534144,25.93,707,6915.0,39481.0,92.9,0.0,0,0,1,Approved
18564,0,debt_consolidation,0.1261,134.03,10.59663473,20.07,677,4409.958333,15721.0,85.4,4.0,0,0,0,Review
18565,0,all_other,0.1482,193.64,11.19821472,20.6,657,3329.958333,2166.0,83.3,2.0,0,0,1,Review
18566,0,credit_card,0.1324,216.39,10.51867319,25.07,717,4590.0,13913.0,43,0.0,0,0,0,Approved
18567,0,debt_consolidation,0.1482,167.7,10.91828336,10.4,647,3600.0,6171.0,67.1,1.0,3,1,1,High Risk
18568,0,debt_consolidation,0.145,314.1,10.89951325,17.24,657,2699.958333,10643.0,71.9,1.0,0,0,0,Review
18569,0,all_other,0.1482,259.33,11.15625052,25.68,692,6959.958333,64723.0,69.9,0.0,0,0,0,Review
18570,0,all_other,0.1418,270.7,10.77895629,15.1,657,4710.0,5192.0,78.7,0.0,1,0,1,Review
18571,0,debt_consolidation,0.1387,163.75,10.73639668,22.72,662,2010.0,0.0,,6.0,0,0,0,Review
18572,0,credit_card,0.1292,201.94,10.57131693,25.48,732,3611.0,13047.0,43.5,0.0,0,0,0,Approved
18573,0,debt_consolidation,0.145,165.23,11.05089001,11.39,642,4019.958333,11823.0,54.2,2.0,0,0,0,High Risk
18574,0,educational,0.1355,190.18,10.57131693,6.77,657,725.0,4885.0,57.5,0.0,0,0,0,Review
18575,0,debt_consolidation,0.1292,100.97,10.54534144,19.52,672,4529.958333,8443.0,33.2,4.0,1,0,0,Review
18576,0,credit_card,0.1576,148.04,10.81977828,21.5,652,5519.958333,17817.0,55.5,1.0,0,0,1,Review
18577,0,credit_card,0.1071,58.69,11.71993963,11.55,682,4950.0,15853.0,63.4,6.0,0,0,0,Review
18578,0,debt_consolidation,0.1229,106.73,10.91508846,9.1,667,3480.0,1062.0,59,12.0,0,0,1,Review
18579,0,home_improvement,0.1766,163.72,10.81977828,24.46,647,5790.0,16723.0,70.6,0.0,0,0,0,High Risk
18580,0,debt_consolidation,0.1734,179.12,10.46310334,26.78,652,4230.0,5101.0,92.7,5.0,1,1,1,Review
18581,0,debt_consolidation,0.1134,119.27,10.77895629,13,687,5519.958333,82141.0,91.8,3.0,0,0,1,Review
18582,0,debt_consolidation,0.1355,119.71,10.55841352,10.91,657,5040.0,3513.0,92.4,1.0,0,0,0,Review
18583,0,debt_consolidation,0.145,123.06,11.40756495,9.37,647,2850.0,20827.0,74.4,1.0,0,0,0,High Risk
18584,0,debt_consolidation,0.1576,324.11,10.57131693,22.58,652,4889.958333,29629.0,75.8,3.0,0,0,0,Review
18585,0,all_other,0.1513,266.55,11.8493977,18.08,647,2760.0,12578.0,76.7,0.0,0,0,1,High Risk
18586,0,home_improvement,0.1861,227.87,11.00209984,26.08,642,5790.0,57415.0,83.1,1.0,0,0,0,High Risk
18587,0,all_other,0.1261,73.72,10.59663473,10.53,667,3570.0,4832.0,25,5.0,1,0,0,Review
18588,0,debt_consolidation,0.1482,74.35,10.46310334,13.68,642,3900.0,4207.0,79.4,4.0,0,0,1,High Risk
18589,0,all_other,0.1482,79.53,11.22524339,16.05,652,3029.958333,894.0,89.4,1.0,0,0,1,Review
18590,0,debt_consolidation,0.1482,151.28,11.43154186,26.24,697,3449.958333,150334.0,87.7,0.0,0,0,0,Review
18591,0,debt_consolidation,0.145,75.73,10.8365174,7.27,647,4409.958333,6417.0,71.3,0.0,0,0,0,High Risk
18592,0,home_improvement,0.1482,172.89,10.858999,14.17,642,7439.958333,5355.0,43.5,1.0,2,0,0,High Risk
18593,0,debt_consolidation,0.1734,143.29,10.30895266,28.56,667,2669.958333,14951.0,82.1,5.0,1,0,0,Review
18594,0,debt_consolidation,0.1418,207.31,10.59663473,26.88,702,3096.0,12531.0,71.6,0.0,0,0,1,Approved
18595,0,debt_consolidation,0.1103,196.52,10.59663473,13.44,692,3480.0,19372.0,73.9,4.0,0,0,0,Review
18596,0,debt_consolidation,0.1576,218.12,10.79939189,27.41,677,5189.958333,20582.0,96.2,0.0,0,0,0,Review
18597,0,all_other,0.1134,190.82,10.71441777,22.45,712,5129.958333,18933.0,60.3,9.0,0,0,1,Approved
18598,0,debt_consolidation,0.1766,179.92,11.91839057,27.86,652,5999.958333,110498.0,99.7,7.0,0,0,1,Review
18599,0,debt_consolidation,0.1355,135.84,10.79957558,18.74,667,3540.0,16195.0,88.5,4.0,1,0,0,Review
18600,0,all_other,0.1513,41.68,10.59663473,24.81,657,3870.0,7809.0,85.8,5.0,1,1,1,Review
18601,0,debt_consolidation,0.1387,204.69,11.22524339,25.84,702,3248.0,30509.0,69.2,0.0,0,0,0,Approved
18602,0,credit_card,0.1387,104.05,11.22524339,10.14,647,7260.0,17142.0,54.6,2.0,0,0,0,High Risk
18603,0,credit_card,0.1103,58.96,11.26076496,18.24,687,10379.95833,80490.0,55.2,1.0,0,0,1,Review
18604,0,debt_consolidation,0.1482,207.47,11.15625052,12.65,642,7890.0,4208.0,89.5,1.0,0,2,0,High Risk
18605,0,credit_card,0.1418,102.8,10.40426284,22.79,657,1650.0,7958.0,106.1,0.0,0,0,0,Review
18606,0,all_other,0.1324,104.81,10.71441777,12,657,8940.0,2829.0,108.8,0.0,0,0,0,Review
18607,0,credit_card,0.1324,108.2,11.253301,19.96,662,3210.0,14188.0,71.3,5.0,0,0,0,Review
18608,0,debt_consolidation,0.1292,60.58,10.55581274,8.34,657,1620.958333,442.0,12.6,3.0,0,0,0,Review
18609,0,debt_consolidation,0.1475,103.63,10.49127422,15.87,642,2127.0,2779.0,86.8,1.0,1,0,1,High Risk
18610,0,debt_consolidation,0.0945,115.24,11.40756495,10.43,717,7260.0,13544.0,48.9,4.0,0,1,0,Approved
18611,0,home_improvement,0.1229,116.74,11.03488966,26.74,737,5430.0,9366.0,40.7,6.0,0,0,1,Approved
18612,0,home_improvement,0.1071,202.13,11.1526727,10.63,697,3900.0,5031.0,59.2,4.0,0,0,1,Review
18613,0,debt_consolidation,0.1482,242.05,11.39075783,16.3,647,3180.0,9600.0,72.7,4.0,0,0,1,High Risk
18614,0,all_other,0.1166,90.9,10.46310334,10.15,677,899.9583333,2315.0,77.2,1.0,0,0,0,Review
18615,0,all_other,0.1387,170.58,11.22524339,16.16,652,3029.958333,894.0,89.4,1.0,0,0,1,Review
18616,0,credit_card,0.1261,83.77,10.95080655,24.17,702,8459.958333,30734.0,83.6,4.0,0,1,0,Approved
18617,0,debt_consolidation,0.145,258.16,11.26446411,18.37,657,2190.0,18158.0,55.8,1.0,0,0,0,Review
18618,0,home_improvement,0.1387,255.86,11.04764666,24.59,687,3089.958333,29828.0,83.6,7.0,0,0,0,Review
18619,0,debt_consolidation,0.1703,107.01,11.40756495,28.3,667,7709.958333,42876.0,79.1,5.0,0,0,0,Review
18620,0,debt_consolidation,0.1861,185.04,11.22524339,28.66,652,6150.0,24671.0,72.3,3.0,0,0,0,Review
18621,0,major_purchase,0.08,125.35,10.30895266,12.2,752,539.9583333,70.0,2.9,0.0,0,0,0,Approved
18622,0,all_other,0.145,68.85,11.12726298,24.16,662,5370.0,10498.0,100,1.0,0,0,1,Review
18623,0,all_other,0.1134,210.56,10.6454249,5.6,682,1199.958333,4713.0,61.2,6.0,0,0,1,Review
18624,0,debt_consolidation,0.1513,260.47,10.98536052,17.59,647,3480.0,8135.0,79,3.0,0,0,1,High Risk
18625,0,all_other,0.1482,138.31,10.12647109,3.55,642,509.9583333,2387.0,88.4,3.0,0,0,0,High Risk
18626,0,debt_consolidation,0.145,175.55,10.71441777,26.4,697,3840.0,5132.0,41.4,2.0,0,0,0,Review
18627,0,debt_consolidation,0.1324,57.48,10.17381999,11.72,652,2520.0,6962.0,31.2,2.0,1,0,0,Review
18628,0,credit_card,0.1355,163.01,10.50232405,4.65,652,2040.0,4684.0,80.8,1.0,1,0,0,Review
18629,0,major_purchase,0.1261,46.91,9.740968623,20.4,672,990.0,3368.0,42.1,6.0,0,0,0,Review
18630,0,all_other,0.1134,230.3,11.41751528,11.93,677,3029.958333,12965.0,96.8,4.0,0,0,1,Review
18631,0,all_other,0.1418,102.8,10.71441777,6.69,652,4260.0,12862.0,66.6,1.0,0,0,1,Review
18632,0,all_other,0.1134,210.56,10.91501573,2.71,682,720.0,5815.0,49.3,1.0,0,0,0,Review
18633,0,home_improvement,0.0976,188.91,10.59663473,17.43,727,4559.958333,33.0,0.1,4.0,0,1,1,Approved
18634,0,major_purchase,0.08,94.01,9.546812609,1.29,737,390.0,100.0,1,2.0,0,0,0,Approved
18635,0,debt_consolidation,0.1324,84.53,9.952277717,3.94,662,720.0,3402.0,64.2,1.0,0,0,1,Review
18636,0,credit_card,0.145,165.23,11.39075783,19.75,647,3210.0,9976.0,75.6,3.0,0,0,1,High Risk
18637,0,all_other,0.164,265.17,11.28978191,28.35,682,3300.0,61422.0,85.1,0.0,0,0,0,Review
18638,0,all_other,0.1861,244.28,11.8313792,28.26,642,3809.958333,205016.0,88.3,3.0,0,0,0,High Risk
18639,0,debt_consolidation,0.1482,62.24,11.00209984,21.86,647,2790.0,47253.0,89.2,3.0,0,0,0,High Risk
18640,0,debt_consolidation,0.1166,247.9,11.22524339,20.67,707,4230.0,75661.0,58.6,2.0,0,0,0,Approved
18641,0,educational,0.1355,135.84,10.71441777,17.63,657,1050.0,12514.0,53,1.0,0,0,0,Review
18642,0,home_improvement,0.0832,62.97,10.6454249,0.29,727,570.0,305.0,8,2.0,0,0,0,Approved
18643,0,debt_consolidation,0.1166,247.9,11.05089001,17.5,682,3540.0,2535.0,19.1,6.0,0,0,0,Review
18644,0,major_purchase,0.1229,33.36,9.740968623,1.62,662,539.9583333,984.0,98.4,1.0,0,0,0,Review
18645,0,all_other,0.1134,33.73,9.392661929,20.4,697,990.0,440.0,11.9,3.0,0,0,1,Review
18646,0,debt_consolidation,0.1292,252.42,10.818177,18.87,672,4559.958333,5559.0,54.5,5.0,2,0,0,Review
18647,0,debt_consolidation,0.1545,69.78,10.79957558,17.85,642,4590.0,1690.0,4.3,1.0,2,0,0,High Risk
18648,0,educational,0.1229,250.15,11.56171563,21.34,687,4230.0,20947.0,51.8,7.0,0,0,1,Review
18649,0,all_other,0.1482,259.33,11.17043516,24.73,672,5880.0,34872.0,75.7,4.0,0,0,0,Review
18650,0,all_other,0.1387,255.86,12.01370075,20.95,672,6389.958333,14289.0,34.3,5.0,1,0,0,Review
18651,0,all_other,0.0863,126.52,9.903487553,0.9,732,570.0,37.0,1.5,3.0,0,0,0,Approved
18652,0,credit_card,0.1387,75.06,10.59663473,10.35,642,1589.958333,11606.0,77.9,1.0,0,0,1,High Risk
18653,0,all_other,0.1292,64.79,10.34174248,21.65,667,1050.0,11806.0,42.9,8.0,0,0,1,Review
18654,0,debt_consolidation,0.1292,252.42,12.07254125,14.78,667,7530.0,84355.0,95.9,4.0,0,0,0,Review
18655,0,debt_consolidation,0.0945,160.05,10.59663473,10.53,722,3240.0,17755.0,30.7,4.0,0,0,0,Approved
18656,0,all_other,0.1103,98.26,10.59663473,3.09,677,1291.958333,3127.0,104.2,0.0,0,0,0,Review
18657,0,all_other,0.1418,164.48,10.46321762,2.37,647,3630.0,2161.0,61.7,2.0,0,0,0,High Risk
18658,0,all_other,0.0832,220.39,10.1266311,2.21,732,2031.958333,1568.0,9.1,4.0,0,0,0,Approved
18659,0,all_other,0.1387,238.81,10.30895266,10.8,657,2324.958333,5710.0,48.8,0.0,1,0,0,Review
18660,0,all_other,0.1039,243.38,12.08953883,15.69,712,4410.0,161337.0,62.9,3.0,0,0,0,Approved
18661,0,debt_consolidation,0.164,265.17,11.22021745,24.01,657,1589.958333,8772.0,52.5,4.0,0,0,0,Review
18662,0,all_other,0.0832,157.43,10.81977828,0.6,737,609.0,973.0,8.3,0.0,0,0,0,Approved
18663,0,all_other,0.0945,240.08,11.69524702,19.46,752,10769.95833,190486.0,80.8,1.0,0,0,1,Approved
18664,0,credit_card,0.1261,234.55,11.1844214,25.78,742,12218.95833,52964.0,71.1,3.0,0,0,0,Approved
18665,0,home_improvement,0.0945,143.25,11.06657586,9.17,722,5790.0,4764.0,58.1,8.0,0,0,0,Approved
18666,0,debt_consolidation,0.1355,203.76,11.48242502,12.15,657,3241.0,8918.0,70.2,3.0,0,0,1,Review
18667,0,all_other,0.1387,119.41,11.26446411,8.86,647,2910.0,5376.0,71.7,8.0,1,0,1,High Risk
18668,0,debt_consolidation,0.1355,135.84,10.858999,10.99,652,6990.0,11587.0,54,3.0,0,1,1,Review
18669,0,credit_card,0.145,258.16,10.96819829,16.04,652,3514.0,939.0,11.7,1.0,0,1,1,Review
18670,0,all_other,0.1861,58.34,11.72964845,28.29,642,6359.958333,73943.0,98.1,0.0,0,0,0,High Risk
18671,0,debt_consolidation,0.1134,246.75,11.81303006,21.32,712,12450.0,76428.0,68.8,14.0,0,1,1,Approved
18672,0,credit_card,0.1387,218.34,10.6454249,17.37,657,1710.0,8312.0,85.7,0.0,1,0,0,Review
18673,0,credit_card,0.1355,220.74,11.3083583,10.95,657,4620.0,4037.0,21.1,0.0,0,0,0,Review
18674,0,all_other,0.1324,60.86,10.34817337,10.85,652,1169.958333,162.0,54,1.0,0,0,0,Review
18675,0,all_other,0.1229,160.1,10.91508846,14.64,667,4229.958333,20749.0,89.1,6.0,1,0,1,Review
18676,0,all_other,0.0832,56.68,10.73639668,0.65,732,809.9583333,309.0,9.1,1.0,0,0,0,Approved
18677,0,major_purchase,0.0976,128.62,10.75248397,7.29,707,990.0,0.0,,0.0,0,0,0,Approved
18678,0,debt_consolidation,0.145,189.32,10.59663473,4.89,642,4680.0,4030.0,62,0.0,0,0,0,High Risk
18679,0,credit_card,0.1039,48.68,8.9226583,4.96,687,600.0,1954.0,43.4,1.0,0,0,0,Review
18680,0,all_other,0.1703,124.84,11.15625052,25.51,662,5189.958333,7461.0,90.5,8.0,0,0,1,Review
18681,0,debt_consolidation,0.1008,242.29,11.56171563,13.37,712,5279.958333,5495.0,13.1,6.0,0,0,0,Approved
18682,0,all_other,0.1229,40.03,10.23995979,7.64,662,1020.0,2391.0,99.6,0.0,0,0,0,Review
18683,0,debt_consolidation,0.1222,208.25,10.6454249,9.71,682,3599.958333,29116.0,78.1,5.0,0,0,0,Review
18684,0,debt_consolidation,0.06,184.28,10.35964577,7.49,647,2369.958333,7884.0,63.1,1.0,0,0,0,High Risk
18685,0,debt_consolidation,0.1166,181.79,9.903687533,9.9,677,1471.0,5111.0,104.3,4.0,0,0,0,Review
18686,0,debt_consolidation,0.0976,96.47,9.472396897,5.45,702,660.0,1470.0,21.6,0.0,0,0,1,Approved
18687,0,all_other,0.08,94.01,9.903487553,7.66,732,1080.0,814.0,9.5,0.0,0,0,0,Approved
18688,0,major_purchase,0.0976,97.27,9.68009397,1.73,707,755.0,758.0,47.4,1.0,0,0,0,Approved
18689,0,debt_consolidation,0.164,197.99,11.05089001,26.46,662,2309.958333,14343.0,42.1,2.0,0,0,0,Review
18690,0,debt_consolidation,0.1576,122.64,10.96812932,28.7,692,3869.958333,9662.0,50.9,5.0,0,0,0,Review
18691,0,home_improvement,0.1513,260.47,11.22524339,17.76,647,5850.0,12902.0,70.1,0.0,0,0,0,High Risk
18692,0,credit_card,0.1324,114.96,10.30895266,23.44,687,990.0,3451.0,30.3,2.0,0,0,0,Review
18693,0,home_improvement,0.1355,254.7,10.91508846,15.1,662,3900.0,17599.0,41.7,11.0,0,0,0,Review
18694,0,debt_consolidation,0.1103,128.56,10.6454249,14.46,692,4109.958333,3083.0,16.3,4.0,1,0,0,Review
18695,0,all_other,0.0768,182.46,10.26813067,0.42,782,2580.0,449.0,15,1.0,0,0,0,Approved
18696,0,all_other,0.1355,135.84,10.9331784,8.98,652,3630.0,1254.0,96.5,2.0,0,0,0,Review
18697,0,debt_consolidation,0.1197,249.0,11.88448902,18.16,682,6689.958333,105863.0,49.3,8.0,0,0,1,Review
18698,0,debt_consolidation,0.1576,63.95,9.903687533,25.07,667,1319.958333,5411.0,35.6,3.0,0,0,0,Review
18699,0,all_other,0.1324,169.05,10.83958091,9.22,657,4949.958333,3024.0,65.7,1.0,0,2,0,Review
18700,0,all_other,0.145,41.31,10.81627215,22.2,652,2999.958333,12759.0,78.8,2.0,0,0,0,Review
18701,0,all_other,0.1355,81.51,10.17198681,22.94,662,479.9583333,558.0,22.3,4.0,0,0,0,Review
18702,0,all_other,0.1261,75.39,11.66838957,11.74,667,3359.958333,210.0,70,11.0,1,0,0,Review
18703,0,all_other,0.1071,32.61,9.998797732,14.7,687,3119.958333,6720.0,101.8,2.0,0,0,1,Review
18704,0,credit_card,0.1103,245.65,11.09741002,6.38,692,3630.0,23192.0,85.6,4.0,0,0,0,Review
18705,0,credit_card,0.1134,213.85,11.42954386,2.78,682,3869.958333,32776.0,65,4.0,0,0,0,Review
18706,0,debt_consolidation,0.1324,67.62,10.37349118,6.94,652,3180.0,2324.0,12.9,1.0,2,2,0,Review
18707,0,all_other,0.1608,149.59,10.46321762,26.36,667,6960.0,6644.0,35.9,12.0,0,0,0,Review
18708,0,debt_consolidation,0.1261,134.03,10.00784757,23.02,702,1050.0,2740.0,21.1,6.0,0,0,0,Approved
18709,0,all_other,0.1324,121.72,11.231623,9.14,657,3180.0,3453.0,53.1,0.0,0,0,0,Review
18710,0,major_purchase,0.1039,113.58,11.15625052,12.86,692,3839.958333,6469.0,8.7,15.0,0,0,1,Review
18711,0,debt_consolidation,0.1197,199.2,10.77895629,15.38,677,4229.958333,4956.0,40,4.0,0,0,0,Review
18712,0,home_improvement,0.1703,107.01,11.15625052,25.03,657,7950.0,43878.0,94.8,0.0,0,0,0,Review
18713,0,educational,0.1261,67.02,11.9511804,17.69,662,4410.0,32135.0,91.1,11.0,0,0,0,Review
18714,0,all_other,0.1355,61.13,10.95080655,11.22,652,4919.958333,4334.0,98.5,4.0,0,0,0,Review
18715,0,debt_consolidation,0.1418,95.95,10.81977828,8.5,642,3839.958333,4151.0,45.6,2.0,0,0,0,High Risk
18716,0,debt_consolidation,0.1286,252.2,10.42228135,8.93,667,1719.0,5528.0,87.7,4.0,0,0,1,Review
18717,0,all_other,0.1482,186.72,10.77895629,19.4,652,4619.958333,21093.0,85.1,3.0,1,0,1,Review
18718,0,all_other,0.08,141.02,10.16600565,1.43,767,929.9583333,1057.0,23.5,0.0,0,0,0,Approved
18719,0,major_purchase,0.1513,243.11,10.73630972,18.91,652,2729.958333,12634.0,76.6,0.0,0,0,0,Review
18720,0,debt_consolidation,0.1197,194.22,11.60827201,11.62,677,4290.0,15038.0,93.3,4.0,0,0,0,Review
18721,0,debt_consolidation,0.145,258.16,11.91839057,26.27,697,5070.0,91148.0,95.4,2.0,0,0,0,Review
18722,0,debt_consolidation,0.1418,181.61,10.91501573,10.04,657,5100.0,3729.0,70.4,3.0,0,0,0,Review
18723,0,educational,0.1349,42.42,9.798127037,4.67,652,869.9583333,1157.0,0,1.0,0,0,1,Review
18724,0,credit_card,0.1103,245.65,10.71441777,11.41,687,4830.0,5148.0,12.7,7.0,0,0,0,Review
18725,0,debt_consolidation,0.1418,102.8,9.998797732,15.44,647,1500.0,7872.0,66.2,1.0,2,0,1,High Risk
18726,0,all_other,0.1159,231.14,11.06676335,10.63,687,3149.958333,5260.0,24.2,10.0,0,0,1,Review
18727,0,debt_consolidation,0.1261,251.3,10.66895539,11.72,667,1020.0,1.0,0,0.0,0,0,0,Review
18728,0,all_other,0.1387,136.46,10.25765937,10.21,647,3660.0,1485.0,74.2,5.0,0,1,0,High Risk
18729,0,credit_card,0.1545,261.65,10.91508846,24.94,667,5190.0,41705.0,95.2,8.0,0,0,1,Review
18730,0,all_other,0.1001,242.04,11.73606902,18.85,737,6570.0,276911.0,23.9,1.0,0,0,0,Approved
18731,0,credit_card,0.1475,202.08,10.46321762,25.09,687,1977.958333,5748.0,25.4,0.0,0,0,0,Review
18732,0,debt_consolidation,0.1222,193.26,10.15393494,20.88,687,6120.0,8883.0,78.6,4.0,0,0,0,Review
18733,0,all_other,0.1854,145.7,11.00209984,28.41,657,1740.0,18242.0,70.2,0.0,0,0,0,Review
18734,0,credit_card,0.1222,249.9,11.09741002,12.11,677,5070.0,5319.0,106.4,0.0,0,0,0,Review
18735,0,all_other,0.1507,260.25,11.69524702,14.84,652,7260.0,21881.0,82.5,2.0,4,0,1,Review
18736,0,all_other,0.0863,113.87,10.43399815,0.71,717,599.9583333,372.0,7.4,0.0,0,0,0,Approved
18737,0,all_other,0.138,170.41,10.30895266,17.88,657,509.9583333,2229.0,34.8,2.0,0,0,0,Review
18738,0,all_other,0.1317,81.07,9.85198371,24.51,687,929.9583333,0.0,0,0.0,0,0,1,Review
18739,0,all_other,0.1507,138.8,10.46310334,17.47,642,3660.0,1085.0,77.5,3.0,0,0,0,High Risk
18740,0,all_other,0.1412,205.42,10.83958091,9.01,657,5219.958333,4050.0,34.6,4.0,3,0,1,Review
18741,0,credit_card,0.1601,263.72,10.71441777,22.83,652,3539.958333,15056.0,99.1,1.0,0,0,0,Review
18742,0,all_other,0.1507,86.75,10.04324949,24.47,667,2491.0,4374.0,52.7,4.0,0,0,0,Review
18743,0,home_improvement,0.1665,266.1,10.81977828,20.93,642,5041.0,15831.0,56.3,3.0,0,0,0,High Risk
18744,0,credit_card,0.1412,239.66,11.17043516,6.24,657,2490.0,8558.0,80.7,3.0,0,0,0,Review
18745,0,credit_card,0.1064,244.27,10.59663473,2.07,702,11730.0,599.0,3.2,8.0,1,1,1,Approved
18746,0,all_other,0.097,160.64,10.42797937,7.24,717,1050.0,2208.0,15.7,3.0,0,0,0,Approved
18747,0,credit_card,0.1254,150.63,10.91508846,10.89,662,5760.0,20578.0,29.7,11.0,0,0,0,Review
18748,0,credit_card,0.1355,169.8,11.46163217,7.79,657,1964.958333,10978.0,98.9,4.0,0,0,0,Review
18749,0,credit_card,0.1191,364.89,11.05673006,13.9,687,2339.958333,22954.0,66,4.0,0,0,0,Review
18750,0,debt_consolidation,0.1538,306.7,10.4487146,7.86,647,5279.958333,7424.0,73.7,1.0,0,0,0,High Risk
18751,0,debt_consolidation,0.157,245.07,10.30895266,24.12,662,1770.0,12814.0,69.6,4.0,0,0,0,Review
18752,0,all_other,0.1191,116.1,11.60827201,8.44,672,4259.958333,390.0,32.5,4.0,0,0,0,Review
18753,0,debt_consolidation,0.157,235.44,10.4487146,8.7,647,5279.958333,16690.0,91.2,4.0,0,0,1,High Risk
18754,0,credit_card,0.1696,534.5,12.12269104,12.76,647,2190.0,49303.0,99.2,0.0,0,0,1,High Risk
18755,0,home_improvement,0.1191,497.58,11.08214255,19.66,702,1949.958333,24985.0,49.6,5.0,0,0,0,Approved
18756,0,all_other,0.1791,144.43,10.86856845,29.9,662,3119.958333,15473.0,65.3,0.0,1,0,0,Review
18757,0,all_other,0.1064,35.83,9.547098282,4.2,687,3210.0,1032.0,9.5,4.0,0,0,0,Review
18758,0,all_other,0.1696,503.32,10.71441777,18.8,652,2523.0,11577.0,60.9,1.0,0,0,0,Review
18759,0,all_other,0.1538,174.26,10.77895629,15.65,652,4020.0,901.0,42.9,1.0,0,1,0,Review
18760,0,credit_card,0.0863,170.8,10.68051622,10.18,742,2399.958333,0.0,,3.0,0,0,0,Approved
18761,0,debt_consolidation,0.1886,274.39,11.31447453,27.26,652,3543.958333,22515.0,95.8,3.0,0,0,0,Review
18762,0,debt_consolidation,0.157,262.57,10.87039535,21.38,652,4650.0,20032.0,72.1,1.0,0,0,0,Review
18763,0,educational,0.157,157.55,10.65608219,23.89,662,2130.0,5361.0,42.2,12.0,0,0,1,Review
18764,0,all_other,0.1412,140.37,11.1844214,1.57,652,1649.958333,3842.0,27.4,3.0,2,0,0,Review
18765,0,credit_card,0.1601,281.3,11.40756495,5.93,657,2819.958333,50545.0,54.6,0.0,0,0,0,Review
18766,0,all_other,0.1191,232.2,12.56024446,4.33,682,2250.0,20205.0,1.2,6.0,0,0,1,Review
18767,0,all_other,0.1064,50.49,10.30895266,15.6,697,6389.958333,1085.0,11.4,11.0,1,0,0,Review
18768,0,all_other,0.138,40.9,10.46310334,26.19,707,2100.0,10975.0,57.2,4.0,0,0,0,Approved
18769,0,credit_card,0.1412,134.38,11.2553328,12.37,657,3059.958333,11162.0,40,3.0,0,0,0,Review
18770,0,educational,0.1412,71.9,10.6454249,8.11,652,2850.0,5057.0,26.6,2.0,1,0,1,Review
18771,0,credit_card,0.1317,233.06,11.91839057,8.6,697,7919.958333,21293.0,3.4,7.0,0,0,1,Review
18772,0,credit_card,0.1886,155.49,10.9455436,27.6,667,4259.958333,41478.0,99.2,3.0,0,0,0,Review
18773,0,major_purchase,0.138,109.06,10.86856845,17.44,652,3930.0,5070.0,64.2,1.0,3,0,0,Review
18774,0,debt_consolidation,0.1159,166.75,10.7045021,8,687,5309.958333,9387.0,50.2,4.0,0,0,0,Review
18775,0,all_other,0.1096,111.25,10.2327913,12.52,702,1709.958333,3999.0,21.5,4.0,0,0,0,Approved
18776,0,debt_consolidation,0.1475,259.08,10.7342204,17.73,652,5001.958333,6131.0,68.9,1.0,0,0,0,Review
18777,0,debt_consolidation,0.138,160.18,10.46310334,11.28,667,3512.958333,832.0,27.7,4.0,1,0,0,Review
18778,0,all_other,0.1507,152.68,11.00209984,9.94,642,6690.0,5770.0,69.5,1.0,2,0,0,High Risk
18779,0,major_purchase,0.1317,183.24,10.6454249,11.83,667,2789.958333,0.0,0,4.0,0,0,0,Review
18780,0,educational,0.1854,109.28,10.69194491,26.68,647,9840.0,20685.0,89.5,2.0,0,0,0,High Risk
18781,0,debt_consolidation,0.1411,266.99,10.59663473,19.5,672,3749.958333,3780.0,16.2,4.0,0,0,0,Review
18782,0,debt_consolidation,0.1128,73.14,10.87804719,16.78,702,5160.0,31412.0,52.8,5.0,0,0,0,Approved
18783,0,all_other,0.1412,119.83,10.71441777,10.19,657,3210.0,9771.0,86.4,4.0,0,0,0,Review
18784,0,credit_card,0.1759,269.61,10.89673933,27.47,672,3720.0,23618.0,62.3,6.0,1,0,1,Review
18785,0,debt_consolidation,0.1507,41.64,10.59182318,18.27,652,3342.0,9408.0,93.1,3.0,0,0,0,Review
18786,0,credit_card,0.138,170.41,11.2515607,14.01,657,2880.0,22458.0,66.4,2.0,0,0,0,Review
18787,0,debt_consolidation,0.1601,263.72,11.51292546,19.58,642,5520.0,25366.0,77.1,0.0,2,0,1,High Risk
18788,0,credit_card,0.1286,235.39,10.20359214,26.62,792,6050.958333,8220.0,10.1,0.0,0,0,0,Approved
18789,0,educational,0.138,61.35,9.852194258,3.85,682,959.9583333,1279.0,85.3,0.0,0,0,0,Review
18790,0,all_other,0.1538,209.12,10.08580911,11.5,657,8070.0,8686.0,90.5,0.0,1,0,0,Review
18791,0,home_improvement,0.157,227.56,11.86709728,22.32,652,6809.958333,63685.0,82.1,1.0,1,0,0,Review
18792,0,credit_card,0.1886,245.13,10.71441777,25.76,647,3539.958333,31939.0,82.7,4.0,0,0,0,High Risk
18793,0,debt_consolidation,0.1475,55.27,11.55214618,16.97,652,3929.958333,31140.0,52.6,1.0,1,0,0,Review
18794,0,debt_consolidation,0.1696,223.6,11.28978191,19.89,642,4649.958333,16012.0,44.2,6.0,1,0,0,High Risk
18795,0,home_improvement,0.1254,192.47,11.8473957,10.85,687,4619.958333,79395.0,73.8,6.0,0,0,1,Review
18796,0,credit_card,0.1443,257.91,10.818177,17.67,657,3690.0,10221.0,70,1.0,0,1,0,Review
18797,0,credit_card,0.1317,185.77,11.01862914,13.79,677,2701.0,25457.0,70.7,5.0,0,0,0,Review
18798,0,credit_card,0.1191,202.35,11.00209984,21.82,712,3274.0,32573.0,65,4.0,0,0,1,Approved
18799,0,all_other,0.1317,253.32,11.56171563,1.03,677,3660.0,3607.0,44,4.0,0,0,1,Review
18800,0,debt_consolidation,0.1443,165.92,10.37349118,28.76,727,3240.0,11285.0,46.6,0.0,0,0,0,Approved
18801,0,all_other,0.1728,125.28,11.19547123,21.1,642,6240.0,55147.0,91.9,3.0,0,0,1,High Risk
18802,0,all_other,0.157,175.05,10.34174248,25.63,677,7169.958333,9267.0,16,0.0,3,0,0,Review
18803,0,debt_consolidation,0.1286,41.2,10.71441777,16.67,677,4500.0,21022.0,93,4.0,0,0,0,Review
18804,0,all_other,0.1538,51.41,10.57544174,21.66,647,3509.958333,3975.0,81.1,4.0,0,0,0,High Risk
18805,0,debt_consolidation,0.1665,229.73,11.15625052,21.02,642,2250.0,14157.0,60.2,1.0,0,0,0,High Risk
18806,0,all_other,0.1728,153.02,11.00209984,23.28,642,9450.0,18641.0,70.6,2.0,1,1,0,High Risk
18807,0,debt_consolidation,0.1791,86.66,11.10721033,2.45,647,720.0,1601.0,50,3.0,0,0,0,High Risk
18808,0,debt_consolidation,0.1254,193.31,11.49272276,12.33,677,5999.958333,26390.0,43,4.0,0,0,0,Review
18809,0,debt_consolidation,0.1665,170.3,10.84801583,24.8,657,4892.0,30177.0,63.7,0.0,0,0,0,Review
18810,0,all_other,0.1443,137.55,11.28978191,20.37,662,8279.958333,27954.0,66.9,4.0,2,0,1,Review
18811,0,credit_card,0.1665,266.1,12.15477935,17.92,667,6960.0,149621.0,64.3,8.0,0,0,0,Review
18812,0,all_other,0.1475,103.63,10.57131693,5.23,652,1800.0,2060.0,12.7,0.0,4,0,0,Review
18813,0,credit_card,0.1601,246.14,11.38509209,16.83,647,1739.958333,46670.0,87.8,1.0,0,0,0,High Risk
18814,0,educational,0.1507,52.05,9.035986985,10,652,1019.958333,1764.0,53.5,2.0,1,0,0,Review
18815,0,credit_card,0.1475,84.64,11.1844214,5.48,662,1080.0,2199.0,56.4,2.0,0,0,0,Review
18816,0,debt_consolidation,0.1507,227.29,11.40756495,18.2,652,2879.958333,55753.0,79.8,1.0,0,0,0,Review
18817,0,credit_card,0.1254,199.17,10.71441777,8.21,697,2280.0,397.0,3.1,6.0,1,0,0,Review
18818,0,all_other,0.1443,68.78,11.51292546,27.18,697,4050.0,53440.0,88.2,3.0,0,0,1,Review
18819,0,credit_card,0.1159,198.12,10.81977828,6.5,682,2640.0,9797.0,54.4,4.0,0,0,0,Review
18820,0,all_other,0.1601,112.52,11.14836235,27.21,667,3630.0,7087.0,74.8,2.0,1,0,0,Review
18821,0,debt_consolidation,0.1412,59.92,11.56171563,17.7,657,3989.958333,30734.0,55.7,1.0,1,0,0,Review
18822,0,educational,0.1759,107.85,10.75907241,29.74,662,4500.0,2663.0,20.3,0.0,1,0,0,Review
18823,0,educational,0.1936,81.05,10.27505111,23.34,667,2039.958333,6020.0,65.4,9.0,0,1,1,Review
18824,0,all_other,0.1241,250.58,11.51292546,15.88,692,4649.958333,24868.0,60.7,5.0,0,0,1,Review
18825,0,debt_consolidation,0.1936,276.29,11.91839057,25.47,667,6991.0,152189.0,66.3,7.0,0,0,0,Review
18826,0,credit_card,0.1367,221.12,11.91839057,14.8,672,6511.958333,88223.0,89.4,4.0,0,0,1,Review
18827,0,debt_consolidation,0.1588,140.4,10.34174248,21.45,652,2613.0,11157.0,54.7,2.0,0,0,0,Review
18828,0,debt_consolidation,0.1304,337.14,11.00209984,15.92,692,9389.958333,8968.0,31.6,6.0,2,0,0,Review
18829,0,home_improvement,0.1146,276.84,10.93221371,7.29,707,2670.0,6178.0,25.8,5.0,0,0,1,Approved
18830,0,small_business,0.1146,659.14,11.49272276,15.75,717,7050.0,106366.0,56.7,3.0,0,0,0,Approved
18831,0,debt_consolidation,0.1367,85.05,11.08220409,4.19,667,11939.95833,2368.0,21.5,4.0,1,1,0,Review
18832,0,debt_consolidation,0.1462,275.84,10.82337182,16.12,662,2759.958333,3982.0,48,5.0,1,0,0,Review
18833,0,debt_consolidation,0.1715,116.12,10.1266311,22.32,672,2519.958333,13430.0,79.5,9.0,0,0,0,Review
18834,0,credit_card,0.1114,262.45,12.61153775,17.54,732,5130.0,255001.0,91.8,4.0,0,0,0,Approved
18835,0,small_business,0.1304,674.27,11.8493977,4.89,697,6149.958333,26761.0,47.1,4.0,0,0,0,Review
18836,0,home_improvement,0.1304,202.28,11.15625052,10.77,677,3120.0,244.0,8.7,6.0,0,0,0,Review
18837,0,debt_consolidation,0.1336,541.89,11.05089001,16.69,702,4709.958333,19516.0,68,6.0,0,0,1,Approved
18838,0,debt_consolidation,0.1715,857.46,12.30951332,12.7,672,3179.958333,40099.0,52.8,6.0,0,0,0,Review
18839,0,debt_consolidation,0.1114,262.45,10.71441777,6.93,722,7169.958333,26610.0,65.4,4.0,1,0,0,Approved
18840,0,small_business,0.1336,677.36,11.7829526,15.16,682,7830.0,134025.0,67.9,0.0,0,0,0,Review
18841,0,all_other,0.1209,266.06,11.33857208,9.87,702,3420.0,1077.0,15.8,5.0,0,0,0,Approved
18842,0,debt_consolidation,0.1525,869.7,12.20607265,9.49,682,4679.958333,54003.0,48.4,5.0,0,0,1,Review
18843,0,small_business,0.1367,850.44,11.60823564,23.05,702,3989.958333,238903.0,80.5,1.0,0,0,0,Approved
18844,0,all_other,0.1588,701.96,11.28978191,0.98,697,1140.0,3401.0,5.8,7.0,0,0,0,Review
18845,0,debt_consolidation,0.1683,302.33,11.00209984,14.68,682,11520.0,0.0,0,9.0,1,0,0,Review
18846,0,small_business,0.1525,869.7,11.7905572,11.74,707,2220.041667,20794.0,57.1,7.0,0,0,0,Approved
18847,0,debt_consolidation,0.1778,901.06,11.28978191,12.99,672,5610.041667,35251.0,83.5,6.0,1,0,0,Review
18848,0,home_improvement,0.0938,127.91,11.69524702,6.46,727,5101.0,138492.0,49.4,1.0,0,0,0,Approved
18849,0,debt_consolidation,0.1304,168.57,10.29200994,20.38,672,2370.041667,4546.0,56.1,4.0,0,0,1,Review
18850,0,all_other,0.1272,268.48,10.51867319,14.4,707,2280.041667,2479.0,45.1,6.0,0,0,0,Approved
18851,0,debt_consolidation,0.1304,539.42,11.21182037,6.11,697,2430.0,16917.0,71.1,5.0,0,0,0,Review
18852,0,debt_consolidation,0.1178,165.55,9.998615898,2.07,702,3720.041667,1312.0,17,4.0,0,0,0,Approved
18853,0,home_improvement,0.1209,665.15,12.57764999,10.06,712,8310.0,211463.0,0,4.0,0,0,0,Approved
18854,0,small_business,0.143,257.43,10.75798798,22.85,677,4770.041667,29895.0,54.3,6.0,0,0,1,Review
18855,0,all_other,0.1304,337.14,10.83958091,12.8,707,4200.041667,3359.0,12.9,5.0,1,0,0,Approved
18856,0,credit_card,0.1493,311.68,10.30895266,10.72,662,1950.041667,11255.0,73.6,5.0,0,0,0,Review
18857,0,credit_card,0.1272,268.48,10.77895629,18.5,677,1830.0,7368.0,82.8,4.0,0,0,1,Review
18858,0,small_business,0.1336,845.0,11.98292909,7.91,712,3060.041667,16716.0,22.4,5.0,0,0,0,Approved
18859,0,debt_consolidation,0.1178,264.88,10.73639668,11.74,702,1980.041667,6290.0,33.1,4.0,0,0,0,Approved
18860,0,credit_card,0.1336,541.89,11.91839057,24.55,682,7290.0,146579.0,85.4,3.0,0,0,1,Review
18861,0,debt_consolidation,0.1525,869.7,10.71441777,13.73,697,7860.041667,18840.0,54.8,6.0,0,0,1,Review
18862,0,educational,0.1557,559.13,10.6454249,6.83,707,10410.04167,8044.0,30.7,8.0,0,0,0,Approved
18863,0,debt_consolidation,0.143,154.46,10.38899537,19.5,687,840.0416667,2967.0,42.4,2.0,0,0,1,Review
18864,0,small_business,0.0938,95.94,11.22524339,1.36,727,7650.0,3484.0,29,4.0,0,0,1,Approved
18865,0,credit_card,0.1241,334.11,10.59663473,9.51,692,6690.041667,23534.0,45.8,4.0,0,0,0,Review
18866,0,debt_consolidation,0.1083,365.78,12.76569986,9.43,717,8640.0,228727.0,77.5,4.0,0,0,1,Approved
18867,0,debt_consolidation,0.1462,189.64,10.08580911,20.45,672,1350.0,4609.0,83.8,4.0,0,0,0,Review
18868,0,educational,0.16,114.27,9.798127037,20.2,662,1517.041667,1748.0,83.2,6.0,0,0,0,Review
18869,0,home_improvement,0.143,252.28,11.08214255,8.22,667,4650.0,13081.0,83.9,5.0,0,0,0,Review
18870,0,debt_consolidation,0.1284,773.22,11.49276357,22.77,712,5280.041667,29716.0,80.5,4.0,0,0,0,Approved
18871,0,credit_card,0.1221,186.57,10.91508846,4.36,702,11070.04167,6788.0,26.7,5.0,1,1,0,Approved
18872,0,credit_card,0.0932,319.47,11.00209984,19.58,757,10950.0,164974.0,24.6,0.0,0,0,0,Approved
18873,0,debt_consolidation,0.1947,479.66,11.42954386,24.4,662,6030.041667,58439.0,70.8,9.0,0,0,0,Review
18874,0,home_improvement,0.1568,350.02,11.22524339,8.83,677,1050.0,9700.0,36.7,2.0,0,0,1,Review
18875,0,credit_card,0.1474,538.78,11.15625052,24.89,672,6390.041667,67901.0,79.6,2.0,0,0,1,Review
18876,0,credit_card,0.1189,397.97,11.28978191,19.63,722,8910.041667,36719.0,61.5,4.0,0,0,0,Approved
18877,0,debt_consolidation,0.1695,534.41,11.48600638,5.02,677,780.0416667,1513.0,30.9,1.0,0,0,0,Review
18878,0,small_business,0.1253,138.89,10.16600565,22.7,677,8970.041667,27535.0,54.4,1.0,0,0,1,Review
18879,0,all_other,0.1284,268.95,10.81977828,22.22,697,7440.041667,49391.0,90.3,2.0,0,0,1,Review
18880,0,debt_consolidation,0.1379,340.76,10.858999,21.99,682,3030.041667,6641.0,31.6,4.0,0,0,1,Review
18881,0,debt_consolidation,0.1474,207.23,10.6454249,22.17,702,4590.041667,17295.0,74.5,8.0,0,0,0,Approved
18882,0,all_other,0.1505,277.53,10.89858946,14.91,667,6122.041667,26814.0,57.7,5.0,5,0,0,Review
18883,0,debt_consolidation,0.16,235.56,10.94022444,21.53,727,5951.0,9007.0,33.2,9.0,0,0,0,Approved
18884,0,debt_consolidation,0.1189,265.32,11.00209984,19.52,702,4891.041667,83434.0,69,3.0,0,0,0,Approved
18885,0,debt_consolidation,0.1505,329.57,10.96301245,12.31,707,10140.0,25506.0,98.9,4.0,0,0,0,Approved
18886,0,debt_consolidation,0.1221,183.24,10.23981692,5.53,722,1800.0,4405.0,23.4,5.0,0,0,0,Approved
18887,0,small_business,0.1095,392.57,13.01700286,8.49,737,5130.0,224090.0,40.1,3.0,0,0,0,Approved
18888,0,home_improvement,0.1474,103.62,10.1266311,14.16,712,6420.041667,7162.0,44.8,8.0,0,0,0,Approved
18889,0,debt_consolidation,0.1347,182.34,10.10659165,23.36,692,1470.0,3039.0,50.6,5.0,0,0,0,Review
18890,0,debt_consolidation,0.1347,169.62,10.12647109,9.65,687,1860.0,6608.0,60.1,4.0,0,0,0,Review
18891,0,credit_card,0.1505,374.67,11.33857208,12.79,697,5370.041667,26598.0,97.1,6.0,0,0,1,Review
18892,0,all_other,0.1537,139.39,10.08580911,18.35,682,870.0416667,1272.0,38.5,0.0,0,0,0,Review
18893,0,all_other,0.1695,178.14,10.16585182,2.91,667,1290.041667,8136.0,36.5,7.0,0,0,0,Review
18894,0,small_business,0.1726,250.49,10.37349118,12.26,667,2520.0,26726.0,98.3,4.0,0,0,1,Review
18895,0,debt_consolidation,0.1253,334.67,11.64395373,15.39,722,11010.0,141532.0,97.2,0.0,0,0,0,Approved
18896,0,all_other,0.1379,511.14,12.68233167,9.98,722,9960.041667,13739.0,67.7,7.0,0,0,0,Approved
18897,0,debt_consolidation,0.1474,241.76,10.48010092,19.38,672,3810.041667,6907.0,51.9,5.0,0,0,0,Review
18898,0,credit_card,0.08,282.03,11.51292546,23.9,777,6660.041667,212878.0,5.8,2.0,0,0,0,Approved
18899,0,debt_consolidation,0.1347,169.62,9.392661929,9.9,697,1110.0,2905.0,25.5,4.0,0,0,1,Review
18900,0,all_other,0.1663,532.05,11.64395373,21.95,672,5250.041667,107611.0,89.1,6.0,0,0,1,Review
18901,0,credit_card,0.167,426.02,11.26446411,9.62,672,3849.958333,7672.0,78.3,7.0,0,0,0,Review
18902,0,home_improvement,0.1189,497.46,11.40756495,17.11,712,8040.0,96473.0,48.1,1.0,0,0,0,Approved
18903,0,debt_consolidation,0.1316,337.71,11.15625052,19.7,692,4110.041667,27200.0,69.2,4.0,0,0,1,Review
18904,0,credit_card,0.1316,189.12,10.49127422,22.6,712,5393.041667,40553.0,82,1.0,0,0,1,Approved
18905,0,debt_consolidation,0.1505,520.37,10.59663473,12.42,677,3006.041667,8193.0,33.6,5.0,0,0,0,Review
18906,0,major_purchase,0.1253,267.73,10.81977828,21.29,697,3060.041667,34938.0,59.6,4.0,1,0,0,Review
18907,0,all_other,0.16,175.79,10.66886237,13.12,682,810.0416667,2754.0,34.4,2.0,0,0,0,Review
18908,0,debt_consolidation,0.1284,336.18,10.84642022,21.64,712,3000.041667,10227.0,92.1,4.0,0,0,1,Approved
18909,0,educational,0.1505,173.46,10.71441777,9.52,697,1057.0,4840.0,35.6,2.0,0,0,0,Review
18910,0,debt_consolidation,0.1474,518.06,11.25803322,22.42,687,9600.041667,2009.0,19.9,5.0,0,0,0,Review
18911,0,small_business,0.1189,497.46,10.69648007,17.65,727,3150.041667,5665.0,26.6,4.0,0,0,1,Approved
18912,0,credit_card,0.1284,294.16,11.56171563,18.01,682,3210.0,112549.0,82.7,0.0,0,0,0,Review
18913,0,debt_consolidation,0.1347,407.08,11.46167427,17.36,702,3210.0,30250.0,35.9,4.0,1,0,0,Approved
18914,0,debt_consolidation,0.1442,412.6,10.80972795,13.79,717,5010.041667,2976.0,96,4.0,0,0,0,Approved
18915,0,small_business,0.1126,123.24,11.22524339,11.6,712,5550.0,10673.0,21.4,4.0,0,0,0,Approved
18916,0,all_other,0.1568,210.01,11.35040654,7.85,677,1380.041667,3735.0,66.7,6.0,0,0,0,Review
18917,0,small_business,0.1379,511.14,11.22524339,14.64,712,3780.041667,1914.0,32.4,7.0,0,0,0,Approved
18918,0,small_business,0.16,84.38,11.15625052,0.93,702,721.0,2024.0,14.6,1.0,0,0,0,Approved
18919,0,small_business,0.1189,397.97,11.35040654,7.31,722,4380.0,29669.0,56.8,5.0,0,0,1,Approved
18920,0,debt_consolidation,0.1189,497.46,11.22524339,19.17,717,5940.041667,125642.0,82.2,0.0,1,0,1,Approved
18921,0,debt_consolidation,0.1158,495.21,11.69524702,14.65,732,9990.041667,182274.0,48.9,0.0,1,0,0,Approved
18922,0,debt_consolidation,0.1347,101.77,11.00209984,17.68,692,4860.041667,198.0,3.1,4.0,2,0,0,Review
18923,0,credit_card,0.1853,546.27,11.98292909,11.27,677,5438.0,15814.0,83.2,6.0,0,0,0,Review
18924,0,educational,0.1821,507.62,11.2708539,16.45,662,4531.041667,95801.0,82.8,7.0,0,0,1,Review
18925,0,debt_consolidation,0.1947,295.18,10.76896908,18.18,667,7920.041667,11537.0,98.6,5.0,0,1,1,Review
18926,0,home_improvement,0.16,168.76,11.00209984,13.8,667,3600.0,9761.0,54.2,6.0,0,1,1,Review
18927,0,debt_consolidation,0.1568,336.02,10.30895266,10.12,672,1920.041667,9611.0,40.6,5.0,0,0,1,Review
18928,0,debt_consolidation,0.1474,345.37,11.00209984,7.6,682,5940.041667,32153.0,63.3,5.0,2,0,0,Review
18929,0,home_improvement,0.1821,362.59,10.91501573,13.46,687,2610.0,3802.0,9,9.0,0,0,0,Review
18930,0,credit_card,0.1284,336.18,11.54248427,2.9,722,2250.0,10338.0,23.3,5.0,0,0,0,Approved
18931,0,all_other,0.1442,275.07,11.06272446,5.65,707,2400.041667,3606.0,43.4,6.0,0,0,0,Approved
18932,0,debt_consolidation,0.2011,260.53,10.30895266,10.44,667,540.0416667,6402.0,80,4.0,0,1,1,Review
18933,0,all_other,0.0963,385.14,11.28978191,7.41,767,11764.0,199390.0,23.2,1.0,0,0,0,Approved
18934,0,small_business,0.1695,890.68,12.20607265,4.33,762,13170.0,12352.0,17.1,9.0,0,0,0,Approved
18935,0,all_other,0.1379,204.46,11.58524613,12.02,682,4350.0,48818.0,72.1,4.0,1,0,0,Review
18936,0,debt_consolidation,0.1347,508.84,11.26446411,6.71,717,3720.0,20490.0,86.1,4.0,0,0,0,Approved
18937,0,debt_consolidation,0.1411,342.29,11.28983191,9.34,692,4860.041667,30585.0,79.6,4.0,0,0,0,Review
18938,0,debt_consolidation,0.1758,539.13,10.65725935,9.91,677,931.0416667,18208.0,51,3.0,0,0,0,Review
18939,0,all_other,0.1758,345.05,10.96819829,23.11,677,3540.041667,4656.0,27.1,8.0,0,0,0,Review
18940,0,credit_card,0.1916,551.05,11.51292546,2.96,717,7770.0,5212.0,13.2,10.0,1,0,1,Approved
18941,0,small_business,0.1316,270.17,10.77895629,4.42,707,5130.0,5684.0,83.6,5.0,0,1,1,Approved
18942,0,all_other,0.1411,171.15,10.12679109,5.62,682,2250.0,4974.0,24.6,5.0,0,0,0,Review
18943,0,educational,0.1663,532.05,10.727663,4.45,677,7410.041667,14625.0,54.2,6.0,0,0,1,Review
18944,0,home_improvement,0.0932,127.79,11.51292546,10.78,737,2310.041667,116648.0,15.6,1.0,0,0,0,Approved
18945,0,all_other,0.1568,315.02,10.20359214,8.53,682,1567.0,8052.0,57.1,5.0,0,0,0,Review
18946,0,all_other,0.1537,174.24,10.95954023,18.99,677,1590.041667,8310.0,52.3,5.0,0,0,0,Review
18947,0,debt_consolidation,0.1221,333.15,11.62621844,7.02,732,4830.0,12279.0,36.4,5.0,0,0,0,Approved
18948,0,credit_card,0.1411,483.49,11.15625052,19.05,692,3960.041667,34491.0,44.8,4.0,0,0,0,Review
18949,0,small_business,0.1505,693.83,11.04611673,6.68,717,2283.0,7657.0,21.2,7.0,0,0,0,Approved
18950,0,debt_consolidation,0.1884,109.74,10.30895266,23.36,662,1590.041667,2994.0,99.8,5.0,0,0,1,Review
18951,0,all_other,0.1347,54.28,12.61153775,6.72,677,7680.0,27197.0,46.6,4.0,1,0,0,Review
18952,0,all_other,0.1411,171.15,10.6454249,13.71,692,4650.041667,1064.0,11.1,5.0,1,1,0,Review
18953,0,debt_consolidation,0.1411,143.77,11.08312668,14.24,682,6930.0,17126.0,81.6,5.0,0,0,0,Review
18954,0,all_other,0.1189,72.97,10.30895266,17,717,2042.041667,1243.0,12.9,4.0,1,0,0,Approved
18955,0,all_other,0.1726,178.93,10.09410791,3.27,697,690.0416667,2526.0,32.4,2.0,0,0,0,Review
18956,0,all_other,0.16,105.48,9.998615898,13.2,677,1170.0,1270.0,70.6,4.0,0,0,0,Review
18957,0,all_other,0.1253,281.12,10.81977828,9.53,717,3870.041667,53243.0,71.8,4.0,0,0,0,Approved
18958,0,educational,0.1884,182.89,11.38509209,4.57,687,630.0416667,1897.0,29.2,1.0,0,0,0,Review
18959,0,debt_consolidation,0.1379,170.38,10.1266311,22.18,692,4320.041667,5040.0,45.2,5.0,0,1,0,Review
18960,0,all_other,0.1411,684.58,11.54034606,4.34,727,3750.0,92549.0,51.6,6.0,0,0,0,Approved
18961,0,home_improvement,0.1461,206.86,10.91508846,18.98,717,5254.0,2725.0,38.9,7.0,0,1,0,Approved
18962,0,all_other,0.1474,103.62,9.852194258,2.21,702,815.9583333,915.0,20.3,0.0,0,0,0,Approved
18963,0,all_other,0.1663,88.68,10.48391386,1.51,707,690.0416667,946.0,15.8,0.0,0,0,1,Approved
18964,0,home_improvement,0.1695,342.02,11.21187442,15.24,667,3901.041667,3491.0,64.6,7.0,0,2,0,Review
18965,0,all_other,0.1537,69.7,9.998797732,3.22,702,1050.041667,2503.0,27.5,0.0,0,0,0,Approved
18966,0,all_other,0.1474,66.49,9.287301413,20.33,687,930.0416667,1909.0,14,2.0,0,0,0,Review
18967,0,debt_consolidation,0.1568,700.04,11.87756858,12.61,737,5310.041667,116893.0,62.4,8.0,0,0,0,Approved
18968,0,debt_consolidation,0.1947,332.07,10.48574786,12.27,662,3450.041667,434.0,72.3,7.0,0,0,0,Review
18969,0,debt_consolidation,0.1442,343.83,10.81977828,22.22,702,5070.041667,5558.0,23.9,4.0,0,1,1,Approved
18970,0,debt_consolidation,0.1411,136.92,10.81985828,9.96,677,3330.0,10046.0,77.3,4.0,0,0,0,Review
18971,0,major_purchase,0.1663,99.32,9.61580548,16.48,667,1020.041667,6399.0,50,1.0,0,0,0,Review
18972,0,all_other,0.1695,213.77,10.46310334,4.8,692,840.0,6030.0,27.9,5.0,0,0,0,Review
18973,0,all_other,0.1568,210.01,10.81977828,5.64,742,4350.0,9400.0,25.8,9.0,0,0,0,Approved
18974,0,debt_consolidation,0.1442,375.63,10.6454249,19.29,692,1500.0,2216.0,11.5,4.0,0,0,0,Review
18975,0,small_business,0.1442,240.68,11.51292546,3.18,732,4830.0,15222.0,44.5,6.0,0,0,0,Approved
18976,0,home_improvement,0.0963,513.51,13.01700286,9.66,777,6780.041667,255805.0,20.5,2.0,0,0,0,Approved
18977,0,major_purchase,0.1411,71.89,9.998797732,0,727,870.0,312.0,4.2,3.0,0,0,0,Approved
18978,0,debt_consolidation,0.1505,312.23,10.43399815,16.45,682,2640.0,11614.0,66,6.0,0,0,0,Review
18979,0,educational,0.1284,504.27,10.59663473,22.71,717,7140.0,60267.0,60.6,0.0,0,0,0,Approved
18980,0,credit_card,0.179,216.6,10.81977828,6.6,677,900.0,3433.0,79.8,1.0,0,0,0,Review
18981,0,major_purchase,0.1695,267.21,10.59653473,21.57,672,1079.958333,3132.0,78.3,2.0,0,0,0,Review
18982,0,credit_card,0.1379,302.42,11.37939407,24.99,692,2640.958333,122464.0,87.7,1.0,0,0,0,Review
18983,0,all_other,0.1568,210.01,11.40756495,8.28,667,3719.958333,13841.0,44.9,5.0,1,0,0,Review
18984,0,major_purchase,0.1347,118.73,9.61580548,17.28,727,930.0,0.0,0,0.0,0,0,1,Approved
18985,0,all_other,0.1632,335.48,11.08220409,9.43,712,1919.958333,7081.0,39.1,8.0,0,0,0,Approved
18986,0,debt_consolidation,0.1663,287.31,10.91501573,22.71,667,6071.0,16194.0,84.8,5.0,0,0,1,Review
18987,0,credit_card,0.1221,239.87,10.27505111,15.77,722,5370.0,15557.0,24.5,4.0,0,0,0,Approved
18988,0,small_business,0.1347,376.55,10.96819829,21.27,737,8069.958333,37589.0,72,7.0,0,0,1,Approved
18989,0,all_other,0.1663,336.97,11.12732181,9.25,682,839.9583333,3050.0,24.2,3.0,0,0,0,Review
18990,0,major_purchase,0.16,175.79,11.51292546,22.22,672,4769.958333,37335.0,55.7,6.0,0,0,0,Review
18991,0,debt_consolidation,0.1505,291.41,11.22524339,7.12,687,2010.0,7.0,0.2,5.0,0,0,0,Review
18992,0,credit_card,0.1411,82.15,10.858999,11.28,677,1559.958333,7718.0,65.4,4.0,0,0,0,Review
18993,0,credit_card,0.1537,522.7,11.35035948,4.04,702,9180.958333,12415.0,47.6,7.0,0,0,0,Approved
18994,0,educational,0.1663,177.35,9.852194258,17.68,662,2639.958333,679.0,18.9,6.0,0,0,1,Review
18995,0,major_purchase,0.2011,91.19,9.305650552,3.16,667,570.0,242.0,9.7,6.0,0,0,0,Review
18996,0,all_other,0.1726,35.79,9.903487553,3,682,570.0,1131.0,49.2,0.0,0,0,0,Review
18997,0,all_other,0.1758,170.73,9.61580548,11.68,707,1650.0,0.0,0,9.0,0,0,0,Approved
18998,0,debt_consolidation,0.179,541.5,11.46163217,0.8,687,779.9583333,3118.0,52,3.0,0,0,0,Review
18999,0,all_other,0.1568,280.02,11.39639165,12.08,677,7170.0,22187.0,45.5,6.0,0,0,0,Review
19000,0,debt_consolidation,0.1442,85.96,9.852194258,24,672,2520.0,5475.0,48.8,4.0,0,0,0,Review
19001,0,debt_consolidation,0.179,541.5,11.14186178,17.17,702,5129.958333,608.0,5.7,8.0,0,0,1,Approved
19002,0,debt_consolidation,0.1411,171.15,10.03120068,22.76,717,1080.0,362.0,8.4,2.0,0,0,1,Approved
19003,0,all_other,0.1221,799.56,12.20609265,17.97,722,6720.0,351453.0,95.1,0.0,0,0,1,Approved
19004,0,home_improvement,0.1284,201.71,11.35040654,12.16,707,3600.0,24364.0,63.8,4.0,0,0,0,Approved
19005,0,debt_consolidation,0.1505,503.03,10.07693653,5.75,697,2820.0,3695.0,46.2,6.0,0,1,1,Review
19006,0,all_other,0.1568,350.02,11.87756858,1.26,692,4956.0,11105.0,43.5,7.0,2,0,0,Review
19007,0,all_other,0.1379,340.76,11.13453063,13.82,707,14550.0,56903.0,54.2,5.0,1,0,0,Approved
19008,0,debt_consolidation,0.1347,576.69,10.96280446,22.32,717,3359.958333,4583.0,73.9,5.0,0,0,0,Approved
19009,0,small_business,0.2011,65.14,9.903487553,2.4,667,540.0,806.0,17.1,5.0,0,0,0,Review
19010,0,all_other,0.1411,85.58,10.25765937,7.37,732,779.9583333,0.0,0,0.0,0,0,0,Approved
19011,0,all_other,0.1474,207.23,10.2646524,1.34,707,902.0,1185.0,19.4,1.0,0,0,0,Approved
19012,0,educational,0.1947,184.49,9.210340372,0,682,541.0,0.0,0,0.0,0,0,0,Review
19013,0,all_other,0.1726,53.68,9.586582621,5.27,687,2309.958333,2308.0,69.9,8.0,0,0,0,Review
19014,0,small_business,0.1253,240.96,10.81977828,0.6,717,5010.0,1306.0,14.4,5.0,0,0,0,Approved
19015,0,small_business,0.1916,293.9,10.57704408,13.19,677,869.9583333,634.0,42.3,3.0,0,0,1,Review
19016,0,all_other,0.1632,670.96,10.6359516,17.16,692,1680.0,10022.0,24.7,6.0,0,0,0,Review
19017,0,small_business,0.1284,504.27,11.40756495,4.29,727,6000.0,19601.0,56.2,4.0,0,0,0,Approved
19018,0,small_business,0.1726,715.69,11.35040654,17.08,727,5249.958333,28268.0,53.9,9.0,0,0,1,Approved
19019,0,all_other,0.16,87.9,8.672999643,5.13,672,930.0,727.0,72.7,3.0,0,0,0,Review
19020,0,debt_consolidation,0.1821,184.02,10.08580911,6.85,672,809.9583333,5204.0,86.7,0.0,0,0,0,Review
19021,0,all_other,0.1537,348.47,11.1420067,11.01,687,5370.0,10631.0,35.3,6.0,0,0,0,Review
19022,0,home_improvement,0.1505,520.37,10.66886237,11.58,687,2850.0,4490.0,43.6,4.0,0,0,1,Review
19023,0,small_business,0.1379,425.95,11.15625052,16.73,697,8549.958333,74042.0,41.9,1.0,2,0,0,Review
19024,0,major_purchase,0.1758,898.55,10.91508846,3.56,697,1109.958333,5341.0,24,5.0,0,0,1,Review
19025,0,all_other,0.16,116.02,10.75790288,0.89,662,2669.958333,113.0,8.7,4.0,2,0,0,Review
19026,0,home_improvement,0.1632,352.26,11.57119437,2.9,707,4799.958333,726.0,1,8.0,0,0,0,Approved
19027,0,major_purchase,0.16,175.79,9.952277717,14,682,869.9583333,6348.0,52,2.0,0,0,0,Review
19028,0,credit_card,0.1568,42.01,10.59663473,20.58,662,1440.0,1498.0,78.8,4.0,0,0,0,Review
19029,0,debt_consolidation,0.1347,118.73,10.14643373,24.24,692,2249.958333,2146.0,13.1,4.0,0,0,0,Review
19030,0,all_other,0.08,338.43,11.55214618,16.13,792,8370.0,186072.0,17.9,0.0,0,0,0,Approved
19031,0,debt_consolidation,0.1695,178.14,10.81977828,20.86,667,4829.958333,8652.0,80.1,7.0,1,1,0,Review
19032,0,debt_consolidation,0.1663,514.32,11.35977429,23.01,667,7140.0,22720.0,86.1,4.0,1,0,1,Review
19033,0,small_business,0.1537,871.16,12.03765399,0.61,707,7230.0,4066.0,46.3,4.0,0,1,0,Approved
19034,0,debt_consolidation,0.1474,552.59,11.39863632,3.63,732,5549.958333,15306.0,51.2,7.0,0,0,0,Approved
19035,0,all_other,0.1474,48.36,10.20359214,3.42,682,2880.0,124.0,41.3,5.0,0,0,1,Review
19036,0,debt_consolidation,0.1758,790.73,12.26434155,20.46,667,5249.958333,40604.0,65,4.0,0,0,1,Review
19037,0,all_other,0.0768,262.01,11.8493977,14.2,712,5640.0,164861.0,35.2,0.0,0,0,0,Approved
19038,0,all_other,0.0768,374.29,11.22524339,20.74,727,3090.0,94064.0,57.6,0.0,0,0,0,Approved
19039,0,debt_consolidation,0.1284,251.3,9.952277717,16.17,702,2760.0,27216.0,58.5,0.0,0,0,0,Approved
19040,0,debt_consolidation,0.1442,412.6,11.22524339,15.31,692,5742.0,13084.0,89,4.0,0,1,0,Review
19041,0,all_other,0.1474,34.54,11.03488966,1.49,702,1080.0,1914.0,44.5,0.0,0,0,1,Approved
19042,0,debt_consolidation,0.1442,515.74,11.77535127,12.82,697,4139.958333,20761.0,71.1,5.0,0,0,0,Review
19043,0,small_business,0.2011,735.06,13.30468493,14.39,672,7620.0,952013.0,99,6.0,0,0,0,Review
19044,0,small_business,0.1505,329.57,11.69524702,7.3,672,3150.0,3951.0,16.5,4.0,0,0,0,Review
19045,0,home_improvement,0.1632,127.13,9.798127037,1.13,702,690.0,707.0,17.7,0.0,0,0,0,Approved
19046,0,all_other,0.0737,279.41,10.71441777,15.95,737,5071.0,4964.0,47.7,4.0,0,0,0,Approved
19047,0,all_other,0.1474,518.06,11.22524339,15.49,677,2430.0,7151.0,45,4.0,0,0,0,Review
19048,0,credit_card,0.1347,339.23,11.28978191,14.2,692,4560.0,126402.0,68.9,2.0,0,0,0,Review
19049,0,educational,0.1284,168.09,10.81977828,8.66,737,4169.958333,0.0,0,6.0,0,0,1,Approved
19050,0,all_other,0.2011,130.27,10.81977828,15.65,672,600.0,390.0,26,4.0,0,0,1,Review
19051,0,small_business,0.1663,115.28,8.987196821,6.3,707,660.0,0.0,0,2.0,0,0,0,Approved
19052,0,all_other,0.1695,249.39,10.59653473,11.22,682,1080.0,6246.0,29.4,6.0,0,0,0,Review
19053,0,debt_consolidation,0.1474,259.03,9.903487553,15.54,692,1320.0,3642.0,30.3,5.0,0,0,0,Review
19054,0,all_other,0.1316,185.74,9.952277717,19.2,677,10898.0,9369.0,76.2,4.0,0,0,0,Review
19055,0,small_business,0.1979,370.57,11.90496755,11.58,662,722.0,3823.0,26.3,2.0,0,0,0,Review
19056,0,home_improvement,0.1474,435.17,11.15625052,18.77,687,2130.0,2680.0,11.8,5.0,0,0,0,Review
19057,0,educational,0.0963,224.66,10.1266311,21.36,732,7409.958333,11786.0,60.4,4.0,0,0,0,Approved
19058,0,educational,0.16,70.32,10.1266311,18.72,687,3660.0,3811.0,15.6,8.0,0,0,0,Review
19059,0,all_other,0.1379,204.46,10.59663473,0.3,722,1036.0,1472.0,6.1,1.0,0,0,0,Approved
19060,0,major_purchase,0.1505,180.4,10.12647109,5.95,692,2279.958333,225.0,5,4.0,0,0,0,Review
19061,0,home_improvement,0.1316,149.44,11.26446411,15.83,697,3359.958333,38558.0,64.7,4.0,0,0,0,Review
19062,0,debt_consolidation,0.0963,208.62,10.82774645,14.81,737,3840.0,3633.0,9.1,4.0,0,0,0,Approved
19063,0,debt_consolidation,0.1853,233.08,9.809176873,0.99,667,1050.0,6758.0,90.1,0.0,0,0,0,Review
19064,0,educational,0.2011,186.09,10.96819829,11.01,677,1559.958333,0.0,0,8.0,0,0,0,Review
19065,0,debt_consolidation,0.1347,271.39,11.25161265,7.84,697,3990.0,6700.0,45,4.0,0,0,0,Review
19066,0,debt_consolidation,0.1663,212.82,11.37939407,9.17,662,4529.958333,6155.0,35.1,4.0,0,0,0,Review
19067,0,debt_consolidation,0.1758,74.58,9.903487553,18.36,677,665.0,661.0,44.1,4.0,0,0,1,Review
19068,0,home_improvement,0.1474,863.42,11.69524702,24.18,697,3900.0,311616.0,80.2,3.0,0,0,0,Review
19069,0,small_business,0.1505,131.83,10.55059079,12.19,712,1589.958333,639.0,6.8,5.0,0,0,0,Approved
19070,0,home_improvement,0.1095,147.22,11.06663836,7.52,732,3600.0,1596.0,22.2,4.0,0,0,1,Approved
19071,0,debt_consolidation,0.1284,336.18,10.83958091,20,702,2760.0,10639.0,54.6,5.0,0,0,0,Approved
19072,0,all_other,0.0768,405.48,10.73630972,23.64,712,3240.0,58996.0,55.7,3.0,0,0,1,Approved
19073,0,debt_consolidation,0.1411,246.45,10.4341158,19.91,702,1800.0,4009.0,27.3,7.0,0,0,0,Approved
19074,0,all_other,0.1442,859.57,12.54254488,5.58,737,7890.0,290291.0,,1.0,0,0,0,Approved
19075,0,debt_consolidation,0.1316,185.74,10.59653473,20.79,687,1619.958333,42411.0,67.7,2.0,0,0,0,Review
19076,0,all_other,0.1126,164.32,11.21182037,17.94,717,4290.0,260.0,7.6,4.0,0,1,0,Approved
19077,0,credit_card,0.1284,141.2,10.73639668,18.37,702,1889.958333,2215.0,41.8,5.0,0,0,0,Approved
19078,0,all_other,0.1158,184.88,11.19821472,3.4,712,4079.958333,5266.0,9,4.0,0,0,0,Approved
19079,0,educational,0.1221,266.52,11.31260693,6.03,712,6780.0,11754.0,41,5.0,0,1,0,Approved
19080,0,all_other,0.1347,288.35,10.21464198,20,687,1740.0,8537.0,30.7,5.0,0,0,0,Review
19081,0,educational,0.1316,135.09,9.852194258,24.25,682,1680.0,15360.0,56.5,4.0,0,0,1,Review
19082,0,credit_card,0.1347,220.5,10.13399909,19.44,722,5999.958333,25283.0,99.1,0.0,0,0,0,Approved
19083,0,credit_card,0.1565,160.07,11.15625052,14.31,682,4339.0,82586.0,43.6,2.0,0,0,0,Review
19084,0,all_other,0.1884,146.31,10.86513399,17.16,682,3449.958333,1682.0,39.1,10.0,0,0,0,Review
19085,0,debt_consolidation,0.1442,330.08,11.08214255,17.34,687,6029.958333,10754.0,32.6,5.0,0,0,1,Review
19086,0,debt_consolidation,0.0932,223.63,10.95954023,22.04,737,11819.95833,125743.0,32.9,0.0,0,0,0,Approved
19087,0,all_other,0.16,210.95,10.45966888,15.62,662,2580.0,829.0,69.1,4.0,0,0,1,Review
19088,0,all_other,0.1316,168.86,10.68464561,14.15,677,5370.0,43075.0,70.7,1.0,0,0,1,Review
19089,0,all_other,0.1316,135.09,10.49127422,3.67,677,3870.0,1048.0,49.9,4.0,0,0,0,Review
19090,0,educational,0.1221,333.15,11.15619338,15.82,707,5314.0,107643.0,81,3.0,0,0,0,Approved
19091,0,debt_consolidation,0.1316,540.33,12.67608877,1.72,722,3749.958333,66442.0,93.7,4.0,0,0,0,Approved
19092,0,all_other,0.1316,363.03,11.35040654,7.45,702,7019.958333,16652.0,12.2,4.0,1,0,0,Approved
19093,0,all_other,0.1253,174.03,11.15625052,9.48,692,2790.0,4096.0,48.2,4.0,1,0,0,Review
19094,0,debt_consolidation,0.1442,137.54,10.59663473,22.32,707,7409.958333,12121.0,89.8,7.0,1,0,1,Approved
19095,0,credit_card,0.1095,107.96,11.28616287,23.17,722,4680.0,31890.0,48.1,4.0,0,0,0,Approved
19096,0,all_other,0.1284,268.95,11.21187442,13.83,722,4770.0,4505.0,25.3,5.0,0,0,0,Approved
19097,0,all_other,0.1253,502.0,11.08214255,14.7,722,3510.0,39458.0,38,5.0,0,0,0,Approved
19098,0,small_business,0.1253,361.44,11.35040654,1.37,732,4559.958333,3532.0,18.1,5.0,0,0,0,Approved
19099,0,all_other,0.1158,79.24,10.1266311,19.54,727,3210.0,268.0,26.8,5.0,0,0,0,Approved
19100,0,small_business,0.1442,464.17,11.69524702,23.39,682,6719.958333,107404.0,54.5,4.0,0,0,1,Review
19101,0,debt_consolidation,0.1474,690.74,12.01609788,12.38,682,3990.0,16244.0,59.5,5.0,0,0,1,Review
19102,0,all_other,0.1474,103.62,11.03495418,22.08,662,4919.958333,25277.0,77.8,5.0,0,0,0,Review
19103,0,all_other,0.1379,85.19,10.49127422,19,707,3180.0,8035.0,96.8,5.0,0,0,0,Approved
19104,0,credit_card,0.1347,210.32,11.47210347,7.13,707,5987.958333,12616.0,78.2,5.0,0,0,0,Approved
19105,0,all_other,0.1379,238.53,10.9331784,22.28,732,4740.0,3205.0,47.1,8.0,0,0,0,Approved
19106,0,educational,0.1739,35.85,10.1266311,3.02,672,1422.0,1559.0,97.4,4.0,0,0,0,Review
19107,0,debt_consolidation,0.1411,239.61,10.81977828,21.67,677,6329.958333,60550.0,95.4,3.0,0,0,1,Review
19108,0,debt_consolidation,0.1411,102.69,9.392661929,5.1,672,10289.95833,256.0,4.2,4.0,0,0,0,Review
19109,0,credit_card,0.1442,326.64,10.95080655,15.07,672,4771.0,8333.0,52.7,5.0,0,1,1,Review
19110,0,credit_card,0.1537,167.27,11.23848862,12.77,672,3749.958333,14063.0,68.6,7.0,0,0,1,Review
19111,0,debt_consolidation,0.1253,602.4,11.51292546,3.66,717,4079.958333,12220.0,76.8,5.0,0,0,1,Approved
19112,0,credit_card,0.1253,267.73,10.91508846,16.25,717,5549.958333,55821.0,95.8,0.0,0,0,1,Approved
19113,0,debt_consolidation,0.1253,742.95,11.75981679,20.61,717,8730.0,54294.0,72.4,4.0,0,0,0,Approved
19114,0,educational,0.0768,31.2,11.75978554,14.31,792,6540.0,167381.0,0,0.0,0,0,0,Approved
19115,0,major_purchase,0.1347,220.5,10.57131693,17.69,727,1199.958333,0.0,0,5.0,0,0,0,Approved
19116,0,major_purchase,0.1095,163.57,11.51292546,11.27,727,4926.958333,5572.0,13.9,4.0,0,0,0,Approved
19117,0,educational,0.1347,149.26,10.54534144,19.11,672,4139.958333,2166.0,54.1,4.0,0,0,0,Review
19118,0,debt_consolidation,0.1189,99.5,10.75790288,24.59,702,6659.958333,62265.0,68.5,1.0,0,1,1,Approved
19119,0,educational,0.1189,49.75,10.26548829,16.29,692,3809.958333,5906.0,44.4,4.0,0,0,0,Review
19120,0,small_business,0.1284,336.18,11.53272809,8,707,8700.0,56283.0,80.5,5.0,0,0,0,Approved
19121,0,credit_card,0.1411,684.58,11.31447453,13.21,697,7950.0,30058.0,73.7,5.0,1,1,0,Review
19122,0,debt_consolidation,0.1347,135.7,10.858999,16.71,677,5070.0,11346.0,72.7,5.0,0,0,1,Review
19123,0,debt_consolidation,0.1221,59.97,10.40426284,1.93,687,8280.0,1469.0,22.3,4.0,1,0,0,Review
19124,0,home_improvement,0.1347,488.49,11.54248427,8.63,687,3510.0,6023.0,20.9,4.0,0,0,0,Review
19125,0,home_improvement,0.1221,166.58,11.47210347,6.4,707,6450.0,731.0,14.6,4.0,0,0,1,Approved
19126,0,all_other,0.1158,313.63,11.00209984,7.14,732,3809.958333,5928.0,28.6,5.0,0,0,1,Approved
19127,0,credit_card,0.1158,99.05,10.91508846,7.55,712,11310.0,2245.0,11.5,5.0,0,1,0,Approved
19128,0,educational,0.1158,99.05,9.798127037,22.27,727,1114.0,18517.0,58.8,0.0,0,0,0,Approved
19129,0,all_other,0.1537,69.7,9.61580548,1.28,672,1110.0,1658.0,10.4,5.0,0,0,0,Review
19130,0,debt_consolidation,0.1284,285.76,10.59663473,18.65,707,3210.0,8730.0,79.1,6.0,0,0,0,Approved
19131,0,credit_card,0.1442,773.61,12.3327053,15.11,702,5790.0,229400.0,94.4,0.0,0,0,1,Approved
19132,0,all_other,0.1221,239.87,10.34174248,0.46,722,3510.0,495.0,8.2,5.0,1,0,0,Approved
19133,0,debt_consolidation,0.1442,859.57,11.15625052,14.61,712,5579.958333,32168.0,48.5,4.0,0,0,0,Approved
19134,0,home_improvement,0.1253,40.16,11.60823564,5.05,707,6029.958333,15433.0,39.3,6.0,0,1,0,Approved
19135,0,home_improvement,0.1347,339.23,12.5425306,16.82,702,7290.0,70524.0,48.2,6.0,0,0,0,Approved
19136,0,major_purchase,0.1474,234.85,10.6454249,24.6,672,2759.958333,8348.0,42.2,6.0,0,0,0,Review
19137,0,all_other,0.16,193.37,10.51867319,16.61,667,6359.958333,11049.0,57.5,7.0,0,0,1,Review
19138,0,debt_consolidation,0.1284,168.09,10.30895266,12.8,717,1200.958333,877.0,8.7,5.0,0,0,0,Approved
19139,0,credit_card,0.0963,128.38,11.59906646,24.5,722,7409.958333,139544.0,70.1,1.0,0,0,0,Approved
19140,0,credit_card,0.1189,530.63,11.1124479,21.62,727,5490.0,9998.0,30.3,4.0,0,0,0,Approved
19141,0,debt_consolidation,0.1442,41.26,11.08992755,14.49,672,1740.0,690.0,6.8,6.0,0,0,0,Review
19142,0,debt_consolidation,0.1411,136.92,11.09437512,16.63,687,3479.958333,6685.0,59.2,7.0,0,0,1,Review
19143,0,credit_card,0.1221,199.89,12.3883942,13.13,692,5889.0,394107.0,77.6,0.0,0,0,0,Review
19144,0,all_other,0.1442,68.77,10.27505111,1.61,697,1110.0,1806.0,34.7,6.0,0,0,0,Review
19145,0,all_other,0.1221,199.89,10.81977828,0.79,737,1440.0,2768.0,23.3,4.0,0,0,0,Approved
19146,0,small_business,0.1979,787.46,11.28978191,19.2,692,5639.958333,40407.0,63.5,6.0,0,0,0,Review
19147,0,all_other,0.1442,51.58,11.00209984,13.54,697,4109.958333,25466.0,32.4,4.0,0,0,0,Review
19148,0,all_other,0.16,175.79,10.83368119,5.82,677,3029.958333,49082.0,0,0.0,0,0,1,Review
19149,0,small_business,0.1853,500.74,11.00209984,3.84,677,6511.0,12679.0,33,4.0,2,0,1,Review
19150,0,all_other,0.1411,513.44,12.23442684,23.46,697,13920.0,508961.0,91.7,0.0,0,0,1,Review
19151,0,all_other,0.1284,168.09,10.30895266,13.8,687,3210.0,7880.0,70.8,5.0,0,0,1,Review
19152,0,debt_consolidation,0.1253,368.13,10.89673933,11.36,712,7802.958333,11216.0,20.1,5.0,0,0,0,Approved
19153,0,credit_card,0.1411,470.65,11.56171563,13.97,687,4139.958333,17219.0,94.6,4.0,0,0,0,Review
19154,0,home_improvement,0.1253,803.19,11.55022125,3.79,727,2610.0,10293.0,19,4.0,0,0,1,Approved
19155,0,debt_consolidation,0.1158,330.14,10.71441777,21.87,712,2610.0,9131.0,24.7,4.0,0,0,0,Approved
19156,0,small_business,0.1979,296.46,11.35040654,9.94,692,1800.0,7491.0,29,6.0,0,0,1,Review
19157,0,small_business,0.1158,825.34,12.20607265,4.85,762,14009.95833,276570.0,6,2.0,0,0,0,Approved
19158,0,all_other,0.1821,174.05,10.59563423,13.27,667,2550.0,6395.0,59.2,9.0,0,0,1,Review
19159,0,credit_card,0.1253,836.66,11.42954386,18.43,727,3180.0,40918.0,35.5,4.0,0,0,0,Approved
19160,0,debt_consolidation,0.1284,268.95,10.75790288,14.17,687,3389.958333,9058.0,44.3,4.0,0,0,0,Review
19161,0,debt_consolidation,0.1411,410.75,11.30220443,9.97,672,3270.0,78250.0,54.2,0.0,0,0,0,Review
19162,0,debt_consolidation,0.1411,51.35,10.46321762,6.1,677,1440.0,5247.0,47.1,5.0,0,0,0,Review
19163,0,home_improvement,0.1537,320.59,11.57119437,5.48,692,3192.0,43141.0,62.3,4.0,0,0,0,Review
19164,0,debt_consolidation,0.1505,249.78,10.57131693,18.98,677,2940.0,5125.0,64.1,7.0,1,0,0,Review
19165,0,debt_consolidation,0.1632,423.77,10.71441777,13.6,667,1679.958333,13740.0,89.8,4.0,0,0,1,Review
19166,0,debt_consolidation,0.1758,359.42,11.56171563,15.89,662,3180.0,9705.0,78.9,5.0,0,1,1,Review
19167,0,home_improvement,0.1322,405.61,10.89673933,20.91,697,3371.0,4114.0,36.4,4.0,0,0,0,Review
19168,0,debt_consolidation,0.1632,670.96,11.46163217,20.7,667,7353.0,32218.0,82.6,4.0,2,0,0,Review
19169,0,home_improvement,0.1505,867.29,11.44035477,1.69,737,5944.0,3073.0,10.3,8.0,1,0,1,Approved
19170,0,credit_card,0.1442,343.83,10.57131693,11.91,682,1349.958333,14528.0,53.4,4.0,0,0,0,Review
19171,0,debt_consolidation,0.1442,275.07,10.46310334,8.4,692,5161.0,3037.0,66,7.0,0,1,1,Review
19172,0,home_improvement,0.1253,167.34,10.81977828,15.58,707,2280.0,1464.0,22.5,4.0,2,0,1,Approved
19173,0,major_purchase,0.1322,169.01,11.28978191,11.85,687,3949.958333,2023.0,18.9,4.0,1,0,0,Review
19174,0,debt_consolidation,0.0963,89.87,10.57131693,21.17,717,6930.0,56579.0,34.9,0.0,0,0,1,Approved
19175,0,debt_consolidation,0.1505,173.46,11.58988651,8.2,662,14529.0,8209.0,50,5.0,0,0,0,Review
19176,0,credit_card,0.1505,333.04,11.28978191,24.27,667,4320.0,121352.0,94.2,0.0,0,0,0,Review
19177,0,debt_consolidation,0.1183,497.01,12.1547583,16.26,767,6695.0,273853.0,37.5,5.0,0,0,0,Approved
19178,0,credit_card,0.1411,171.15,10.46310334,16.87,677,3779.958333,2488.0,62.2,5.0,0,0,0,Review
19179,0,debt_consolidation,0.1758,646.96,10.77895629,13.82,677,1890.0,9611.0,93.3,7.0,0,0,0,Review
19180,0,home_improvement,0.1379,545.21,11.63558548,18.34,692,5460.0,10196.0,68,4.0,0,0,0,Review
19181,0,small_business,0.1979,555.86,12.94800999,8.76,682,5009.958333,374487.0,89.6,1.0,0,0,0,Review
19182,0,debt_consolidation,0.1379,153.34,10.98549609,18.83,667,5309.958333,10333.0,77.1,4.0,0,0,0,Review
19183,0,small_business,0.179,252.7,9.942708266,14.08,677,9451.0,30760.0,82.2,2.0,0,0,0,Review
19184,0,all_other,0.1442,103.15,9.392661929,4.7,702,2069.958333,1639.0,21.9,8.0,0,0,0,Approved
19185,0,credit_card,0.16,878.94,12.40901349,17.93,692,5609.958333,181638.0,70.7,6.0,0,0,0,Review
19186,0,major_purchase,0.1284,336.18,12.24047407,3.74,697,5100.0,28454.0,60.3,4.0,0,0,0,Review
19187,0,educational,0.1126,249.77,11.43496392,2.98,727,2789.958333,13810.0,17.3,4.0,0,0,0,Approved
19188,0,all_other,0.1379,109.05,10.95080655,15.16,682,2220.0,249.0,16.6,5.0,0,0,0,Review
19189,0,debt_consolidation,0.1347,364.67,10.23995979,16.54,697,1470.0,8738.0,52,4.0,0,0,1,Review
19190,0,credit_card,0.1461,689.51,11.91839057,16.8,722,6481.958333,41959.0,66.6,7.0,0,0,0,Approved
19191,0,all_other,0.1496,131.66,10.20359214,4.44,702,1353.958333,2885.0,48.1,4.0,0,0,0,Approved
19192,0,debt_consolidation,0.1221,399.78,10.81977828,24.74,737,15089.95833,49025.0,33.7,0.0,0,0,0,Approved
19193,0,debt_consolidation,0.1126,164.32,9.685977478,11.93,717,7020.0,4821.0,32.4,4.0,0,1,0,Approved
19194,0,credit_card,0.1726,143.14,10.30895266,8.96,717,1979.958333,8315.0,27.7,10.0,0,0,0,Approved
19195,0,debt_consolidation,0.1632,367.26,11.09741002,8.87,667,2910.0,13991.0,96.2,4.0,0,0,0,Review
19196,0,debt_consolidation,0.1568,875.04,11.92503512,12.96,717,6300.0,14672.0,97.8,6.0,0,0,1,Approved
19197,0,small_business,0.2011,902.54,11.91839057,15.19,687,3240.0,9943.0,80.8,4.0,0,0,1,Review
19198,0,debt_consolidation,0.1221,319.83,11.48246626,23.72,712,5639.958333,116325.0,3.7,0.0,0,0,0,Approved
19199,0,debt_consolidation,0.1189,348.23,11.06264603,11.2,722,3509.958333,11371.0,54.1,4.0,0,0,0,Approved
19200,0,educational,0.1442,111.75,11.0806029,24.73,682,4289.958333,3777.0,16.2,7.0,0,0,0,Review
19201,0,debt_consolidation,0.1287,336.34,10.81977828,20.69,702,3149.958333,61053.0,40.7,4.0,0,0,0,Approved
19202,0,debt_consolidation,0.1148,417.88,10.63585545,16.07,737,4499.958333,19093.0,43.9,4.0,0,0,1,Approved
19203,0,all_other,0.2017,55.88,10.57131693,17.32,677,1709.958333,1513.0,37.8,10.0,0,0,0,Review
19204,0,debt_consolidation,0.1218,166.5,11.91839057,20.18,702,6900.0,163522.0,85.4,1.0,0,0,1,Approved
19205,0,debt_consolidation,0.1287,465.82,10.6561293,21.14,702,3600.0,42470.0,82.6,2.0,0,0,0,Approved
19206,0,all_other,0.1392,512.06,11.33857208,11.95,702,4649.958333,1635.0,4.6,5.0,0,0,0,Approved
19207,0,educational,0.0859,63.23,10.04324949,5.63,737,3660.0,5563.0,53.5,4.0,0,0,0,Approved
19208,0,debt_consolidation,0.1322,475.75,11.55760242,23.71,692,5910.0,156752.0,79.9,0.0,0,0,0,Review
19209,0,debt_consolidation,0.1982,166.83,10.85892207,23.52,682,4289.958333,5444.0,37.3,10.0,0,0,0,Review
19210,0,credit_card,0.1287,672.67,11.60823564,23.4,717,5430.0,122620.0,0,0.0,0,0,1,Approved
19211,0,debt_consolidation,0.1461,549.88,10.79507567,21.45,687,10252.0,19469.0,34.3,5.0,0,0,0,Review
19212,0,debt_consolidation,0.1183,314.78,10.91508846,13.7,732,5880.0,14676.0,61.7,4.0,0,0,0,Approved
19213,0,debt_consolidation,0.1496,388.04,10.75790288,16.09,687,3907.041667,11005.0,37.2,6.0,0,0,1,Review
19214,0,debt_consolidation,0.1183,331.34,11.27720313,22.98,717,4230.958333,21114.0,80.9,4.0,0,0,0,Approved
19215,0,debt_consolidation,0.1357,244.58,10.54275916,16.31,682,2580.0,2967.0,39,4.0,0,0,0,Review
19216,0,debt_consolidation,0.167,248.51,10.95080655,0.21,672,2071.041667,178.0,8.5,7.0,0,0,0,Review
19217,0,small_business,0.1913,691.27,11.6784399,20.82,682,9719.958333,164324.0,92.3,1.0,2,0,1,Review
19218,0,home_improvement,0.16,263.68,11.45105006,11.53,672,5009.958333,10692.0,41.3,5.0,0,0,0,Review
19219,0,debt_consolidation,0.1426,343.06,11.56171563,15.92,687,5369.958333,28282.0,85.4,5.0,0,0,0,Review
19220,0,educational,0.1704,120.41,10.1266311,22.75,677,1770.0,5521.0,54.7,8.0,0,0,0,Review
19221,0,debt_consolidation,0.1253,669.33,11.39751461,18.36,727,12599.95833,25076.0,57.7,4.0,0,0,0,Approved
19222,0,debt_consolidation,0.1531,348.16,10.6454249,17.45,687,6389.958333,11747.0,49.3,7.0,0,0,1,Review
19223,0,debt_consolidation,0.1565,314.88,10.51856508,16.35,677,5699.958333,9771.0,36.3,6.0,0,0,1,Review
19224,0,debt_consolidation,0.1218,179.82,11.09011072,18.42,712,4529.958333,6638.0,24.8,5.0,0,0,1,Approved
19225,0,debt_consolidation,0.1253,669.33,10.78931908,21.06,727,4259.958333,36089.0,69.4,4.0,0,0,0,Approved
19226,0,major_purchase,0.1253,669.33,11.03488966,6.89,732,5430.0,17079.0,38.3,4.0,0,0,0,Approved
19227,0,home_improvement,0.1739,716.95,11.7829526,17.68,672,4949.958333,27572.0,81.1,4.0,0,0,0,Review
19228,0,all_other,0.1357,169.85,10.6214249,18.53,712,4993.958333,2575.0,7.9,7.0,0,0,0,Approved
19229,0,debt_consolidation,0.1426,171.53,10.55302239,19.99,707,1110.0,682.0,20.1,4.0,0,0,0,Approved
19230,0,small_business,0.1496,623.61,12.61153775,16.76,767,5379.958333,210913.0,0,1.0,0,0,0,Approved
19231,0,all_other,0.1287,201.8,11.3736634,9.09,712,4529.958333,3236.0,29.2,6.0,0,0,0,Approved
19232,0,credit_card,0.1114,403.49,11.35040654,23.1,762,11790.0,190153.0,39.8,4.0,0,0,0,Approved
19233,0,all_other,0.1496,97.01,9.708931458,16.18,677,2131.958333,807.0,23.1,4.0,1,0,1,Review
19234,0,credit_card,0.1461,172.38,10.30226367,20.21,667,4380.0,2986.0,38.8,4.0,0,1,0,Review
19235,0,home_improvement,0.1774,180.11,10.96812932,2.05,687,4949.958333,2401.0,47.1,9.0,1,0,0,Review
19236,0,all_other,0.1531,121.86,11.15619338,17.52,682,1739.958333,1357.0,23,7.0,0,0,0,Review
19237,0,home_improvement,0.1392,170.69,10.46310334,3.22,682,3990.0,412.0,41.2,4.0,0,0,0,Review
19238,0,debt_consolidation,0.1392,682.74,11.46163217,24.97,712,4050.0,120718.0,93.7,0.0,0,0,0,Approved
19239,0,all_other,0.1114,98.42,10.61643736,20.94,732,2580.0,2961.0,12.2,5.0,0,0,0,Approved
19240,0,debt_consolidation,0.1496,692.9,11.22524339,0.98,682,10290.0,9306.0,48,4.0,1,0,0,Review
19241,0,debt_consolidation,0.1392,409.65,10.50506754,18.74,682,3932.958333,7780.0,41.6,4.0,2,0,0,Review
19242,0,all_other,0.1565,41.99,10.59653473,12.33,667,3270.0,18641.0,96.6,4.0,0,0,1,Review
19243,0,debt_consolidation,0.1392,512.06,11.18976142,16.68,697,3839.958333,21063.0,59.2,5.0,0,0,0,Review
19244,0,all_other,0.1843,727.4,11.75587164,1.77,752,4034.0,3765.0,21,10.0,0,0,0,Approved
19245,0,all_other,0.1843,290.96,11.51292546,24.55,672,4529.958333,34474.0,89.8,8.0,0,0,0,Review
19246,0,debt_consolidation,0.1218,199.8,10.6454249,6.54,702,3574.0,9382.0,52.7,4.0,0,0,0,Approved
19247,0,all_other,0.1739,215.09,12.22098096,3.04,687,3479.958333,2474.0,31.7,9.0,0,0,1,Review
19248,0,all_other,0.1531,121.86,11.55218464,19.19,662,5940.0,15357.0,76,5.0,1,0,0,Review
19249,0,home_improvement,0.2052,681.19,13.01700286,14.1,697,3539.958333,27286.0,56.5,10.0,1,0,0,Review
19250,0,small_business,0.1809,542.93,11.26446411,20.42,712,3750.0,20583.0,71.7,7.0,0,0,0,Approved
19251,0,all_other,0.1322,40.57,10.0762637,8.78,682,2160.0,1328.0,83,4.0,1,0,0,Review
19252,0,debt_consolidation,0.1392,512.06,11.98292909,13.47,692,2369.958333,15407.0,42,4.0,0,0,0,Review
19253,0,educational,0.1287,100.9,9.629050707,13.58,712,4891.0,0.0,62.1,7.0,0,0,1,Approved
19254,0,all_other,0.1461,379.23,10.1266311,10.03,677,1860.0,8245.0,33.1,4.0,0,0,1,Review
19255,0,debt_consolidation,0.1183,662.68,11.72212424,19.22,737,8880.0,121874.0,54.1,1.0,0,0,0,Approved
19256,0,debt_consolidation,0.1426,120.08,11.35035948,17.89,672,2910.0,8973.0,68,5.0,0,0,0,Review
19257,0,all_other,0.1148,464.86,10.58354949,14.65,722,5342.958333,87649.0,39.6,2.0,0,0,0,Approved
19258,0,major_purchase,0.1392,238.96,10.30895266,3.6,692,3839.958333,896.0,57.7,4.0,0,0,1,Review
19259,0,home_improvement,0.1392,204.83,9.952277717,7.6,707,1590.0,3775.0,42.4,4.0,0,0,0,Approved
19260,0,small_business,0.1809,723.91,11.18731997,24.13,692,3750.0,2162.0,47,5.0,0,1,1,Review
19261,0,debt_consolidation,0.1461,258.57,11.2515607,12,672,2429.958333,6393.0,24.8,4.0,0,1,0,Review
19262,0,debt_consolidation,0.1496,173.23,10.71441777,20.67,662,6449.958333,109498.0,40.5,0.0,0,0,0,Review
19263,0,debt_consolidation,0.1461,189.62,10.73639668,4.02,722,2910.0,4200.0,23.3,8.0,0,0,0,Approved
19264,0,debt_consolidation,0.2017,745.01,12.3883942,6.46,697,4199.958333,29182.0,97.9,9.0,0,0,0,Review
19265,0,all_other,0.1392,119.48,11.28978191,0.6,702,3479.958333,3312.0,10.4,6.0,0,0,0,Approved
19266,0,debt_consolidation,0.16,369.16,11.45100751,17.8,662,2069.958333,42530.0,84.5,4.0,0,0,0,Review
19267,0,home_improvement,0.1392,409.65,11.28978191,8.36,717,2849.958333,10942.0,13.7,7.0,0,0,0,Approved
19268,0,debt_consolidation,0.16,79.99,11.51292546,24.6,702,5520.0,34070.0,44.5,4.0,0,0,0,Approved
19269,0,debt_consolidation,0.1392,273.1,10.50506754,7.33,722,6900.0,49084.0,98.4,1.0,0,0,0,Approved
19270,0,small_business,0.1739,358.48,12.20607265,10.8,687,4649.958333,191303.0,78.2,5.0,0,0,1,Review
19271,0,debt_consolidation,0.1531,278.53,11.05879518,17.37,667,2313.041667,23600.0,78.9,4.0,0,0,0,Review
19272,0,all_other,0.1287,67.27,11.08980542,4.03,687,3209.958333,2108.0,23.4,5.0,1,0,0,Review
19273,0,debt_consolidation,0.1357,489.15,11.00209984,18.18,692,8670.958333,8927.0,51.9,4.0,0,1,0,Review
19274,0,credit_card,0.1253,435.07,12.48370438,10.06,707,8400.0,229908.0,77.2,1.0,0,0,0,Approved
19275,0,debt_consolidation,0.1531,69.64,11.1844214,21.2,667,4350.0,12236.0,91.3,5.0,0,0,0,Review
19276,0,debt_consolidation,0.1461,172.38,10.89673933,12.38,717,7499.958333,6271.0,98,4.0,0,0,0,Approved
19277,0,debt_consolidation,0.1287,336.34,11.51288546,15.29,707,3060.0,6386.0,24.2,4.0,0,0,0,Approved
19278,0,all_other,0.1183,132.54,10.71441777,1.57,727,10445.95833,49680.0,85.2,1.0,0,0,0,Approved
19279,0,major_purchase,0.1322,243.37,10.82804224,12.62,692,2340.0,1007.0,24,4.0,4,0,0,Review
19280,0,all_other,0.1565,839.67,12.69158046,5.32,682,13590.0,388892.0,6.1,4.0,1,0,1,Review
19281,0,debt_consolidation,0.1565,874.66,11.75978554,21.02,692,8969.958333,115152.0,53.5,4.0,1,0,0,Review
19282,0,debt_consolidation,0.2086,940.14,12.56994115,18.64,682,4589.958333,18406.0,50.8,9.0,0,0,0,Review
19283,0,debt_consolidation,0.1531,174.08,10.49127422,3.23,667,4770.0,2910.0,63.3,4.0,0,0,0,Review
19284,0,home_improvement,0.1253,100.4,11.69524702,3.48,702,7650.0,334.0,5.6,4.0,0,0,0,Approved
19285,0,home_improvement,0.1322,261.96,10.71441777,17.6,702,5309.958333,400.0,3.7,5.0,1,0,1,Approved
19286,0,debt_consolidation,0.1287,141.26,10.08580911,7.15,732,3360.0,9559.0,85.3,4.0,0,0,0,Approved
19287,0,small_business,0.2086,827.33,12.30138283,10.81,667,4860.0,109901.0,66.5,4.0,0,0,1,Review
19288,0,credit_card,0.1357,543.5,12.0076461,6.67,732,9150.0,715.0,1.6,6.0,0,0,0,Approved
19289,0,small_business,0.1982,926.83,11.60823564,16.2,737,12209.95833,144217.0,12,0.0,1,0,1,Approved
19290,0,all_other,0.1287,100.9,10.67581553,14.02,707,4259.958333,1582.0,52.7,4.0,1,0,0,Approved
19291,0,debt_consolidation,0.1704,535.12,11.40756495,20.44,662,6060.958333,8086.0,68.9,5.0,0,0,0,Review
19292,0,debt_consolidation,0.1357,475.56,11.04132055,19.25,707,5940.0,12177.0,75.6,5.0,0,0,1,Approved
19293,0,all_other,0.1287,67.27,9.729134165,6.64,722,3509.958333,992.0,82.7,5.0,0,0,1,Approved
19294,0,all_other,0.1461,103.43,10.49127422,22.13,667,2940.0,37617.0,89.4,0.0,0,0,0,Review
19295,0,home_improvement,0.1426,171.53,11.22251969,9.56,682,10889.95833,2470.0,39.2,6.0,0,1,0,Review
19296,0,all_other,0.1947,405.87,10.81985828,3.17,672,3810.0,409.0,40.9,8.0,0,0,1,Review
19297,0,credit_card,0.1461,258.57,11.45143297,23.88,672,10950.0,56418.0,79.2,4.0,0,0,0,Review
19298,0,debt_consolidation,0.1287,840.83,11.00209984,13.18,732,5699.958333,7262.0,42.7,5.0,0,0,0,Approved
19299,0,debt_consolidation,0.16,527.36,11.46167427,12.04,667,3690.0,17814.0,59.6,4.0,0,0,0,Review
19300,0,all_other,0.1704,713.49,12.86099861,6.18,667,7650.0,162716.0,73.7,1.0,0,0,0,Review
19301,0,debt_consolidation,0.1531,292.45,11.22524339,13.44,677,7169.958333,6837.0,26.7,7.0,0,0,1,Review
19302,0,home_improvement,0.1357,679.37,11.00209984,21.22,712,5039.958333,53483.0,70.9,4.0,0,0,1,Approved
19303,0,debt_consolidation,0.1531,522.23,11.32664408,5.39,677,6029.958333,16034.0,72.2,4.0,0,0,0,Review
19304,0,small_business,0.1843,363.7,11.09741002,9.24,697,9449.958333,5538.0,64.4,7.0,0,1,1,Review
19305,0,credit_card,0.1357,611.44,11.49272276,6.27,702,4289.958333,22910.0,53.3,4.0,1,0,0,Approved
19306,0,debt_consolidation,0.1913,881.3,11.55166529,16.52,672,5485.0,19138.0,88.6,6.0,0,0,0,Review
19307,0,debt_consolidation,0.1183,828.35,12.4292162,15.7,757,7020.0,290341.0,38,0.0,0,0,0,Approved
19308,0,all_other,0.1287,168.17,12.59473064,9.27,692,6330.0,602519.0,68.4,4.0,0,1,0,Review
19309,0,credit_card,0.0894,127.09,11.28978191,15.31,727,5250.0,101713.0,61.8,0.0,0,0,0,Approved
19310,0,debt_consolidation,0.1982,926.83,11.58710486,20.28,687,4320.958333,14858.0,99.1,4.0,0,0,0,Review
19311,0,credit_card,0.16,210.95,10.81977828,13.75,662,3929.958333,10361.0,90.9,4.0,0,0,0,Review
19312,0,credit_card,0.0894,317.72,11.6784399,7.03,737,4319.958333,140420.0,48,0.0,0,0,0,Approved
19313,0,educational,0.1461,861.88,11.69524702,0.24,717,1950.0,402.0,2.7,6.0,0,1,0,Approved
19314,0,debt_consolidation,0.1322,67.61,10.59663473,24.54,677,3720.0,2622.0,24.3,5.0,0,0,0,Review
19315,0,small_business,0.1947,553.45,10.74073508,4.6,752,5069.958333,8808.0,21.2,9.0,0,0,0,Approved
19316,0,debt_consolidation,0.1114,393.65,11.69524702,15.35,737,4979.958333,124185.0,24,1.0,0,0,0,Approved
19317,0,home_improvement,0.1183,256.79,10.73630972,13.31,722,4560.0,7562.0,57.7,4.0,0,0,1,Approved
19318,0,all_other,0.1322,540.81,11.08214255,16.83,707,5699.958333,70715.0,84.6,0.0,0,0,0,Approved
19319,0,debt_consolidation,0.167,568.03,11.91839057,15.7,687,6149.958333,5306.0,96.5,6.0,0,1,0,Review
19320,0,debt_consolidation,0.1322,794.32,10.858999,19.62,717,4319.958333,35682.0,69.2,4.0,0,0,0,Approved
19321,0,debt_consolidation,0.1496,346.45,11.01862914,16.19,672,6360.0,5494.0,83.2,4.0,0,0,0,Review
19322,0,major_purchase,0.1565,279.89,10.91508846,9.21,667,7199.958333,1097.0,39.2,5.0,1,0,0,Review
19323,0,major_purchase,0.1704,178.38,9.903487553,0.6,687,1590.0,539.0,2.4,8.0,1,0,0,Review
19324,0,debt_consolidation,0.16,175.79,11.26070062,22.9,672,3810.0,6632.0,26.8,5.0,0,1,0,Review
19325,0,debt_consolidation,0.1322,169.01,10.26813067,5.46,697,2940.0,1113.0,30.1,4.0,0,0,0,Review
19326,0,debt_consolidation,0.1635,169.58,10.81977828,6.96,732,4531.0,381.0,8.7,9.0,1,0,0,Approved
19327,0,debt_consolidation,0.1287,252.25,10.54323396,15.08,697,3276.0,19216.0,70.9,4.0,0,0,0,Review
19328,0,all_other,0.1461,110.33,10.24131601,21.19,677,3239.958333,1813.0,34.2,6.0,0,0,0,Review
19329,0,small_business,0.2121,94.47,11.37641822,5.21,687,12150.0,52702.0,41.1,6.0,2,0,0,Review
19330,0,debt_consolidation,0.0859,47.42,10.66895539,14.6,727,3360.0,46180.0,78.3,0.0,0,0,0,Approved
19331,0,home_improvement,0.1357,81.53,11.40756495,11.43,692,3179.958333,29381.0,45.1,5.0,0,0,0,Review
19332,0,educational,0.1392,102.42,9.574983486,9.31,687,1202.0,3745.0,64.6,4.0,0,0,0,Review
19333,0,debt_consolidation,0.1913,183.61,10.94199592,22.73,672,4709.958333,0.0,0,9.0,0,0,0,Review
19334,0,debt_consolidation,0.1218,133.2,11.15625052,22.75,697,7860.0,146743.0,52.7,2.0,0,0,1,Review
19335,0,debt_consolidation,0.1287,840.83,10.73639668,17.82,727,10919.95833,50728.0,88.4,2.0,0,0,0,Approved
19336,0,home_improvement,0.1357,169.85,11.12136326,8.77,727,1349.958333,703.0,5.8,4.0,0,0,0,Approved
19337,0,educational,0.0859,237.08,10.96819829,24.66,752,10350.0,152002.0,51.6,3.0,0,0,0,Approved
19338,0,debt_consolidation,0.2052,187.14,12.08953883,0.17,707,4233.958333,444.0,82.8,10.0,0,0,0,Approved
19339,0,debt_consolidation,0.1426,494.01,11.15625052,24.41,687,4679.958333,25515.0,82.3,5.0,0,0,0,Review
19340,0,home_improvement,0.0859,31.62,11.69524702,12.05,807,6149.958333,269726.0,4.3,0.0,0,0,0,Approved
19341,0,all_other,0.1148,276.94,11.47210347,15.16,727,2010.0,5293.0,29.9,4.0,0,0,1,Approved
19342,0,major_purchase,0.1531,69.64,10.30895266,2.56,702,2430.958333,128.0,2.8,8.0,0,0,0,Approved
19343,0,all_other,0.1531,149.71,11.05643019,5.13,672,2700.0,455.0,18.2,6.0,0,1,0,Review
19344,0,debt_consolidation,0.16,852.57,11.5228758,24.84,682,6210.0,117358.0,77.2,2.0,0,0,0,Review
19345,0,credit_card,0.1218,333.0,11.09741002,12.45,712,4890.0,72733.0,81.5,2.0,0,0,1,Approved
19346,0,major_purchase,0.16,281.26,10.85127695,20.26,677,1980.0,1473.0,32.7,7.0,0,0,1,Review
19347,0,debt_consolidation,0.2121,340.06,11.40756495,10.24,682,1452.0,6089.0,45.1,10.0,0,0,0,Review
19348,0,debt_consolidation,0.1843,881.97,12.30138283,16.71,727,8760.0,78724.0,75.8,9.0,0,0,0,Approved
19349,0,home_improvement,0.1774,871.71,11.51292546,0.22,727,5670.0,675.0,4.9,9.0,0,0,0,Approved
19350,0,home_improvement,0.0859,158.06,11.51292546,19.08,737,8609.958333,134842.0,35,2.0,0,0,0,Approved
19351,0,small_business,0.1947,885.52,11.26446411,12.14,682,1799.958333,22161.0,75.9,4.0,0,0,0,Review
19352,0,all_other,0.1461,78.44,10.7254676,19.94,667,10079.95833,21081.0,56.5,5.0,0,0,1,Review
19353,0,all_other,0.1565,87.47,9.878169745,5.29,717,1799.958333,3492.0,99.8,4.0,0,0,0,Approved
19354,0,debt_consolidation,0.1287,538.14,11.58988651,22.31,712,5699.958333,110886.0,42.1,1.0,0,0,0,Approved
19355,0,all_other,0.1496,83.15,10.16585182,19.62,687,1110.0,1388.0,55.5,4.0,0,0,1,Review
19356,0,all_other,0.1287,67.27,10.86696717,10.49,687,3641.0,700.0,15.9,4.0,0,0,0,Review
19357,0,debt_consolidation,0.1565,174.94,10.34415892,23.48,662,1863.041667,2700.0,75,5.0,0,0,0,Review
19358,0,all_other,0.1392,102.42,9.773834344,5.87,732,7199.958333,2979.0,22.1,8.0,0,0,1,Approved
19359,0,debt_consolidation,0.1531,522.23,11.60823564,11.18,697,7619.958333,38352.0,42.8,7.0,0,0,1,Review
19360,0,home_improvement,0.1531,167.12,11.48834585,6.27,662,4860.0,5416.0,67.7,5.0,0,1,0,Review
19361,0,debt_consolidation,0.1565,314.88,10.08580911,10.35,662,2019.041667,7151.0,77.7,4.0,0,0,1,Review
19362,0,major_purchase,0.1287,100.9,11.40756495,1.65,687,3690.0,5227.0,41.2,5.0,0,0,0,Review
19363,0,credit_card,0.167,710.03,11.28978191,23.41,677,9119.958333,81089.0,86.8,0.0,1,2,0,Review
19364,0,small_business,0.16,878.94,11.69524702,20.15,742,8100.0,215175.0,35,4.0,0,0,0,Approved
19365,0,debt_consolidation,0.1774,172.91,9.546812609,9.51,692,1530.041667,0.0,,4.0,0,0,0,Review
19366,0,debt_consolidation,0.16,316.42,11.47626148,16.07,667,5370.0,20916.0,37.2,6.0,0,0,0,Review
19367,0,small_business,0.1878,913.63,11.73606902,18.59,697,15271.0,182893.0,69.7,2.0,0,0,0,Review
19368,0,debt_consolidation,0.1322,219.71,10.77895629,18.25,707,6510.0,10274.0,36.3,6.0,0,1,0,Approved
19369,0,debt_consolidation,0.1392,327.72,11.08214255,13.51,687,5130.041667,4433.0,33.3,4.0,0,1,0,Review
19370,0,all_other,0.0894,111.21,12.69207904,9.73,727,5250.041667,113962.0,74.3,4.0,0,0,0,Approved
19371,0,all_other,0.1392,512.06,11.9511804,19.35,687,10770.04167,149822.0,86.7,0.0,0,0,0,Review
19372,0,major_purchase,0.1357,203.82,9.980448594,3.89,712,2280.041667,3103.0,38.8,5.0,0,0,0,Approved
19373,0,small_business,0.2121,188.93,11.00209984,0.36,662,3660.041667,581.0,12.1,5.0,2,0,0,Review
19374,0,all_other,0.1774,900.53,12.70684793,13.19,732,10380.04167,34731.0,88.5,9.0,0,0,0,Approved
19375,0,all_other,0.1531,139.27,10.55581274,8.34,667,3810.041667,1151.0,9.8,6.0,0,0,0,Review
19376,0,debt_consolidation,0.1148,403.87,11.59945172,12.34,727,3600.0,256757.0,82.7,0.0,0,0,0,Approved
19377,0,debt_consolidation,0.1357,679.37,11.51292546,14.6,707,5790.0,23794.0,62.4,4.0,0,0,0,Approved
19378,0,all_other,0.1531,174.08,11.22364211,8.06,707,1230.041667,2229.0,25.3,5.0,0,0,1,Approved
19379,0,all_other,0.1183,165.67,9.903487553,16.74,717,4350.0,13218.0,40.3,4.0,0,0,0,Approved
19380,0,small_business,0.1878,913.63,11.28978191,11.64,702,5911.041667,33761.0,37.8,4.0,0,0,1,Approved
19381,0,credit_card,0.1287,840.83,11.28978191,11.38,717,5700.041667,111307.0,50.1,0.0,0,0,1,Approved
19382,0,all_other,0.1322,270.41,11.32297488,9.5,732,4170.041667,4751.0,56.6,6.0,0,0,0,Approved
19383,0,debt_consolidation,0.1287,639.04,11.28978191,21.3,722,4410.041667,45444.0,80,4.0,0,0,0,Approved
19384,0,debt_consolidation,0.1322,253.51,10.33136626,16.51,687,2940.041667,4566.0,49.1,4.0,0,0,0,Review
19385,0,all_other,0.1565,139.95,10.63585545,9.95,727,3480.041667,2822.0,28.2,9.0,0,0,1,Approved
19386,0,debt_consolidation,0.1322,371.81,10.77895629,20.38,702,3270.0,23065.0,55.7,5.0,0,0,1,Approved
19387,0,educational,0.1565,188.93,10.61643736,3.71,662,13170.04167,1972.0,42.9,5.0,2,1,0,Review
19388,0,debt_consolidation,0.0859,379.33,12.01370075,10.21,807,8191.041667,198058.0,5.1,0.0,0,0,0,Approved
19389,0,debt_consolidation,0.1287,336.34,10.93310697,16.22,712,6450.0,4421.0,16.1,5.0,0,1,0,Approved
19390,0,debt_consolidation,0.1148,428.59,11.22524339,15.44,732,7170.0,74932.0,34.6,0.0,0,0,0,Approved
19391,0,debt_consolidation,0.1218,59.94,10.37349118,10.31,712,3240.0,1651.0,27.5,5.0,0,0,0,Approved
19392,0,credit_card,0.1843,363.7,11.05089001,15.58,717,5348.041667,18157.0,69.6,10.0,0,0,0,Approved
19393,0,major_purchase,0.1357,254.77,11.04802877,3.38,692,6480.0,5963.0,37.5,5.0,0,0,0,Review
19394,0,small_business,0.1913,918.02,11.14908203,17.56,802,12344.0,190050.0,8,3.0,0,0,1,Approved
19395,0,all_other,0.1704,256.86,12.25486281,17.94,687,7770.041667,37820.0,90.9,8.0,0,0,0,Review
19396,0,credit_card,0.1461,517.13,11.51292546,11.12,682,2580.0,26435.0,88.7,4.0,0,0,0,Review
19397,0,all_other,0.1531,167.12,10.74103806,22.62,662,3510.041667,4619.0,81,5.0,0,0,0,Review
19398,0,all_other,0.1348,678.49,11.06663836,4.29,727,4500.041667,10040.0,38.5,6.0,0,0,0,Approved
19399,0,debt_consolidation,0.1114,32.81,10.97934285,14.62,717,3330.041667,5684.0,26.2,4.0,0,0,0,Approved
19400,0,debt_consolidation,0.1426,411.67,11.40756495,16.4,712,5550.041667,8956.0,61.8,5.0,1,0,0,Approved
19401,0,debt_consolidation,0.1253,481.92,12.61153775,3.76,717,5700.041667,95564.0,82.2,5.0,0,0,1,Approved
19402,0,debt_consolidation,0.1565,209.92,10.858999,22.45,667,6150.0,6740.0,37.7,4.0,0,0,0,Review
19403,0,all_other,0.1357,203.82,11.08214255,8.81,692,3900.0,54.0,3.6,5.0,3,0,0,Review
19404,0,all_other,0.1218,333.0,11.69524702,8.71,717,7590.0,47967.0,73.7,5.0,0,0,0,Approved
19405,0,debt_consolidation,0.1565,848.42,10.62132735,10.86,722,4410.0,12319.0,98.6,4.0,0,0,0,Approved
19406,0,debt_consolidation,0.1426,171.53,10.69194491,8.89,707,5910.041667,996.0,76.6,6.0,0,0,0,Approved
19407,0,debt_consolidation,0.1565,419.84,11.35040654,23.89,692,6000.041667,203525.0,74.2,0.0,0,0,0,Review
19408,0,all_other,0.0774,156.1,12.4874851,11.09,762,3600.0,163772.0,15.5,0.0,0,0,0,Approved
19409,0,home_improvement,0.1531,174.08,10.59663473,21.99,662,5191.041667,25612.0,42.1,4.0,0,0,0,Review
19410,0,debt_consolidation,0.2086,300.85,11.54853389,17.12,667,8903.041667,53338.0,41.3,6.0,1,0,0,Review
19411,0,debt_consolidation,0.1774,900.53,12.56024446,15.12,677,4470.041667,165867.0,81.1,0.0,0,0,0,Review
19412,0,all_other,0.1461,330.97,11.47210347,10.45,682,8220.041667,6193.0,27,4.0,0,0,0,Review
19413,0,all_other,0.1357,407.63,10.90824693,13.77,727,4955.041667,9139.0,49.4,7.0,0,0,0,Approved
19414,0,debt_consolidation,0.1496,346.45,10.71441777,17.79,672,3060.041667,7201.0,82.8,4.0,0,0,0,Review
19415,0,credit_card,0.1287,504.5,11.1844214,18.25,702,3690.041667,74095.0,66.4,1.0,0,0,0,Approved
19416,0,home_improvement,0.1148,725.31,11.47210347,19.98,807,8580.041667,158000.0,0,3.0,0,0,0,Approved
19417,0,credit_card,0.1114,498.62,11.46163217,14.5,762,6780.041667,217827.0,43.5,2.0,0,0,1,Approved
19418,0,debt_consolidation,0.1426,144.09,10.49127422,24.7,682,4116.041667,3527.0,78.4,6.0,0,0,0,Review
19419,0,debt_consolidation,0.1531,208.9,10.71441777,21.95,677,4770.0,11760.0,95.6,4.0,0,0,0,Review
19420,0,credit_card,0.1253,200.8,11.40756495,7.56,697,10440.04167,10721.0,38.6,4.0,0,0,0,Review
19421,0,debt_consolidation,0.1253,836.66,11.53272809,23.74,727,8280.041667,203460.0,60.6,2.0,0,0,0,Approved
19422,0,all_other,0.1461,172.38,10.51867319,6.36,667,11040.04167,4680.0,20.3,4.0,0,0,0,Review
19423,0,home_improvement,0.1739,172.07,11.60823564,13.76,667,5430.0,8957.0,40.3,8.0,0,0,0,Review
19424,0,debt_consolidation,0.1114,328.04,10.30895266,10.52,737,2070.041667,7328.0,21.7,4.0,0,0,1,Approved
19425,0,all_other,0.1253,167.34,11.87756858,8.5,702,3780.041667,172842.0,69.14,2.0,1,0,0,Approved
19426,0,debt_consolidation,0.1426,411.67,10.6454249,9.14,677,6960.0,9154.0,63.5,5.0,0,1,0,Review
19427,0,debt_consolidation,0.1496,415.74,10.65725935,12.42,697,9000.0,5049.0,76.5,7.0,1,0,0,Review
19428,0,credit_card,0.1496,424.41,10.91508846,21.36,672,7800.041667,63433.0,85.4,0.0,1,0,0,Review
19429,0,debt_consolidation,0.1461,517.13,11.3083583,18.2,682,3872.041667,80237.0,93.2,2.0,0,0,0,Review
19430,0,debt_consolidation,0.1148,453.32,10.83958091,21.79,722,3962.0,60656.0,59.1,0.0,0,0,0,Approved
19431,0,debt_consolidation,0.1531,348.16,10.858999,19.48,707,3720.041667,17705.0,67.6,7.0,0,0,0,Approved
19432,0,home_improvement,0.1148,32.97,11.40645322,20.5,732,4590.041667,119702.0,19.1,2.0,0,0,0,Approved
19433,0,debt_consolidation,0.1253,284.47,10.59663473,15.6,702,2250.041667,8690.0,84.4,4.0,0,0,0,Approved
19434,0,all_other,0.1322,331.25,10.46310334,13.06,702,5370.0,5088.0,45.4,5.0,0,0,1,Approved
19435,0,debt_consolidation,0.16,351.58,11.32659589,16.99,677,5730.041667,4723.0,94.5,6.0,0,0,1,Review
19436,0,home_improvement,0.1287,322.88,10.89951325,15.38,712,8523.041667,168334.0,83,1.0,1,0,0,Approved
19437,0,debt_consolidation,0.1392,409.65,11.88448902,23.26,707,5700.041667,141967.0,95.5,1.0,0,0,0,Approved
19438,0,major_purchase,0.1461,124.12,10.23995979,0,692,1530.041667,0.0,0,6.0,0,0,0,Review
19439,0,debt_consolidation,0.1565,332.37,10.71441777,18.72,667,1800.0,7888.0,59.8,5.0,0,1,0,Review
19440,0,educational,0.16,527.36,11.07045918,12.89,672,3330.0,2328.0,59.7,5.0,0,0,0,Review
19441,0,debt_consolidation,0.167,284.02,10.77895629,0.72,712,2910.0,3987.0,99.9,5.0,0,0,0,Approved
19442,0,small_business,0.1565,524.8,11.28978191,17.27,737,5160.041667,8715.0,48.7,5.0,0,0,0,Approved
19443,0,all_other,0.1148,395.63,11.23848862,5.1,737,8880.041667,22158.0,80.3,4.0,0,0,0,Approved
19444,0,debt_consolidation,0.1392,170.69,10.30895266,10.8,702,1320.041667,2050.0,22.3,4.0,0,0,0,Approved
19445,0,all_other,0.1218,299.7,9.980448594,6.17,737,2490.0,989.0,23.5,6.0,0,0,1,Approved
19446,0,debt_consolidation,0.1913,367.21,10.49127422,17.4,682,6630.041667,13650.0,94.8,9.0,0,1,1,Review
19447,0,debt_consolidation,0.1392,682.74,11.60823564,18.57,692,6690.041667,105424.0,69.4,1.0,1,0,0,Review
19448,0,home_improvement,0.1531,87.04,10.32088123,22.81,672,1920.041667,5276.0,85.1,6.0,0,0,0,Review
19449,0,all_other,0.167,177.51,10.49127422,2.67,692,5490.0,2474.0,25.5,8.0,0,0,0,Review
19450,0,all_other,0.16,351.58,11.01862914,8.79,702,5520.0,4715.0,38.3,8.0,0,0,0,Approved
19451,0,debt_consolidation,0.1218,299.7,10.858999,16.25,717,1951.041667,5066.0,36.7,5.0,0,0,0,Approved
19452,0,debt_consolidation,0.1739,716.95,11.56171563,21.58,667,4890.041667,24599.0,64.1,4.0,0,0,0,Review
19453,0,credit_card,0.167,511.22,10.91508846,16.97,712,3196.041667,16553.0,22.4,9.0,0,0,0,Approved
19454,0,debt_consolidation,0.1287,807.2,11.56171563,19.06,717,6780.041667,156798.0,38.3,2.0,0,0,0,Approved
19455,0,home_improvement,0.1426,514.59,11.51292546,9.65,682,3300.0,5516.0,44.1,4.0,0,0,0,Review
19456,0,debt_consolidation,0.16,275.99,10.42228135,17.18,662,1500.0,4339.0,11.6,4.0,0,0,0,Review
19457,0,all_other,0.1218,159.84,11.53272809,17.21,697,5520.0,184938.0,47.3,1.0,0,1,1,Review
19458,0,debt_consolidation,0.1565,586.02,11.40756495,22.09,697,4771.0,26901.0,43.2,7.0,1,0,0,Review
19459,0,home_improvement,0.1739,537.71,10.91508846,5.78,767,12930.04167,13584.0,48.5,9.0,0,0,0,Approved
19460,0,small_business,0.2052,898.27,11.73606902,16.62,762,4231.041667,0.0,0,9.0,0,0,0,Approved
19461,0,debt_consolidation,0.1114,152.54,9.980448594,22.11,722,9720.041667,20037.0,58.1,4.0,1,0,0,Approved
19462,0,all_other,0.0894,444.81,11.22524339,20.18,747,7560.041667,205956.0,32.4,1.0,0,0,0,Approved
19463,0,major_purchase,0.1287,168.17,12.4292162,7.55,697,6270.0,13622.0,47.8,5.0,0,1,0,Review
19464,0,major_purchase,0.1878,146.18,10.49127422,19.2,677,1290.041667,3014.0,55.8,9.0,0,0,0,Review
19465,0,credit_card,0.1148,659.37,11.76998337,17.4,757,8760.0,230420.0,33.8,0.0,0,0,0,Approved
19466,0,all_other,0.0894,54.02,9.655026193,24.15,727,2670.041667,14956.0,35.5,0.0,0,0,0,Approved
19467,0,all_other,0.1287,622.22,11.26061054,18.24,737,7560.041667,116601.0,89.6,2.0,0,0,1,Approved
19468,0,all_other,0.16,87.9,10.18111929,5.82,662,9180.0,1436.0,65.3,6.0,1,0,1,Review
19469,0,educational,0.1461,168.93,10.5789798,2.63,667,3180.041667,3288.0,74.7,5.0,0,0,0,Review
19470,0,all_other,0.1635,379.79,12.07254125,17.74,722,5850.0,71956.0,25.7,4.0,0,0,0,Approved
19471,0,debt_consolidation,0.1496,97.88,10.79020528,13.6,677,3540.041667,914.0,50.8,6.0,0,0,0,Review
19472,0,credit_card,0.167,639.03,11.77528973,19.1,687,3686.0,201583.0,89.2,7.0,1,0,0,Review
19473,0,credit_card,0.1645,176.89,10.73639668,10.75,672,1410.0,6284.0,37.9,6.0,0,0,0,Review
19474,0,all_other,0.1496,138.58,9.92329018,4.76,672,3180.041667,2381.0,37.2,5.0,0,0,1,Review
19475,0,all_other,0.1913,110.17,9.980448594,5.33,672,1890.0,146.0,73,9.0,0,0,0,Review
19476,0,debt_consolidation,0.1496,692.9,12.34583459,10.12,687,4170.041667,13925.0,55.5,5.0,2,0,0,Review
19477,0,debt_consolidation,0.209,526.73,10.91508846,13.81,662,4110.041667,13020.0,33,4.0,0,0,0,Review
19478,0,debt_consolidation,0.1357,254.77,10.53209621,13.02,687,2130.0,9451.0,33.3,4.0,0,0,1,Review
19479,0,all_other,0.1496,225.2,11.69524702,9.66,667,4200.041667,21506.0,84,4.0,0,0,0,Review
19480,0,all_other,0.1496,86.62,11.35040654,11.21,667,2040.041667,11196.0,31.9,5.0,0,0,1,Review
19481,0,all_other,0.1531,167.12,10.95619516,24.39,667,4110.041667,35122.0,91.5,4.0,0,0,0,Review
19482,0,all_other,0.1287,336.34,11.56347598,5.59,732,7320.0,4547.0,68.9,6.0,0,0,0,Approved
19483,0,debt_consolidation,0.1357,339.69,10.37349118,22.95,687,3150.041667,10624.0,62.9,4.0,0,0,0,Review
19484,0,all_other,0.1774,432.26,10.27642947,11.36,682,5671.041667,13328.0,93.9,7.0,0,1,0,Review
19485,0,all_other,0.1774,86.46,10.81977828,12.02,677,5850.0,388.0,24.2,9.0,0,0,0,Review
19486,0,major_purchase,0.1704,231.89,11.15625052,20.81,672,1440.0,7483.0,94.8,6.0,0,0,0,Review
19487,0,all_other,0.1635,211.98,9.798127037,10.6,667,2791.041667,4511.0,63.5,4.0,0,0,0,Review
19488,0,debt_consolidation,0.1357,823.74,12.20607265,14.3,722,5371.041667,155946.0,90.1,0.0,0,0,1,Approved
19489,0,all_other,0.1287,67.27,10.13459927,13.24,682,3330.0,4925.0,40.7,4.0,3,0,0,Review
19490,0,debt_consolidation,0.1461,172.38,10.30895266,4.4,697,1112.0,2972.0,59.4,5.0,0,0,0,Review
19491,0,debt_consolidation,0.1843,727.4,11.65268741,5.25,662,9511.0,14548.0,87.6,4.0,0,1,0,Review
19492,0,small_business,0.1426,514.59,11.28978191,17.86,782,11220.0,235868.0,17.5,0.0,0,0,0,Approved
19493,0,home_improvement,0.1843,436.44,10.37349118,0,667,6905.0,0.0,0,6.0,0,0,1,Review
19494,0,major_purchase,0.1392,136.55,10.34174248,13.24,682,5851.0,577.0,14.1,5.0,2,1,0,Review
19495,0,credit_card,0.1183,480.45,11.40756495,17.81,712,8160.041667,136960.0,55.6,1.0,0,0,0,Approved
19496,0,small_business,0.1531,870.39,11.91839057,22.7,762,6960.0,248480.0,42.4,0.0,0,0,0,Approved
19497,0,small_business,0.1635,169.58,10.56617553,5.35,692,3390.041667,837.0,34.9,4.0,0,0,0,Review
19498,0,all_other,0.1183,331.34,11.08214255,23.54,722,5460.0,28045.0,51.8,5.0,0,0,1,Approved
19499,0,educational,0.1426,267.59,9.878169745,15.45,707,1710.041667,3910.0,38.2,6.0,1,0,1,Approved
19500,0,debt_consolidation,0.1496,554.32,11.15625052,17.06,692,4230.041667,19697.0,88.7,5.0,0,0,0,Review
19501,0,debt_consolidation,0.1218,666.0,11.61728548,11.78,737,5972.041667,28749.0,53.9,4.0,0,0,0,Approved
19502,0,home_improvement,0.1531,87.04,11.91839057,22.82,667,4110.041667,59509.0,85.8,5.0,0,0,0,Review
19503,0,debt_consolidation,0.1392,474.51,11.17605315,24.05,717,3210.041667,2061.0,34.3,7.0,0,0,0,Approved
19504,0,all_other,0.167,461.52,11.61186541,11.7,667,8100.0,4040.0,91.8,5.0,2,1,0,Review
19505,0,debt_consolidation,0.1461,744.67,12.3883942,13.86,697,4470.041667,219250.0,91.8,1.0,0,0,1,Review
19506,0,educational,0.1287,121.08,10.08580911,3.4,707,1380.041667,2650.0,26.2,4.0,0,0,0,Approved
19507,0,debt_consolidation,0.1322,338.01,11.28978191,16.84,697,3570.041667,13948.0,39,4.0,1,0,0,Review
19508,0,debt_consolidation,0.1322,253.51,10.70324447,22.52,702,4530.041667,7202.0,34.5,4.0,0,0,1,Approved
19509,0,debt_consolidation,0.1218,466.2,10.73630972,5.32,727,2280.041667,11781.0,37.8,5.0,0,0,0,Approved
19510,0,all_other,0.1287,67.27,10.08580911,20.45,687,2011.041667,7946.0,78.7,4.0,0,0,0,Review
19511,0,all_other,0.1287,840.83,11.28978191,12.97,732,1890.0,6999.0,29.2,5.0,0,0,0,Approved
19512,0,debt_consolidation,0.1357,679.37,10.30895266,9.44,712,5390.041667,3366.0,14,4.0,0,0,0,Approved
19513,0,all_other,0.1218,199.8,10.40426284,4.51,727,3570.041667,3106.0,25.9,5.0,0,0,0,Approved
19514,0,credit_card,0.1253,384.87,11.00209984,11.56,722,3614.0,25088.0,75.6,5.0,0,0,1,Approved
19515,0,all_other,0.1136,213.93,10.7342204,2.43,702,2070.041667,5319.0,46.7,4.0,0,0,0,Approved
19516,0,all_other,0.1607,281.56,11.22524339,20.56,677,4080.0,21166.0,72.7,7.0,0,0,0,Review
19517,0,debt_consolidation,0.0988,233.53,11.73606902,7.97,727,4350.0,7248.0,40.5,4.0,0,0,0,Approved
19518,0,debt_consolidation,0.1273,671.33,11.22524339,18.74,722,2340.041667,32837.0,64.8,4.0,0,0,0,Approved
19519,0,debt_consolidation,0.1062,390.72,11.58988651,13.68,737,7470.041667,17042.0,46.7,5.0,1,0,0,Approved
19520,0,all_other,0.1719,536.2,11.98292909,19.94,662,4440.0,226936.0,94.7,0.0,0,0,0,Review
19521,0,debt_consolidation,0.1062,398.86,11.15625052,24.27,717,9330.041667,74403.0,68.8,1.0,0,0,0,Approved
19522,0,debt_consolidation,0.1843,691.03,11.12726298,20.12,662,1640.041667,1890.0,19.1,5.0,4,0,0,Review
19523,0,credit_card,0.1533,362.22,11.12726298,24.78,682,3710.0,46338.0,55.5,5.0,0,0,0,Review
19524,0,all_other,0.1422,102.86,10.93310697,24.32,717,4230.041667,6725.0,98.9,5.0,0,0,0,Approved
19525,0,credit_card,0.1947,922.42,11.56171563,19.81,662,3380.041667,20622.0,76.4,5.0,0,0,0,Review
19526,0,all_other,0.1311,134.98,10.29552964,2.35,682,4530.041667,1465.0,34.9,4.0,0,0,0,Review
19527,0,credit_card,0.0788,437.93,11.82041016,15.87,757,6720.041667,232755.0,23,0.0,0,0,0,Approved
19528,0,all_other,0.157,840.26,12.18075484,11.42,702,7290.0,79524.0,92.7,5.0,0,0,0,Approved
19529,0,all_other,0.1062,146.52,10.62132735,7.02,707,8013.0,2282.0,69.2,4.0,0,0,1,Approved
19530,0,debt_consolidation,0.1099,98.21,11.08214255,19.57,687,7350.0,237551.0,36.9,0.0,0,0,0,Review
19531,0,credit_card,0.1099,425.56,11.57119437,16.36,722,7500.041667,22354.0,65.6,4.0,0,0,0,Approved
19532,0,major_purchase,0.2017,149.01,10.59663473,12.39,677,3140.041667,200.0,13.3,10.0,3,0,0,Review
19533,0,debt_consolidation,0.1273,335.67,10.40426284,19.05,702,6480.041667,8853.0,37.5,4.0,0,1,0,Approved
19534,0,debt_consolidation,0.1533,870.71,11.85651517,23.82,707,4800.0,259128.0,94.4,0.0,0,0,0,Approved
19535,0,debt_consolidation,0.1136,625.32,10.98529272,8.95,732,3750.041667,18995.0,62.9,4.0,0,0,0,Approved
19536,0,small_business,0.1496,831.52,12.76568843,11.38,717,8520.041667,1207359.0,56,7.0,0,0,1,Approved
19537,0,small_business,0.1348,542.79,12.61153775,3.12,737,7410.041667,211931.0,10,7.0,2,0,1,Approved
19538,0,debt_consolidation,0.1607,114.38,10.64998591,16.64,672,5910.0,11854.0,71.9,7.0,0,1,0,Review
19539,0,credit_card,0.1422,244.28,11.56171563,0.7,687,7920.041667,505.0,9,6.0,1,0,0,Review
19540,0,small_business,0.1533,870.71,11.8493977,23.81,712,7775.041667,60048.0,80.1,5.0,0,0,0,Approved
19541,0,debt_consolidation,0.1311,192.35,11.00209984,5.72,692,10236.0,2077.0,1.1,4.0,3,0,1,Review
19542,0,debt_consolidation,0.1025,323.85,11.17043516,13.98,732,3750.0,6639.0,43.6,4.0,0,0,0,Approved
19543,0,all_other,0.1348,468.16,10.97287698,15.16,702,3180.041667,14466.0,50.2,5.0,0,0,0,Approved
19544,0,debt_consolidation,0.1311,236.22,10.85707407,13.11,687,3270.0,8076.0,36.1,4.0,0,0,0,Review
19545,0,debt_consolidation,0.1348,271.4,11.19821472,12.44,682,4230.041667,11706.0,34.9,4.0,0,0,0,Review
19546,0,all_other,0.0788,78.21,10.81977828,20.38,732,7410.041667,16150.0,32.6,4.0,0,0,0,Approved
19547,0,debt_consolidation,0.157,262.59,10.66895539,21.35,662,4260.041667,9659.0,84.7,4.0,0,0,0,Review
19548,0,educational,0.1607,147.82,9.862665558,16.19,667,1260.041667,4445.0,53.5,4.0,0,0,1,Review
19549,0,home_improvement,0.1607,87.99,10.77895629,14.2,667,4080.0,1530.0,36.4,7.0,0,0,1,Review
19550,0,home_improvement,0.2164,729.7,11.87756858,8.63,667,8280.041667,55442.0,66.9,9.0,0,1,1,Review
19551,0,all_other,0.1459,137.86,10.08580911,1.15,732,1230.041667,972.0,11.3,5.0,0,0,0,Approved
19552,0,home_improvement,0.1348,508.87,11.73606902,16.85,707,7440.041667,206877.0,92.5,1.0,0,0,1,Approved
19553,0,debt_consolidation,0.1311,337.45,10.69194491,23.62,702,3780.041667,6255.0,56.9,5.0,2,0,0,Approved
19554,0,debt_consolidation,0.1385,545.67,11.77528973,10.8,697,4110.0,197716.0,74.9,4.0,0,0,0,Review
19555,0,small_business,0.1533,870.71,11.84222921,16.16,707,4230.041667,56909.0,49.8,5.0,0,0,0,Approved
19556,0,home_improvement,0.1311,674.9,12.29225034,9.94,717,5730.041667,39576.0,27.7,5.0,0,0,1,Approved
19557,0,debt_consolidation,0.1385,136.42,11.00209984,18.18,677,3423.041667,15301.0,85,4.0,0,0,0,Review
19558,0,credit_card,0.1025,466.35,12.20607265,13.97,722,6120.041667,338935.0,78.3,2.0,0,0,0,Approved
19559,0,debt_consolidation,0.1533,696.57,11.80559508,17.21,682,2790.041667,38578.0,86.9,4.0,0,0,0,Review
19560,0,credit_card,0.1273,688.11,11.31447453,21.13,732,5881.0,35227.0,54.3,5.0,0,0,0,Approved
19561,0,all_other,0.1867,547.36,11.40756495,15.76,667,10050.04167,13255.0,88.4,7.0,0,0,0,Review
19562,0,all_other,0.0788,115.74,10.99909533,10.17,722,4410.0,11586.0,61.6,4.0,0,0,0,Approved
19563,0,debt_consolidation,0.1348,508.87,10.93310697,17.76,717,3870.041667,8760.0,28.2,6.0,0,0,0,Approved
19564,0,debt_consolidation,0.1099,556.5,11.22524339,17.84,727,6840.041667,18753.0,29,4.0,0,0,1,Approved
19565,0,all_other,0.1385,511.56,12.32385568,12.33,687,6420.041667,385489.0,51.2,4.0,0,0,0,Review
19566,0,all_other,0.1459,396.35,10.30895266,21.04,697,3390.0,26117.0,78.4,6.0,0,0,1,Review
19567,0,all_other,0.2164,551.08,11.00209984,24.06,662,1800.0,16441.0,49.8,9.0,0,0,1,Review
19568,zero,all_other,0.1311,101.24,10.96819829,8.23,687,2790.041667,1514.0,13.8,5.0,0,0,0,Review
19569,0,all_other,0.1979,37.06,10.6454249,22.17,667,5916.0,28854.0,59.8,6.0,0,1,0,Review
19570,0,home_improvement,0.1426,823.34,12.4292162,3.62,722,3239.958333,33575.0,83.9,5.0,0,0,1,Approved
19571,0,all_other,0.1671,113.63,10.6454249,28.06,672,3210.041667,25759.0,63.8,5.0,0,0,1,Review
19572,0,all_other,0.1568,161.01,11.22524339,8,677,7230.0,6909.0,29.2,4.0,0,1,1,Review
19573,0,debt_consolidation,0.1565,69.98,10.11047245,7.02,662,8190.041667,2999.0,39.5,6.0,0,0,1,Review
19574,0,all_other,0.1461,344.76,12.18075484,10.39,672,10474.0,215372.0,82.1,2.0,0,0,1,Review
19575,0,all_other,0.1253,257.7,11.14186178,0.21,722,4380.0,184.0,1.1,5.0,0,0,1,Approved
19576,0,debt_consolidation,0.1071,97.81,10.59663473,13.09,687,3450.041667,10036.0,82.9,8.0,0,0,1,Review
19577,0,home_improvement,0.16,351.58,10.81977828,19.18,692,1800.0,0.0,3.2,5.0,0,0,1,Review
19578,0,debt_consolidation,0.1392,853.43,11.26446411,16.28,732,4740.0,37879.0,57,6.0,0,0,1,Approved
